name,description,price,category_name,store_name,ram_gb,text,stock
MSI ROG Strix 13,Ordinateur portable Ryzen 3 4Go RAM SSD 1To ecran Full HD 13 pouces multimedia leger rapide,982.58,informatique,myStore,4,MSI ROG Strix 13 Ordinateur portable Ryzen 3 4Go RAM SSD 1To ecran Full HD 13 pouces multimedia leger rapide,40
NAS 8To WiFi,Disque NAS Transcend 8To WiFi acces distant sauvegarde bureau maison cloud,468.31,stockage,myStore,0,NAS 8To WiFi Disque NAS Transcend 8To WiFi acces distant sauvegarde bureau maison cloud,7
Samsung MatePad 11 6Go/128Go,Tablette Samsung 6Go RAM 128Go ecran haute resolution WiFi Bluetooth multimedia travail,597.85,electronique,myStore,6,Samsung MatePad 11 6Go/128Go Tablette Samsung 6Go RAM 128Go ecran haute resolution WiFi Bluetooth multimedia travail,1
Lenovo Tab M10 6Go/128Go,Tablette Lenovo 6Go RAM 128Go ecran haute resolution WiFi Bluetooth multimedia travail,284.64,electronique,myStore,6,Lenovo Tab M10 6Go/128Go Tablette Lenovo 6Go RAM 128Go ecran haute resolution WiFi Bluetooth multimedia travail,47
Apple Tab P11 3Go/256Go,Tablette Apple 3Go RAM 256Go ecran haute resolution WiFi Bluetooth multimedia travail,402.9,electronique,myStore,3,Apple Tab P11 3Go/256Go Tablette Apple 3Go RAM 256Go ecran haute resolution WiFi Bluetooth multimedia travail,17
Acer Envy 17,Ordinateur portable i5 24Go RAM SSD 256Go ecran Full HD 17 pouces etudiant leger rapide,391.73,informatique,myStore,24,Acer Envy 17 Ordinateur portable i5 24Go RAM SSD 256Go ecran Full HD 17 pouces etudiant leger rapide,15
Galaxy M53 4G 3Go/128Go,Smartphone Samsung AMOLED 3Go RAM 128Go camera 64MP batterie 6000mAh 4G charge rapide Android,868.61,telephone portable,myStore,3,Galaxy M53 4G 3Go/128Go Smartphone Samsung AMOLED 3Go RAM 128Go camera 64MP batterie 6000mAh 4G charge rapide Android,14
Panasonic NanoCell 32 pouces 4K,Television Panasonic NanoCell 32 pouces 4K UHD HDR Smart TV 120Hz WiFi HDMI streaming,2360.6,electronique,myStore,0,Panasonic NanoCell 32 pouces 4K Television Panasonic NanoCell 32 pouces 4K UHD HDR Smart TV 120Hz WiFi HDMI streaming,8
iPhone 12 512Go,Smartphone Apple puce A-series 512Go ecran Super Retina camera avancee Face ID iOS rapide,1082.18,telephone portable,myStore,0,iPhone 12 512Go Smartphone Apple puce A-series 512Go ecran Super Retina camera avancee Face ID iOS rapide,47
NAS 6To WiFi,Disque NAS SanDisk 6To WiFi acces distant sauvegarde bureau maison cloud,371.64,stockage,myStore,0,NAS 6To WiFi Disque NAS SanDisk 6To WiFi acces distant sauvegarde bureau maison cloud,6
Friteuse sans huile 5L,Friteuse sans huile Bosch 5L technologie air chaud 80% moins matiere grasse,215.9,electromenager,myStore,0,Friteuse sans huile 5L Friteuse sans huile Bosch 5L technologie air chaud 80% moins matiere grasse,43
Point acces WiFi Pro,Point acces WiFi Ubiquiti 802.11ax dual-band 1200Mbps PoE entreprise couverture,218.19,reseau,myStore,0,Point acces WiFi Pro Point acces WiFi Ubiquiti 802.11ax dual-band 1200Mbps PoE entreprise couverture,47
Refrigerateur No Frost 500L,Refrigerateur Samsung No Frost 500L Total Cooling inverter A++ economie energie,723.26,electromenager,myStore,0,Refrigerateur No Frost 500L Refrigerateur Samsung No Frost 500L Total Cooling inverter A++ economie energie,34
NAS 6To WiFi,Disque NAS SanDisk 6To WiFi acces distant sauvegarde bureau maison cloud,456.22,stockage,myStore,0,NAS 6To WiFi Disque NAS SanDisk 6To WiFi acces distant sauvegarde bureau maison cloud,5
Hisense ULED 50 pouces 4K,Television Hisense ULED 50 pouces 4K UHD HDR Smart TV 100Hz WiFi HDMI streaming,1329.19,electronique,myStore,0,Hisense ULED 50 pouces 4K Television Hisense ULED 50 pouces 4K UHD HDR Smart TV 100Hz WiFi HDMI streaming,37
Huawei IdeaPad 13,Ordinateur portable Ryzen 5 16Go RAM SSD 128Go ecran Full HD 13 pouces professionnel leger rapide,1272.66,informatique,myStore,16,Huawei IdeaPad 13 Ordinateur portable Ryzen 5 16Go RAM SSD 128Go ecran Full HD 13 pouces professionnel leger rapide,27
Samsung SSD 500Go SATA III,Disque SSD Samsung 500Go SATA III 550Mo/s lecture rapide fiable stockage,124.61,informatique,myStore,0,Samsung SSD 500Go SATA III Disque SSD Samsung 500Go SATA III 550Mo/s lecture rapide fiable stockage,2
Switch 5 ports Gigabit,Switch reseau Cisco 5 ports Gigabit manageable PoE+ entreprise fiable,343.12,reseau,myStore,0,Switch 5 ports Gigabit Switch reseau Cisco 5 ports Gigabit manageable PoE+ entreprise fiable,1
Huawei Swift 16,Ordinateur portable Ryzen 5 32Go RAM SSD 128Go ecran Full HD 16 pouces professionnel leger rapide,1267.29,informatique,myStore,32,Huawei Swift 16 Ordinateur portable Ryzen 5 32Go RAM SSD 128Go ecran Full HD 16 pouces professionnel leger rapide,5
Samsung Swift 14,Ordinateur portable i3 12Go RAM SSD 512Go ecran Full HD 14 pouces multimedia leger rapide,1175.05,informatique,myStore,12,Samsung Swift 14 Ordinateur portable i3 12Go RAM SSD 512Go ecran Full HD 14 pouces multimedia leger rapide,13
Sony GT 2 Pro 4Go/128Go,Smartphone Sony 4Go RAM 128Go camera 64MP batterie 3000mAh AMOLED charge rapide Android,744.06,telephone portable,myStore,4,Sony GT 2 Pro 4Go/128Go Smartphone Sony 4Go RAM 128Go camera 64MP batterie 3000mAh AMOLED charge rapide Android,14
Climatiseur 9000 BTU inverter,Climatiseur LG 9000 BTU inverter A++ WiFi Smart silencieux ecologique R-32,876.51,electromenager,myStore,0,Climatiseur 9000 BTU inverter Climatiseur LG 9000 BTU inverter A++ WiFi Smart silencieux ecologique R-32,32
Kingston SSD 128Go SATA III,Disque SSD Kingston 128Go SATA III 550Mo/s lecture rapide fiable stockage,92.92,informatique,myStore,0,Kingston SSD 128Go SATA III Disque SSD Kingston 128Go SATA III 550Mo/s lecture rapide fiable stockage,38
Dell ProBook 14,Ordinateur portable i7 16Go RAM SSD 128Go ecran Full HD 14 pouces multimedia leger rapide,1278.86,informatique,myStore,16,Dell ProBook 14 Ordinateur portable i7 16Go RAM SSD 128Go ecran Full HD 14 pouces multimedia leger rapide,1
Sony Ecouteurs Bluetooth,Ecouteurs Sony Bluetooth reduction bruit active ANC 8h autonomie qualite sonore premium,28.81,electronique,myStore,0,Sony Ecouteurs Bluetooth Ecouteurs Sony Bluetooth reduction bruit active ANC 8h autonomie qualite sonore premium,35
G.Skill RAM 16Go DDR4 5600MHz,Memoire RAM G.Skill 16Go DDR4 5600MHz compatible Intel AMD gaming overclocking,279.72,informatique,myStore,0,G.Skill RAM 16Go DDR4 5600MHz Memoire RAM G.Skill 16Go DDR4 5600MHz compatible Intel AMD gaming overclocking,12
MicroSD 128Go,Carte microSD Kingston 128Go Class10 A1 V10 rapide smartphone tablette drone,32.76,stockage,myStore,0,MicroSD 128Go Carte microSD Kingston 128Go Class10 A1 V10 rapide smartphone tablette drone,45
Galaxy A53 4G 8Go/256Go,Smartphone Samsung AMOLED 8Go RAM 256Go camera 108MP batterie 4500mAh 4G charge rapide Android,702.25,telephone portable,myStore,8,Galaxy A53 4G 8Go/256Go Smartphone Samsung AMOLED 8Go RAM 256Go camera 108MP batterie 4500mAh 4G charge rapide Android,41
Huawei Swift 13,Ordinateur portable i3 16Go RAM SSD 1To ecran Full HD 13 pouces multimedia leger rapide,1380.09,informatique,myStore,16,Huawei Swift 13 Ordinateur portable i3 16Go RAM SSD 1To ecran Full HD 13 pouces multimedia leger rapide,44
Four micro-ondes 20L,Four micro-ondes Carrier 20L grill combine inox programmes automatiques rapide,122.53,electromenager,myStore,0,Four micro-ondes 20L Four micro-ondes Carrier 20L grill combine inox programmes automatiques rapide,34
Four micro-ondes 28L,Four micro-ondes Samsung 28L grill combine inox programmes automatiques rapide,164.55,electromenager,myStore,0,Four micro-ondes 28L Four micro-ondes Samsung 28L grill combine inox programmes automatiques rapide,26
Samsung QLED 85 pouces 4K,Television Samsung QLED 85 pouces 4K UHD HDR Smart TV 60Hz WiFi HDMI streaming,1030.49,electronique,myStore,0,Samsung QLED 85 pouces 4K Television Samsung QLED 85 pouces 4K UHD HDR Smart TV 60Hz WiFi HDMI streaming,14
Vivo 10 Pro 8Go/32Go,Smartphone Vivo 8Go RAM 32Go camera 200MP batterie 3000mAh AMOLED charge rapide Android,386.51,telephone portable,myStore,8,Vivo 10 Pro 8Go/32Go Smartphone Vivo 8Go RAM 32Go camera 200MP batterie 3000mAh AMOLED charge rapide Android,28
Microsoft ZenBook 13 Gaming,Ordinateur portable gaming Ryzen 3 12Go RAM SSD 256Go RTX 3080 ecran 13 pouces 144Hz performance,879.33,informatique,myStore,12,Microsoft ZenBook 13 Gaming Ordinateur portable gaming Ryzen 3 12Go RAM SSD 256Go RTX 3080 ecran 13 pouces 144Hz performance,37
Aspirateur robot WiFi,Aspirateur robot Midea capteurs laser cartographie WiFi App programmable maison,438.48,electromenager,myStore,0,Aspirateur robot WiFi Aspirateur robot Midea capteurs laser cartographie WiFi App programmable maison,17
JBL Ecouteurs Bluetooth,Ecouteurs JBL Bluetooth reduction bruit active ANC 24h autonomie qualite sonore premium,175.44,electronique,myStore,0,JBL Ecouteurs Bluetooth Ecouteurs JBL Bluetooth reduction bruit active ANC 24h autonomie qualite sonore premium,0
NAS 4To WiFi,Disque NAS Seagate 4To WiFi acces distant sauvegarde bureau maison cloud,198.34,stockage,myStore,0,NAS 4To WiFi Disque NAS Seagate 4To WiFi acces distant sauvegarde bureau maison cloud,48
Switch 16 ports Gigabit,Switch reseau Huawei 16 ports Gigabit manageable PoE+ entreprise fiable,566.63,reseau,myStore,0,Switch 16 ports Gigabit Switch reseau Huawei 16 ports Gigabit manageable PoE+ entreprise fiable,10
Refrigerateur No Frost 200L,Refrigerateur Daikin No Frost 200L Total Cooling inverter A++ economie energie,336.8,electromenager,myStore,0,Refrigerateur No Frost 200L Refrigerateur Daikin No Frost 200L Total Cooling inverter A++ economie energie,44
Mi 12 6Go/64Go,Smartphone Xiaomi MIUI 6Go RAM 64Go camera 48MP batterie 6000mAh charge rapide AMOLED,341.55,telephone portable,myStore,6,Mi 12 6Go/64Go Smartphone Xiaomi MIUI 6Go RAM 64Go camera 48MP batterie 6000mAh charge rapide AMOLED,27
Routeur WiFi 6 1800Mbps,Routeur WiFi 6 Netgear 1800Mbps double bande MU-MIMO 4 antennes rapide securise,113.03,reseau,myStore,0,Routeur WiFi 6 1800Mbps Routeur WiFi 6 Netgear 1800Mbps double bande MU-MIMO 4 antennes rapide securise,21
Lenovo XPS 13,Ordinateur portable i3 32Go RAM SSD 512Go ecran Full HD 13 pouces bureautique leger rapide,963.39,informatique,myStore,32,Lenovo XPS 13 Ordinateur portable i3 32Go RAM SSD 512Go ecran Full HD 13 pouces bureautique leger rapide,17
Sony ULED 43 pouces 4K,Television Sony ULED 43 pouces 4K UHD HDR Smart TV 144Hz WiFi HDMI streaming,1993.39,electronique,myStore,0,Sony ULED 43 pouces 4K Television Sony ULED 43 pouces 4K UHD HDR Smart TV 144Hz WiFi HDMI streaming,9
Huawei Enceinte Bluetooth,Enceinte Huawei Bluetooth reduction bruit active ANC 24h autonomie qualite sonore premium,124.16,electronique,myStore,0,Huawei Enceinte Bluetooth Enceinte Huawei Bluetooth reduction bruit active ANC 24h autonomie qualite sonore premium,13
WD HDD 2To 7200RPM,Disque dur WD 2To 7200RPM SATA III stockage masse donnees multimedia,62.21,informatique,myStore,0,WD HDD 2To 7200RPM Disque dur WD 2To 7200RPM SATA III stockage masse donnees multimedia,48
Hisense QLED 43 pouces 4K,Television Hisense QLED 43 pouces 4K UHD HDR Smart TV 144Hz WiFi HDMI streaming,1608.56,electronique,myStore,0,Hisense QLED 43 pouces 4K Television Hisense QLED 43 pouces 4K UHD HDR Smart TV 144Hz WiFi HDMI streaming,21
Apple Galaxy Tab A8 4Go/128Go,Tablette Apple 4Go RAM 128Go ecran haute resolution WiFi Bluetooth multimedia travail,1103.31,electronique,myStore,4,Apple Galaxy Tab A8 4Go/128Go Tablette Apple 4Go RAM 128Go ecran haute resolution WiFi Bluetooth multimedia travail,6
Xiaomi 12 12Go/256Go,Smartphone Xiaomi MIUI 12Go RAM 256Go camera 48MP batterie 5000mAh charge rapide AMOLED,771.12,telephone portable,myStore,12,Xiaomi 12 12Go/256Go Smartphone Xiaomi MIUI 12Go RAM 256Go camera 48MP batterie 5000mAh charge rapide AMOLED,5
NAS 4To WiFi,Disque NAS SanDisk 4To WiFi acces distant sauvegarde bureau maison cloud,311.16,stockage,myStore,0,NAS 4To WiFi Disque NAS SanDisk 4To WiFi acces distant sauvegarde bureau maison cloud,24
Huawei Envy 15,Ordinateur portable Ryzen 3 12Go RAM SSD 256Go ecran Full HD 15 pouces bureautique leger rapide,961.88,informatique,myStore,12,Huawei Envy 15 Ordinateur portable Ryzen 3 12Go RAM SSD 256Go ecran Full HD 15 pouces bureautique leger rapide,6
MSI ZenBook 13,Ordinateur portable Ryzen 5 8Go RAM SSD 1To ecran Full HD 13 pouces bureautique leger rapide,1223.36,informatique,myStore,8,MSI ZenBook 13 Ordinateur portable Ryzen 5 8Go RAM SSD 1To ecran Full HD 13 pouces bureautique leger rapide,22
Lenovo MatePad 11 8Go/32Go,Tablette Lenovo 8Go RAM 32Go ecran haute resolution WiFi Bluetooth multimedia travail,529.18,electronique,myStore,8,Lenovo MatePad 11 8Go/32Go Tablette Lenovo 8Go RAM 32Go ecran haute resolution WiFi Bluetooth multimedia travail,22
LG Yoga 14,Ordinateur portable Ryzen 3 4Go RAM SSD 512Go ecran Full HD 14 pouces multimedia leger rapide,816.93,informatique,myStore,4,LG Yoga 14 Ordinateur portable Ryzen 3 4Go RAM SSD 512Go ecran Full HD 14 pouces multimedia leger rapide,38
MSI Latitude 13,Ordinateur portable Ryzen 7 12Go RAM SSD 128Go ecran Full HD 13 pouces multimedia leger rapide,731.48,informatique,myStore,12,MSI Latitude 13 Ordinateur portable Ryzen 7 12Go RAM SSD 128Go ecran Full HD 13 pouces multimedia leger rapide,16
Aspirateur robot WiFi,Aspirateur robot Siemens capteurs laser cartographie WiFi App programmable maison,180.51,electromenager,myStore,0,Aspirateur robot WiFi Aspirateur robot Siemens capteurs laser cartographie WiFi App programmable maison,2
Asus ROG Strix 13,Ordinateur portable Ryzen 9 12Go RAM SSD 256Go ecran Full HD 13 pouces professionnel leger rapide,520.62,informatique,myStore,12,Asus ROG Strix 13 Ordinateur portable Ryzen 9 12Go RAM SSD 256Go ecran Full HD 13 pouces professionnel leger rapide,46
Intel Core i7-11700,Processeur Intel i7 8 coeurs 16 threads 4.9GHz gaming puissant,167.69,informatique,myStore,0,Intel Core i7-11700 Processeur Intel i7 8 coeurs 16 threads 4.9GHz gaming puissant,29
Samsung Yoga 13,Ordinateur portable Ryzen 3 4Go RAM SSD 1To ecran Full HD 13 pouces professionnel leger rapide,530.47,informatique,myStore,4,Samsung Yoga 13 Ordinateur portable Ryzen 3 4Go RAM SSD 1To ecran Full HD 13 pouces professionnel leger rapide,34
Dell Legion 14,Ordinateur portable i5 4Go RAM SSD 256Go ecran Full HD 14 pouces etudiant leger rapide,402.25,informatique,myStore,4,Dell Legion 14 Ordinateur portable i5 4Go RAM SSD 256Go ecran Full HD 14 pouces etudiant leger rapide,7
Intel Core i5-12400,Processeur Intel i5 12eme generation 6 coeurs 4.4GHz performance,129.34,informatique,myStore,0,Intel Core i5-12400 Processeur Intel i5 12eme generation 6 coeurs 4.4GHz performance,24
iPhone 14 Pro 512Go,Smartphone Apple puce A-series 512Go ecran Super Retina camera avancee Face ID iOS rapide,1006.25,telephone portable,myStore,0,iPhone 14 Pro 512Go Smartphone Apple puce A-series 512Go ecran Super Retina camera avancee Face ID iOS rapide,5
Machine cafe capsules,Machine cafe Midea capsules pression 19 bars reservoir 1.5L rapide compacte,86.07,electromenager,myStore,0,Machine cafe capsules Machine cafe Midea capsules pression 19 bars reservoir 1.5L rapide compacte,35
Hisense ULED 85 pouces 4K,Television Hisense ULED 85 pouces 4K UHD HDR Smart TV 144Hz WiFi HDMI streaming,1039.84,electronique,myStore,0,Hisense ULED 85 pouces 4K Television Hisense ULED 85 pouces 4K UHD HDR Smart TV 144Hz WiFi HDMI streaming,18
Motorola Xperia 5 IV 6Go/128Go,Smartphone Motorola 6Go RAM 128Go camera 200MP batterie 5000mAh AMOLED charge rapide Android,559.06,telephone portable,myStore,6,Motorola Xperia 5 IV 6Go/128Go Smartphone Motorola 6Go RAM 128Go camera 200MP batterie 5000mAh AMOLED charge rapide Android,40
Huawei iPad 9 6Go/256Go,Tablette Huawei 6Go RAM 256Go ecran haute resolution WiFi Bluetooth multimedia travail,503.96,electronique,myStore,6,Huawei iPad 9 6Go/256Go Tablette Huawei 6Go RAM 256Go ecran haute resolution WiFi Bluetooth multimedia travail,39
Huawei Galaxy Tab S7 4Go/32Go,Tablette Huawei 4Go RAM 32Go ecran haute resolution WiFi Bluetooth multimedia travail,214.54,electronique,myStore,4,Huawei Galaxy Tab S7 4Go/32Go Tablette Huawei 4Go RAM 32Go ecran haute resolution WiFi Bluetooth multimedia travail,23
MSI Modern 14,Ordinateur portable i7 32Go RAM SSD 1To ecran Full HD 14 pouces etudiant leger rapide,1389.84,informatique,myStore,32,MSI Modern 14 Ordinateur portable i7 32Go RAM SSD 1To ecran Full HD 14 pouces etudiant leger rapide,36
Machine cafe capsules,Machine cafe LG capsules pression 19 bars reservoir 1.5L rapide compacte,250.62,electromenager,myStore,0,Machine cafe capsules Machine cafe LG capsules pression 19 bars reservoir 1.5L rapide compacte,12
iPhone 14 Pro 512Go,Smartphone Apple puce A-series 512Go ecran Super Retina camera avancee Face ID iOS rapide,1221.8,telephone portable,myStore,0,iPhone 14 Pro 512Go Smartphone Apple puce A-series 512Go ecran Super Retina camera avancee Face ID iOS rapide,45
Realme Pixel 7 12Go/64Go,Smartphone Realme 12Go RAM 64Go camera 50MP batterie 4000mAh AMOLED charge rapide Android,804.11,telephone portable,myStore,12,Realme Pixel 7 12Go/64Go Smartphone Realme 12Go RAM 64Go camera 50MP batterie 4000mAh AMOLED charge rapide Android,4
LG ULED 75 pouces 4K,Television LG ULED 75 pouces 4K UHD HDR Smart TV 120Hz WiFi HDMI streaming,2212.71,electronique,myStore,0,LG ULED 75 pouces 4K Television LG ULED 75 pouces 4K UHD HDR Smart TV 120Hz WiFi HDMI streaming,2
Disque externe 1To,Disque dur externe Seagate 1To USB 3.0 portable sauvegarde automatique,185.44,stockage,myStore,0,Disque externe 1To Disque dur externe Seagate 1To USB 3.0 portable sauvegarde automatique,42
Realme Galaxy Tab S7 4Go/64Go,Tablette Realme 4Go RAM 64Go ecran haute resolution WiFi Bluetooth multimedia travail,845.3,electronique,myStore,4,Realme Galaxy Tab S7 4Go/64Go Tablette Realme 4Go RAM 64Go ecran haute resolution WiFi Bluetooth multimedia travail,14
Acer ProBook 16,Ordinateur portable Ryzen 7 12Go RAM SSD 128Go ecran Full HD 16 pouces professionnel leger rapide,540.93,informatique,myStore,12,Acer ProBook 16 Ordinateur portable Ryzen 7 12Go RAM SSD 128Go ecran Full HD 16 pouces professionnel leger rapide,49
Lave-vaisselle 9 couverts,Lave-vaisselle Samsung 9 couverts SilencePlus A+++ economie eau energie,538.34,electromenager,myStore,0,Lave-vaisselle 9 couverts Lave-vaisselle Samsung 9 couverts SilencePlus A+++ economie eau energie,18
Carte SD 512Go,Carte memoire WD 512Go UHS-I U3 V30 4K 160Mo/s appareil photo drone,27.32,stockage,myStore,0,Carte SD 512Go Carte memoire WD 512Go UHS-I U3 V30 4K 160Mo/s appareil photo drone,5
MSI TUF Gaming 16,Ordinateur portable Ryzen 7 12Go RAM SSD 256Go ecran Full HD 16 pouces etudiant leger rapide,709.44,informatique,myStore,12,MSI TUF Gaming 16 Ordinateur portable Ryzen 7 12Go RAM SSD 256Go ecran Full HD 16 pouces etudiant leger rapide,14
JBL Enceinte Bluetooth,Enceinte JBL Bluetooth reduction bruit active ANC 24h autonomie qualite sonore premium,80.2,electronique,myStore,0,JBL Enceinte Bluetooth Enceinte JBL Bluetooth reduction bruit active ANC 24h autonomie qualite sonore premium,6
Corsair RAM 4Go DDR5 4800MHz,Memoire RAM Corsair 4Go DDR5 4800MHz compatible Intel AMD gaming overclocking,259.03,informatique,myStore,0,Corsair RAM 4Go DDR5 4800MHz Memoire RAM Corsair 4Go DDR5 4800MHz compatible Intel AMD gaming overclocking,24
Redmi 10 6Go/512Go,Smartphone Xiaomi MIUI 6Go RAM 512Go camera 48MP batterie 5500mAh charge rapide AMOLED,589.51,telephone portable,myStore,6,Redmi 10 6Go/512Go Smartphone Xiaomi MIUI 6Go RAM 512Go camera 48MP batterie 5500mAh charge rapide AMOLED,17
MSI ZenBook 15,Ordinateur portable Ryzen 9 8Go RAM SSD 256Go ecran Full HD 15 pouces etudiant leger rapide,663.42,informatique,myStore,8,MSI ZenBook 15 Ordinateur portable Ryzen 9 8Go RAM SSD 256Go ecran Full HD 15 pouces etudiant leger rapide,29
AMD Ryzen 3 3300X,Processeur AMD Ryzen 3 4 coeurs 8 threads 4.3GHz rapport qualite prix,50.37,informatique,myStore,0,AMD Ryzen 3 3300X Processeur AMD Ryzen 3 4 coeurs 8 threads 4.3GHz rapport qualite prix,40
Bose Enceinte Bluetooth,Enceinte Bose Bluetooth son haute fidelite 8h autonomie qualite sonore premium,388.17,electronique,myStore,0,Bose Enceinte Bluetooth Enceinte Bose Bluetooth son haute fidelite 8h autonomie qualite sonore premium,23
iPhone 12 256Go,Smartphone Apple puce A-series 256Go ecran Super Retina camera avancee Face ID iOS rapide,1984.88,telephone portable,myStore,0,iPhone 12 256Go Smartphone Apple puce A-series 256Go ecran Super Retina camera avancee Face ID iOS rapide,10
Huawei Modern 15,Ordinateur portable i9 8Go RAM SSD 1To ecran Full HD 15 pouces etudiant leger rapide,1375.44,informatique,myStore,8,Huawei Modern 15 Ordinateur portable i9 8Go RAM SSD 1To ecran Full HD 15 pouces etudiant leger rapide,23
Refrigerateur No Frost 350L,Refrigerateur Samsung No Frost 350L Total Cooling inverter A++ economie energie,568.52,electromenager,myStore,0,Refrigerateur No Frost 350L Refrigerateur Samsung No Frost 350L Total Cooling inverter A++ economie energie,22
Samsung Galaxy Tab A8 4Go/32Go,Tablette Samsung 4Go RAM 32Go ecran haute resolution WiFi Bluetooth multimedia travail,651.45,electronique,myStore,4,Samsung Galaxy Tab A8 4Go/32Go Tablette Samsung 4Go RAM 32Go ecran haute resolution WiFi Bluetooth multimedia travail,13
AMD Ryzen 9 5950X,Processeur AMD Ryzen 9 16 coeurs 32 threads 4.9GHz createur contenu,413.94,informatique,myStore,0,AMD Ryzen 9 5950X Processeur AMD Ryzen 9 16 coeurs 32 threads 4.9GHz createur contenu,42
Sony Ecouteurs Bluetooth,Ecouteurs Sony Bluetooth son haute fidelite 12h autonomie qualite sonore premium,196.23,electronique,myStore,0,Sony Ecouteurs Bluetooth Ecouteurs Sony Bluetooth son haute fidelite 12h autonomie qualite sonore premium,17
Marshall Enceinte Bluetooth,Enceinte Marshall Bluetooth reduction bruit active ANC 40h autonomie qualite sonore premium,350.59,electronique,myStore,0,Marshall Enceinte Bluetooth Enceinte Marshall Bluetooth reduction bruit active ANC 40h autonomie qualite sonore premium,44
Galaxy A53 4G 3Go/256Go,Smartphone Samsung AMOLED 3Go RAM 256Go camera 12MP batterie 4500mAh 4G charge rapide Android,429.59,telephone portable,myStore,3,Galaxy A53 4G 3Go/256Go Smartphone Samsung AMOLED 3Go RAM 256Go camera 12MP batterie 4500mAh 4G charge rapide Android,43
Lenovo Yoga 15,Ordinateur portable i3 16Go RAM SSD 128Go ecran Full HD 15 pouces etudiant leger rapide,800.75,informatique,myStore,16,Lenovo Yoga 15 Ordinateur portable i3 16Go RAM SSD 128Go ecran Full HD 15 pouces etudiant leger rapide,41
Sennheiser Enceinte Bluetooth,Enceinte Sennheiser Bluetooth son haute fidelite 24h autonomie qualite sonore premium,233.58,electronique,myStore,0,Sennheiser Enceinte Bluetooth Enceinte Sennheiser Bluetooth son haute fidelite 24h autonomie qualite sonore premium,4
Crucial SSD 1To SATA III,Disque SSD Crucial 1To SATA III 550Mo/s lecture rapide fiable stockage,156.06,informatique,myStore,0,Crucial SSD 1To SATA III Disque SSD Crucial 1To SATA III 550Mo/s lecture rapide fiable stockage,38
Dell ProBook 15,Ordinateur portable i5 32Go RAM SSD 256Go ecran Full HD 15 pouces etudiant leger rapide,1044.24,informatique,myStore,32,Dell ProBook 15 Ordinateur portable i5 32Go RAM SSD 256Go ecran Full HD 15 pouces etudiant leger rapide,40
Huawei Tab M10 6Go/64Go,Tablette Huawei 6Go RAM 64Go ecran haute resolution WiFi Bluetooth multimedia travail,448.17,electronique,myStore,6,Huawei Tab M10 6Go/64Go Tablette Huawei 6Go RAM 64Go ecran haute resolution WiFi Bluetooth multimedia travail,10
WD HDD 2To 5400RPM,Disque dur WD 2To 5400RPM SATA III stockage masse donnees multimedia,99.31,informatique,myStore,0,WD HDD 2To 5400RPM Disque dur WD 2To 5400RPM SATA III stockage masse donnees multimedia,34
Dell ProBook 14,Ordinateur portable i5 32Go RAM SSD 512Go ecran Full HD 14 pouces professionnel leger rapide,702.64,informatique,myStore,32,Dell ProBook 14 Ordinateur portable i5 32Go RAM SSD 512Go ecran Full HD 14 pouces professionnel leger rapide,46
LG Yoga 16,Ordinateur portable Ryzen 5 32Go RAM SSD 512Go ecran Full HD 16 pouces etudiant leger rapide,1383.45,informatique,myStore,32,LG Yoga 16 Ordinateur portable Ryzen 5 32Go RAM SSD 512Go ecran Full HD 16 pouces etudiant leger rapide,15
Redmi 10 3Go/128Go,Smartphone Xiaomi MIUI 3Go RAM 128Go camera 108MP batterie 4000mAh charge rapide AMOLED,171.66,telephone portable,myStore,3,Redmi 10 3Go/128Go Smartphone Xiaomi MIUI 3Go RAM 128Go camera 108MP batterie 4000mAh charge rapide AMOLED,10
Oppo 9 Pro 5G 3Go/256Go,Smartphone Oppo 3Go RAM 256Go camera 108MP batterie 4000mAh AMOLED charge rapide Android,953.83,telephone portable,myStore,3,Oppo 9 Pro 5G 3Go/256Go Smartphone Oppo 3Go RAM 256Go camera 108MP batterie 4000mAh AMOLED charge rapide Android,29
Samsung Latitude 14,Ordinateur portable i7 8Go RAM SSD 256Go ecran Full HD 14 pouces multimedia leger rapide,376.03,informatique,myStore,8,Samsung Latitude 14 Ordinateur portable i7 8Go RAM SSD 256Go ecran Full HD 14 pouces multimedia leger rapide,24
Sony Bravia OLED 50 pouces 4K,Television Sony Bravia OLED 50 pouces 4K UHD HDR Smart TV 120Hz WiFi HDMI streaming,665.34,electronique,myStore,0,Sony Bravia OLED 50 pouces 4K Television Sony Bravia OLED 50 pouces 4K UHD HDR Smart TV 120Hz WiFi HDMI streaming,17
Redmi Note 11 4Go/128Go,Smartphone Xiaomi MIUI 4Go RAM 128Go camera 64MP batterie 4500mAh charge rapide AMOLED,539.03,telephone portable,myStore,4,Redmi Note 11 4Go/128Go Smartphone Xiaomi MIUI 4Go RAM 128Go camera 64MP batterie 4500mAh charge rapide AMOLED,40
Asus ThinkPad 17,Ordinateur portable Ryzen 3 32Go RAM SSD 1To ecran Full HD 17 pouces multimedia leger rapide,730.1,informatique,myStore,32,Asus ThinkPad 17 Ordinateur portable Ryzen 3 32Go RAM SSD 1To ecran Full HD 17 pouces multimedia leger rapide,44
Cle USB 128Go,Cle USB SanDisk 128Go USB 3.0 lecture rapide compact metal design portable,23.8,stockage,myStore,0,Cle USB 128Go Cle USB SanDisk 128Go USB 3.0 lecture rapide compact metal design portable,35
Corsair RAM 32Go DDR5 3200MHz,Memoire RAM Corsair 32Go DDR5 3200MHz compatible Intel AMD gaming overclocking,347.29,informatique,myStore,0,Corsair RAM 32Go DDR5 3200MHz Memoire RAM Corsair 32Go DDR5 3200MHz compatible Intel AMD gaming overclocking,14
Motorola Reno 7 3Go/128Go,Smartphone Motorola 3Go RAM 128Go camera 64MP batterie 6000mAh AMOLED charge rapide Android,369.61,telephone portable,myStore,3,Motorola Reno 7 3Go/128Go Smartphone Motorola 3Go RAM 128Go camera 64MP batterie 6000mAh AMOLED charge rapide Android,43
Sennheiser Ecouteurs Bluetooth,Ecouteurs Sennheiser Bluetooth reduction bruit active ANC 40h autonomie qualite sonore premium,251.74,electronique,myStore,0,Sennheiser Ecouteurs Bluetooth Ecouteurs Sennheiser Bluetooth reduction bruit active ANC 40h autonomie qualite sonore premium,20
Poco X4 6Go/128Go,Smartphone Xiaomi MIUI 6Go RAM 128Go camera 108MP batterie 5500mAh charge rapide AMOLED,584.64,telephone portable,myStore,6,Poco X4 6Go/128Go Smartphone Xiaomi MIUI 6Go RAM 128Go camera 108MP batterie 5500mAh charge rapide AMOLED,49
Samsung Casque Bluetooth,Casque Samsung Bluetooth son haute fidelite 12h autonomie qualite sonore premium,235.85,electronique,myStore,0,Samsung Casque Bluetooth Casque Samsung Bluetooth son haute fidelite 12h autonomie qualite sonore premium,49
Routeur WiFi 6 1800Mbps,Routeur WiFi 6 Cisco 1800Mbps double bande MU-MIMO 4 antennes rapide securise,157.21,reseau,myStore,0,Routeur WiFi 6 1800Mbps Routeur WiFi 6 Cisco 1800Mbps double bande MU-MIMO 4 antennes rapide securise,3
Huawei Enceinte Bluetooth,Enceinte Huawei Bluetooth son haute fidelite 40h autonomie qualite sonore premium,273.36,electronique,myStore,0,Huawei Enceinte Bluetooth Enceinte Huawei Bluetooth son haute fidelite 40h autonomie qualite sonore premium,14
Crucial RAM 4Go DDR4 4800MHz,Memoire RAM Crucial 4Go DDR4 4800MHz compatible Intel AMD gaming overclocking,140.03,informatique,myStore,0,Crucial RAM 4Go DDR4 4800MHz Memoire RAM Crucial 4Go DDR4 4800MHz compatible Intel AMD gaming overclocking,2
Poco X3 12Go/32Go,Smartphone Xiaomi MIUI 12Go RAM 32Go camera 108MP batterie 4500mAh charge rapide AMOLED,434.66,telephone portable,myStore,12,Poco X3 12Go/32Go Smartphone Xiaomi MIUI 12Go RAM 32Go camera 108MP batterie 4500mAh charge rapide AMOLED,20
Samsung Modern 14 Gaming,Ordinateur portable gaming i5 4Go RAM SSD 256Go RTX 3070 ecran 14 pouces 144Hz performance,1922.82,informatique,myStore,4,Samsung Modern 14 Gaming Ordinateur portable gaming i5 4Go RAM SSD 256Go RTX 3070 ecran 14 pouces 144Hz performance,25
Huawei Pad 5 3Go/64Go,Tablette Huawei 3Go RAM 64Go ecran haute resolution WiFi Bluetooth multimedia travail,174.42,electronique,myStore,3,Huawei Pad 5 3Go/64Go Tablette Huawei 3Go RAM 64Go ecran haute resolution WiFi Bluetooth multimedia travail,17
Realme Nord 2T 12Go/256Go,Smartphone Realme 12Go RAM 256Go camera 200MP batterie 5500mAh AMOLED charge rapide Android,170.41,telephone portable,myStore,12,Realme Nord 2T 12Go/256Go Smartphone Realme 12Go RAM 256Go camera 200MP batterie 5500mAh AMOLED charge rapide Android,4
Samsung Casque Bluetooth,Casque Samsung Bluetooth reduction bruit active ANC 12h autonomie qualite sonore premium,30.15,electronique,myStore,0,Samsung Casque Bluetooth Casque Samsung Bluetooth reduction bruit active ANC 12h autonomie qualite sonore premium,13
Refrigerateur No Frost 350L,Refrigerateur Daikin No Frost 350L Total Cooling inverter A++ economie energie,560.93,electromenager,myStore,0,Refrigerateur No Frost 350L Refrigerateur Daikin No Frost 350L Total Cooling inverter A++ economie energie,36
Galaxy S23 4G 3Go/128Go,Smartphone Samsung AMOLED 3Go RAM 128Go camera 108MP batterie 4000mAh 4G charge rapide Android,505.06,telephone portable,myStore,3,Galaxy S23 4G 3Go/128Go Smartphone Samsung AMOLED 3Go RAM 128Go camera 108MP batterie 4000mAh 4G charge rapide Android,45
Microsoft Pavilion 14,Ordinateur portable i7 32Go RAM SSD 1To ecran Full HD 14 pouces multimedia leger rapide,1197.87,informatique,myStore,32,Microsoft Pavilion 14 Ordinateur portable i7 32Go RAM SSD 1To ecran Full HD 14 pouces multimedia leger rapide,20
G.Skill RAM 8Go DDR5 3600MHz,Memoire RAM G.Skill 8Go DDR5 3600MHz compatible Intel AMD gaming overclocking,231.0,informatique,myStore,0,G.Skill RAM 8Go DDR5 3600MHz Memoire RAM G.Skill 8Go DDR5 3600MHz compatible Intel AMD gaming overclocking,13
AMD Ryzen 3 3300X,Processeur AMD Ryzen 3 4 coeurs 8 threads 4.3GHz rapport qualite prix,58.28,informatique,myStore,0,AMD Ryzen 3 3300X Processeur AMD Ryzen 3 4 coeurs 8 threads 4.3GHz rapport qualite prix,41
iPhone 12 128Go,Smartphone Apple puce A-series 128Go ecran Super Retina camera avancee Face ID iOS rapide,1957.58,telephone portable,myStore,0,iPhone 12 128Go Smartphone Apple puce A-series 128Go ecran Super Retina camera avancee Face ID iOS rapide,31
Lenovo Aspire 16,Ordinateur portable Ryzen 9 12Go RAM SSD 256Go ecran Full HD 16 pouces etudiant leger rapide,1319.26,informatique,myStore,12,Lenovo Aspire 16 Ordinateur portable Ryzen 9 12Go RAM SSD 256Go ecran Full HD 16 pouces etudiant leger rapide,25
MicroSD 128Go,Carte microSD Kingston 128Go Class10 A1 V10 rapide smartphone tablette drone,6.11,stockage,myStore,0,MicroSD 128Go Carte microSD Kingston 128Go Class10 A1 V10 rapide smartphone tablette drone,41
Mi 12 12Go/32Go,Smartphone Xiaomi MIUI 12Go RAM 32Go camera 108MP batterie 3000mAh charge rapide AMOLED,527.69,telephone portable,myStore,12,Mi 12 12Go/32Go Smartphone Xiaomi MIUI 12Go RAM 32Go camera 108MP batterie 3000mAh charge rapide AMOLED,29
Dell ROG Strix 14,Ordinateur portable i9 8Go RAM SSD 512Go ecran Full HD 14 pouces etudiant leger rapide,1351.17,informatique,myStore,8,Dell ROG Strix 14 Ordinateur portable i9 8Go RAM SSD 512Go ecran Full HD 14 pouces etudiant leger rapide,9
JBL Casque Bluetooth,Casque JBL Bluetooth reduction bruit active ANC 24h autonomie qualite sonore premium,281.53,electronique,myStore,0,JBL Casque Bluetooth Casque JBL Bluetooth reduction bruit active ANC 24h autonomie qualite sonore premium,16
WD HDD 2To 5400RPM,Disque dur WD 2To 5400RPM SATA III stockage masse donnees multimedia,172.81,informatique,myStore,0,WD HDD 2To 5400RPM Disque dur WD 2To 5400RPM SATA III stockage masse donnees multimedia,8
Lave-vaisselle 9 couverts,Lave-vaisselle Bosch 9 couverts SilencePlus A+++ economie eau energie,518.69,electromenager,myStore,0,Lave-vaisselle 9 couverts Lave-vaisselle Bosch 9 couverts SilencePlus A+++ economie eau energie,15
Huawei ThinkPad 16,Ordinateur portable i5 16Go RAM SSD 256Go ecran Full HD 16 pouces etudiant leger rapide,1387.29,informatique,myStore,16,Huawei ThinkPad 16 Ordinateur portable i5 16Go RAM SSD 256Go ecran Full HD 16 pouces etudiant leger rapide,47
Sony ULED 50 pouces 4K,Television Sony ULED 50 pouces 4K UHD HDR Smart TV 60Hz WiFi HDMI streaming,627.31,electronique,myStore,0,Sony ULED 50 pouces 4K Television Sony ULED 50 pouces 4K UHD HDR Smart TV 60Hz WiFi HDMI streaming,35
Friteuse sans huile 7L,Friteuse sans huile Bosch 7L technologie air chaud 80% moins matiere grasse,196.49,electromenager,myStore,0,Friteuse sans huile 7L Friteuse sans huile Bosch 7L technologie air chaud 80% moins matiere grasse,34
NAS 6To WiFi,Disque NAS Toshiba 6To WiFi acces distant sauvegarde bureau maison cloud,438.58,stockage,myStore,0,NAS 6To WiFi Disque NAS Toshiba 6To WiFi acces distant sauvegarde bureau maison cloud,16
Apple Enceinte Bluetooth,Enceinte Apple Bluetooth son haute fidelite 24h autonomie qualite sonore premium,115.7,electronique,myStore,0,Apple Enceinte Bluetooth Enceinte Apple Bluetooth son haute fidelite 24h autonomie qualite sonore premium,47
Panasonic OLED 40 pouces 4K,Television Panasonic OLED 40 pouces 4K UHD HDR Smart TV 144Hz WiFi HDMI streaming,1554.05,electronique,myStore,0,Panasonic OLED 40 pouces 4K Television Panasonic OLED 40 pouces 4K UHD HDR Smart TV 144Hz WiFi HDMI streaming,37
Samsung TUF Gaming 14,Ordinateur portable Ryzen 7 16Go RAM SSD 128Go ecran Full HD 14 pouces professionnel leger rapide,1024.46,informatique,myStore,16,Samsung TUF Gaming 14 Ordinateur portable Ryzen 7 16Go RAM SSD 128Go ecran Full HD 14 pouces professionnel leger rapide,27
Point acces WiFi Pro,Point acces WiFi Asus 802.11ax dual-band 1200Mbps PoE entreprise couverture,401.31,reseau,myStore,0,Point acces WiFi Pro Point acces WiFi Asus 802.11ax dual-band 1200Mbps PoE entreprise couverture,37
Philips Neo QLED 65 pouces 4K,Television Philips Neo QLED 65 pouces 4K UHD HDR Smart TV 60Hz WiFi HDMI streaming,1447.64,electronique,myStore,0,Philips Neo QLED 65 pouces 4K Television Philips Neo QLED 65 pouces 4K UHD HDR Smart TV 60Hz WiFi HDMI streaming,25
Oppo 10 Pro 12Go/32Go,Smartphone Oppo 12Go RAM 32Go camera 48MP batterie 5500mAh AMOLED charge rapide Android,1093.74,telephone portable,myStore,12,Oppo 10 Pro 12Go/32Go Smartphone Oppo 12Go RAM 32Go camera 48MP batterie 5500mAh AMOLED charge rapide Android,23
Refrigerateur No Frost 450L,Refrigerateur Daikin No Frost 450L Total Cooling inverter A++ economie energie,400.98,electromenager,myStore,0,Refrigerateur No Frost 450L Refrigerateur Daikin No Frost 450L Total Cooling inverter A++ economie energie,14
LG OLED 55 pouces 4K,Television LG OLED 55 pouces 4K UHD HDR Smart TV 120Hz WiFi HDMI streaming,1128.83,electronique,myStore,0,LG OLED 55 pouces 4K Television LG OLED 55 pouces 4K UHD HDR Smart TV 120Hz WiFi HDMI streaming,8
Lenovo ProBook 16,Ordinateur portable i7 24Go RAM SSD 1To ecran Full HD 16 pouces etudiant leger rapide,410.62,informatique,myStore,24,Lenovo ProBook 16 Ordinateur portable i7 24Go RAM SSD 1To ecran Full HD 16 pouces etudiant leger rapide,32
Anker Ecouteurs Bluetooth,Ecouteurs Anker Bluetooth reduction bruit active ANC 24h autonomie qualite sonore premium,307.93,electronique,myStore,0,Anker Ecouteurs Bluetooth Ecouteurs Anker Bluetooth reduction bruit active ANC 24h autonomie qualite sonore premium,31
Four micro-ondes 25L,Four micro-ondes Whirlpool 25L grill combine inox programmes automatiques rapide,203.93,electromenager,myStore,0,Four micro-ondes 25L Four micro-ondes Whirlpool 25L grill combine inox programmes automatiques rapide,5
Marshall Ecouteurs Bluetooth,Ecouteurs Marshall Bluetooth reduction bruit active ANC 40h autonomie qualite sonore premium,133.32,electronique,myStore,0,Marshall Ecouteurs Bluetooth Ecouteurs Marshall Bluetooth reduction bruit active ANC 40h autonomie qualite sonore premium,48
Repeteur WiFi 750Mbps,Repeteur WiFi Ubiquiti 750Mbps double bande port Gigabit facile installer,39.38,reseau,myStore,0,Repeteur WiFi 750Mbps Repeteur WiFi Ubiquiti 750Mbps double bande port Gigabit facile installer,3
Dell Legion 15,Ordinateur portable Ryzen 7 32Go RAM SSD 128Go ecran Full HD 15 pouces etudiant leger rapide,749.01,informatique,myStore,32,Dell Legion 15 Ordinateur portable Ryzen 7 32Go RAM SSD 128Go ecran Full HD 15 pouces etudiant leger rapide,7
Seagate SSD 256Go NVMe M.2,Disque SSD Seagate 256Go NVMe M.2 3500Mo/s lecture rapide fiable stockage,134.17,informatique,myStore,0,Seagate SSD 256Go NVMe M.2 Disque SSD Seagate 256Go NVMe M.2 3500Mo/s lecture rapide fiable stockage,9
Kingston RAM 64Go DDR4 4800MHz,Memoire RAM Kingston 64Go DDR4 4800MHz compatible Intel AMD gaming overclocking,249.96,informatique,myStore,0,Kingston RAM 64Go DDR4 4800MHz Memoire RAM Kingston 64Go DDR4 4800MHz compatible Intel AMD gaming overclocking,40
Galaxy M53 5G 4Go/64Go,Smartphone Samsung AMOLED 4Go RAM 64Go camera 200MP batterie 4500mAh 5G charge rapide Android,265.69,telephone portable,myStore,4,Galaxy M53 5G 4Go/64Go Smartphone Samsung AMOLED 4Go RAM 64Go camera 200MP batterie 4500mAh 5G charge rapide Android,10
MicroSD 256Go,Carte microSD WD 256Go Class10 A1 V10 rapide smartphone tablette drone,40.84,stockage,myStore,0,MicroSD 256Go Carte microSD WD 256Go Class10 A1 V10 rapide smartphone tablette drone,50
Galaxy A23 5G 6Go/256Go,Smartphone Samsung AMOLED 6Go RAM 256Go camera 64MP batterie 5000mAh 5G charge rapide Android,222.98,telephone portable,myStore,6,Galaxy A23 5G 6Go/256Go Smartphone Samsung AMOLED 6Go RAM 256Go camera 64MP batterie 5000mAh 5G charge rapide Android,43
Switch 8 ports Gigabit,Switch reseau Cisco 8 ports Gigabit manageable PoE+ entreprise fiable,143.99,reseau,myStore,0,Switch 8 ports Gigabit Switch reseau Cisco 8 ports Gigabit manageable PoE+ entreprise fiable,27
Samsung Legion 14,Ordinateur portable Ryzen 3 4Go RAM SSD 128Go ecran Full HD 14 pouces etudiant leger rapide,966.48,informatique,myStore,4,Samsung Legion 14 Ordinateur portable Ryzen 3 4Go RAM SSD 128Go ecran Full HD 14 pouces etudiant leger rapide,38
TCL Bravia OLED 85 pouces 4K,Television TCL Bravia OLED 85 pouces 4K UHD HDR Smart TV 120Hz WiFi HDMI streaming,936.11,electronique,myStore,0,TCL Bravia OLED 85 pouces 4K Television TCL Bravia OLED 85 pouces 4K UHD HDR Smart TV 120Hz WiFi HDMI streaming,4
iPhone 12 128Go,Smartphone Apple puce A-series 128Go ecran Super Retina camera avancee Face ID iOS rapide,1008.46,telephone portable,myStore,0,iPhone 12 128Go Smartphone Apple puce A-series 128Go ecran Super Retina camera avancee Face ID iOS rapide,24
Realme Galaxy Tab S8 6Go/128Go,Tablette Realme 6Go RAM 128Go ecran haute resolution WiFi Bluetooth multimedia travail,210.21,electronique,myStore,6,Realme Galaxy Tab S8 6Go/128Go Tablette Realme 6Go RAM 128Go ecran haute resolution WiFi Bluetooth multimedia travail,24
Repeteur WiFi 1800Mbps,Repeteur WiFi Asus 1800Mbps double bande port Gigabit facile installer,67.46,reseau,myStore,0,Repeteur WiFi 1800Mbps Repeteur WiFi Asus 1800Mbps double bande port Gigabit facile installer,38
Apple Casque Bluetooth,Casque Apple Bluetooth son haute fidelite 12h autonomie qualite sonore premium,298.52,electronique,myStore,0,Apple Casque Bluetooth Casque Apple Bluetooth son haute fidelite 12h autonomie qualite sonore premium,29
Apple Casque Bluetooth,Casque Apple Bluetooth son haute fidelite 30h autonomie qualite sonore premium,88.28,electronique,myStore,0,Apple Casque Bluetooth Casque Apple Bluetooth son haute fidelite 30h autonomie qualite sonore premium,33
iPhone SE 2022 512Go,Smartphone Apple puce A-series 512Go ecran Super Retina camera avancee Face ID iOS rapide,1132.18,telephone portable,myStore,0,iPhone SE 2022 512Go Smartphone Apple puce A-series 512Go ecran Super Retina camera avancee Face ID iOS rapide,16
Climatiseur 24000 BTU inverter,Climatiseur Ariston 24000 BTU inverter A++ WiFi Smart silencieux ecologique R-32,342.27,electromenager,myStore,0,Climatiseur 24000 BTU inverter Climatiseur Ariston 24000 BTU inverter A++ WiFi Smart silencieux ecologique R-32,35
Switch 24 ports Gigabit,Switch reseau Cisco 24 ports Gigabit manageable PoE+ entreprise fiable,313.43,reseau,myStore,0,Switch 24 ports Gigabit Switch reseau Cisco 24 ports Gigabit manageable PoE+ entreprise fiable,0
Disque externe 5To,Disque dur externe Samsung 5To USB 3.0 portable sauvegarde automatique,204.28,stockage,myStore,0,Disque externe 5To Disque dur externe Samsung 5To USB 3.0 portable sauvegarde automatique,43
Lenovo Spectre 17,Ordinateur portable Ryzen 3 4Go RAM SSD 128Go ecran Full HD 17 pouces etudiant leger rapide,882.42,informatique,myStore,4,Lenovo Spectre 17 Ordinateur portable Ryzen 3 4Go RAM SSD 128Go ecran Full HD 17 pouces etudiant leger rapide,46
Toshiba HDD 6To 7200RPM,Disque dur Toshiba 6To 7200RPM SATA III stockage masse donnees multimedia,45.59,informatique,myStore,0,Toshiba HDD 6To 7200RPM Disque dur Toshiba 6To 7200RPM SATA III stockage masse donnees multimedia,7
Samsung Legion 14,Ordinateur portable Ryzen 9 16Go RAM SSD 128Go ecran Full HD 14 pouces multimedia leger rapide,758.95,informatique,myStore,16,Samsung Legion 14 Ordinateur portable Ryzen 9 16Go RAM SSD 128Go ecran Full HD 14 pouces multimedia leger rapide,43
Galaxy S23 5G 8Go/64Go,Smartphone Samsung AMOLED 8Go RAM 64Go camera 12MP batterie 5000mAh 5G charge rapide Android,392.21,telephone portable,myStore,8,Galaxy S23 5G 8Go/64Go Smartphone Samsung AMOLED 8Go RAM 64Go camera 12MP batterie 5000mAh 5G charge rapide Android,34
Realme Tab M10 8Go/256Go,Tablette Realme 8Go RAM 256Go ecran haute resolution WiFi Bluetooth multimedia travail,688.13,electronique,myStore,8,Realme Tab M10 8Go/256Go Tablette Realme 8Go RAM 256Go ecran haute resolution WiFi Bluetooth multimedia travail,48
Dell Latitude 17,Ordinateur portable i5 24Go RAM SSD 256Go ecran Full HD 17 pouces etudiant leger rapide,511.9,informatique,myStore,24,Dell Latitude 17 Ordinateur portable i5 24Go RAM SSD 256Go ecran Full HD 17 pouces etudiant leger rapide,17
Refrigerateur No Frost 200L,Refrigerateur Whirlpool No Frost 200L Total Cooling inverter A++ economie energie,420.18,electromenager,myStore,0,Refrigerateur No Frost 200L Refrigerateur Whirlpool No Frost 200L Total Cooling inverter A++ economie energie,49
Huawei Reno 6 12Go/32Go,Smartphone Huawei 12Go RAM 32Go camera 64MP batterie 5000mAh AMOLED charge rapide Android,935.66,telephone portable,myStore,12,Huawei Reno 6 12Go/32Go Smartphone Huawei 12Go RAM 32Go camera 64MP batterie 5000mAh AMOLED charge rapide Android,41
Poco X3 4Go/32Go,Smartphone Xiaomi MIUI 4Go RAM 32Go camera 48MP batterie 5500mAh charge rapide AMOLED,440.48,telephone portable,myStore,4,Poco X3 4Go/32Go Smartphone Xiaomi MIUI 4Go RAM 32Go camera 48MP batterie 5500mAh charge rapide AMOLED,21
Dell Nitro 15,Ordinateur portable i3 32Go RAM SSD 1To ecran Full HD 15 pouces bureautique leger rapide,944.23,informatique,myStore,32,Dell Nitro 15 Ordinateur portable i3 32Go RAM SSD 1To ecran Full HD 15 pouces bureautique leger rapide,7
LG VivoBook 13,Ordinateur portable Ryzen 9 24Go RAM SSD 512Go ecran Full HD 13 pouces etudiant leger rapide,467.82,informatique,myStore,24,LG VivoBook 13 Ordinateur portable Ryzen 9 24Go RAM SSD 512Go ecran Full HD 13 pouces etudiant leger rapide,18
MicroSD 32Go,Carte microSD SanDisk 32Go Class10 A1 V10 rapide smartphone tablette drone,47.2,stockage,myStore,0,MicroSD 32Go Carte microSD SanDisk 32Go Class10 A1 V10 rapide smartphone tablette drone,27
Asus Inspiron 13,Ordinateur portable Ryzen 9 12Go RAM SSD 256Go ecran Full HD 13 pouces professionnel leger rapide,752.75,informatique,myStore,12,Asus Inspiron 13 Ordinateur portable Ryzen 9 12Go RAM SSD 256Go ecran Full HD 13 pouces professionnel leger rapide,10
iPhone 13 64Go,Smartphone Apple puce A-series 64Go ecran Super Retina camera avancee Face ID iOS rapide,956.22,telephone portable,myStore,0,iPhone 13 64Go Smartphone Apple puce A-series 64Go ecran Super Retina camera avancee Face ID iOS rapide,29
Asus ProBook 17 Gaming,Ordinateur portable gaming i3 32Go RAM SSD 512Go GTX 1660Ti ecran 17 pouces 144Hz performance,2005.78,informatique,myStore,32,Asus ProBook 17 Gaming Ordinateur portable gaming i3 32Go RAM SSD 512Go GTX 1660Ti ecran 17 pouces 144Hz performance,0
WD SSD 512Go SATA III,Disque SSD WD 512Go SATA III 550Mo/s lecture rapide fiable stockage,92.27,informatique,myStore,0,WD SSD 512Go SATA III Disque SSD WD 512Go SATA III 550Mo/s lecture rapide fiable stockage,46
Realme MatePad 11 3Go/32Go,Tablette Realme 3Go RAM 32Go ecran haute resolution WiFi Bluetooth multimedia travail,264.87,electronique,myStore,3,Realme MatePad 11 3Go/32Go Tablette Realme 3Go RAM 32Go ecran haute resolution WiFi Bluetooth multimedia travail,46
Intel Core i7-12700,Processeur Intel i7 12 coeurs 20 threads 4.9GHz overclocking puissant,240.66,informatique,myStore,0,Intel Core i7-12700 Processeur Intel i7 12 coeurs 20 threads 4.9GHz overclocking puissant,16
Four micro-ondes 20L,Four micro-ondes Bosch 20L grill combine inox programmes automatiques rapide,116.2,electromenager,myStore,0,Four micro-ondes 20L Four micro-ondes Bosch 20L grill combine inox programmes automatiques rapide,32
Microsoft XPS 15,Ordinateur portable i3 16Go RAM SSD 256Go ecran Full HD 15 pouces etudiant leger rapide,849.41,informatique,myStore,16,Microsoft XPS 15 Ordinateur portable i3 16Go RAM SSD 256Go ecran Full HD 15 pouces etudiant leger rapide,48
Lave-vaisselle 13 couverts,Lave-vaisselle Samsung 13 couverts SilencePlus A+++ economie eau energie,632.49,electromenager,myStore,0,Lave-vaisselle 13 couverts Lave-vaisselle Samsung 13 couverts SilencePlus A+++ economie eau energie,11
MicroSD 64Go,Carte microSD Seagate 64Go Class10 A1 V10 rapide smartphone tablette drone,51.49,stockage,myStore,0,MicroSD 64Go Carte microSD Seagate 64Go Class10 A1 V10 rapide smartphone tablette drone,32
Vivo Nord 2T 4Go/32Go,Smartphone Vivo 4Go RAM 32Go camera 64MP batterie 4000mAh AMOLED charge rapide Android,973.77,telephone portable,myStore,4,Vivo Nord 2T 4Go/32Go Smartphone Vivo 4Go RAM 32Go camera 64MP batterie 4000mAh AMOLED charge rapide Android,6
Seagate SSD 512Go SATA III,Disque SSD Seagate 512Go SATA III 550Mo/s lecture rapide fiable stockage,92.85,informatique,myStore,0,Seagate SSD 512Go SATA III Disque SSD Seagate 512Go SATA III 550Mo/s lecture rapide fiable stockage,40
Galaxy A73 4G 6Go/256Go,Smartphone Samsung AMOLED 6Go RAM 256Go camera 64MP batterie 5000mAh 4G charge rapide Android,778.82,telephone portable,myStore,6,Galaxy A73 4G 6Go/256Go Smartphone Samsung AMOLED 6Go RAM 256Go camera 64MP batterie 5000mAh 4G charge rapide Android,19
Lave-vaisselle 15 couverts,Lave-vaisselle Bosch 15 couverts SilencePlus A+++ economie eau energie,636.21,electromenager,myStore,0,Lave-vaisselle 15 couverts Lave-vaisselle Bosch 15 couverts SilencePlus A+++ economie eau energie,40
Hisense ULED 32 pouces 4K,Television Hisense ULED 32 pouces 4K UHD HDR Smart TV 100Hz WiFi HDMI streaming,884.65,electronique,myStore,0,Hisense ULED 32 pouces 4K Television Hisense ULED 32 pouces 4K UHD HDR Smart TV 100Hz WiFi HDMI streaming,32
WD HDD 1To 7200RPM,Disque dur WD 1To 7200RPM SATA III stockage masse donnees multimedia,167.61,informatique,myStore,0,WD HDD 1To 7200RPM Disque dur WD 1To 7200RPM SATA III stockage masse donnees multimedia,38
Machine cafe capsules,Machine cafe Midea capsules pression 19 bars reservoir 1.5L rapide compacte,255.27,electromenager,myStore,0,Machine cafe capsules Machine cafe Midea capsules pression 19 bars reservoir 1.5L rapide compacte,12
Galaxy S21 5G 6Go/256Go,Smartphone Samsung AMOLED 6Go RAM 256Go camera 48MP batterie 4000mAh 5G charge rapide Android,800.85,telephone portable,myStore,6,Galaxy S21 5G 6Go/256Go Smartphone Samsung AMOLED 6Go RAM 256Go camera 48MP batterie 4000mAh 5G charge rapide Android,9
Dell XPS 17,Ordinateur portable Ryzen 5 24Go RAM SSD 1To ecran Full HD 17 pouces professionnel leger rapide,848.64,informatique,myStore,24,Dell XPS 17 Ordinateur portable Ryzen 5 24Go RAM SSD 1To ecran Full HD 17 pouces professionnel leger rapide,23
Mi 11 12Go/512Go,Smartphone Xiaomi MIUI 12Go RAM 512Go camera 50MP batterie 4500mAh charge rapide AMOLED,116.86,telephone portable,myStore,12,Mi 11 12Go/512Go Smartphone Xiaomi MIUI 12Go RAM 512Go camera 50MP batterie 4500mAh charge rapide AMOLED,48
LG Spectre 17 Gaming,Ordinateur portable gaming Ryzen 7 32Go RAM SSD 1To RTX 3060 ecran 17 pouces 144Hz performance,1720.51,informatique,myStore,32,LG Spectre 17 Gaming Ordinateur portable gaming Ryzen 7 32Go RAM SSD 1To RTX 3060 ecran 17 pouces 144Hz performance,10
OnePlus Pixel 7 6Go/32Go,Smartphone OnePlus 6Go RAM 32Go camera 108MP batterie 6000mAh AMOLED charge rapide Android,512.47,telephone portable,myStore,6,OnePlus Pixel 7 6Go/32Go Smartphone OnePlus 6Go RAM 32Go camera 108MP batterie 6000mAh AMOLED charge rapide Android,34
Redmi 9 4Go/256Go,Smartphone Xiaomi MIUI 4Go RAM 256Go camera 64MP batterie 3000mAh charge rapide AMOLED,271.45,telephone portable,myStore,4,Redmi 9 4Go/256Go Smartphone Xiaomi MIUI 4Go RAM 256Go camera 64MP batterie 3000mAh charge rapide AMOLED,49
Huawei IdeaPad 14,Ordinateur portable Ryzen 3 32Go RAM SSD 128Go ecran Full HD 14 pouces professionnel leger rapide,471.2,informatique,myStore,32,Huawei IdeaPad 14 Ordinateur portable Ryzen 3 32Go RAM SSD 128Go ecran Full HD 14 pouces professionnel leger rapide,33
Carte SD 128Go,Carte memoire Kingston 128Go UHS-I U3 V30 4K 160Mo/s appareil photo drone,31.96,stockage,myStore,0,Carte SD 128Go Carte memoire Kingston 128Go UHS-I U3 V30 4K 160Mo/s appareil photo drone,0
Cle USB 32Go,Cle USB WD 32Go USB 3.0 lecture rapide compact metal design portable,19.72,stockage,myStore,0,Cle USB 32Go Cle USB WD 32Go USB 3.0 lecture rapide compact metal design portable,38
Galaxy A73 5G 6Go/256Go,Smartphone Samsung AMOLED 6Go RAM 256Go camera 64MP batterie 4500mAh 5G charge rapide Android,404.76,telephone portable,myStore,6,Galaxy A73 5G 6Go/256Go Smartphone Samsung AMOLED 6Go RAM 256Go camera 64MP batterie 4500mAh 5G charge rapide Android,20
Climatiseur 18000 BTU inverter,Climatiseur Samsung 18000 BTU inverter A++ WiFi Smart silencieux ecologique R-32,342.7,electromenager,myStore,0,Climatiseur 18000 BTU inverter Climatiseur Samsung 18000 BTU inverter A++ WiFi Smart silencieux ecologique R-32,31
Machine cafe capsules,Machine cafe LG capsules pression 19 bars reservoir 1.5L rapide compacte,258.55,electromenager,myStore,0,Machine cafe capsules Machine cafe LG capsules pression 19 bars reservoir 1.5L rapide compacte,1
LG Yoga 15,Ordinateur portable i9 24Go RAM SSD 256Go ecran Full HD 15 pouces multimedia leger rapide,1394.91,informatique,myStore,24,LG Yoga 15 Ordinateur portable i9 24Go RAM SSD 256Go ecran Full HD 15 pouces multimedia leger rapide,7
Poco X4 12Go/64Go,Smartphone Xiaomi MIUI 12Go RAM 64Go camera 108MP batterie 4000mAh charge rapide AMOLED,672.92,telephone portable,myStore,12,Poco X4 12Go/64Go Smartphone Xiaomi MIUI 12Go RAM 64Go camera 108MP batterie 4000mAh charge rapide AMOLED,23
LG Bravia OLED 55 pouces 4K,Television LG Bravia OLED 55 pouces 4K UHD HDR Smart TV 144Hz WiFi HDMI streaming,2422.29,electronique,myStore,0,LG Bravia OLED 55 pouces 4K Television LG Bravia OLED 55 pouces 4K UHD HDR Smart TV 144Hz WiFi HDMI streaming,19
Acer Spectre 17,Ordinateur portable Ryzen 3 8Go RAM SSD 1To ecran Full HD 17 pouces professionnel leger rapide,992.26,informatique,myStore,8,Acer Spectre 17 Ordinateur portable Ryzen 3 8Go RAM SSD 1To ecran Full HD 17 pouces professionnel leger rapide,15
NAS 4To WiFi,Disque NAS Kingston 4To WiFi acces distant sauvegarde bureau maison cloud,458.14,stockage,myStore,0,NAS 4To WiFi Disque NAS Kingston 4To WiFi acces distant sauvegarde bureau maison cloud,3
iPhone 13 Pro 512Go,Smartphone Apple puce A-series 512Go ecran Super Retina camera avancee Face ID iOS rapide,1763.85,telephone portable,myStore,0,iPhone 13 Pro 512Go Smartphone Apple puce A-series 512Go ecran Super Retina camera avancee Face ID iOS rapide,15
Galaxy M23 4G 6Go/512Go,Smartphone Samsung AMOLED 6Go RAM 512Go camera 50MP batterie 6000mAh 4G charge rapide Android,347.0,telephone portable,myStore,6,Galaxy M23 4G 6Go/512Go Smartphone Samsung AMOLED 6Go RAM 512Go camera 50MP batterie 6000mAh 4G charge rapide Android,36
Friteuse sans huile 6L,Friteuse sans huile Beko 6L technologie air chaud 80% moins matiere grasse,184.06,electromenager,myStore,0,Friteuse sans huile 6L Friteuse sans huile Beko 6L technologie air chaud 80% moins matiere grasse,5
Point acces WiFi Pro,Point acces WiFi TP-Link 802.11ax dual-band 1200Mbps PoE entreprise couverture,172.24,reseau,myStore,0,Point acces WiFi Pro Point acces WiFi TP-Link 802.11ax dual-band 1200Mbps PoE entreprise couverture,5
Galaxy S21 4G 8Go/32Go,Smartphone Samsung AMOLED 8Go RAM 32Go camera 12MP batterie 6000mAh 4G charge rapide Android,122.48,telephone portable,myStore,8,Galaxy S21 4G 8Go/32Go Smartphone Samsung AMOLED 8Go RAM 32Go camera 12MP batterie 6000mAh 4G charge rapide Android,46
LG EliteBook 13,Ordinateur portable Ryzen 3 16Go RAM SSD 128Go ecran Full HD 13 pouces multimedia leger rapide,1239.66,informatique,myStore,16,LG EliteBook 13 Ordinateur portable Ryzen 3 16Go RAM SSD 128Go ecran Full HD 13 pouces multimedia leger rapide,31
Nokia Nord 2T 6Go/32Go,Smartphone Nokia 6Go RAM 32Go camera 48MP batterie 6000mAh AMOLED charge rapide Android,1074.61,telephone portable,myStore,6,Nokia Nord 2T 6Go/32Go Smartphone Nokia 6Go RAM 32Go camera 48MP batterie 6000mAh AMOLED charge rapide Android,4
Switch 5 ports Gigabit,Switch reseau Ubiquiti 5 ports Gigabit manageable PoE+ entreprise fiable,343.02,reseau,myStore,0,Switch 5 ports Gigabit Switch reseau Ubiquiti 5 ports Gigabit manageable PoE+ entreprise fiable,48
Redmi Note 12 6Go/512Go,Smartphone Xiaomi MIUI 6Go RAM 512Go camera 108MP batterie 3000mAh charge rapide AMOLED,438.64,telephone portable,myStore,6,Redmi Note 12 6Go/512Go Smartphone Xiaomi MIUI 6Go RAM 512Go camera 108MP batterie 3000mAh charge rapide AMOLED,34
iPhone 13 512Go,Smartphone Apple puce A-series 512Go ecran Super Retina camera avancee Face ID iOS rapide,1534.5,telephone portable,myStore,0,iPhone 13 512Go Smartphone Apple puce A-series 512Go ecran Super Retina camera avancee Face ID iOS rapide,49
Huawei GT 2 Pro 4Go/32Go,Smartphone Huawei 4Go RAM 32Go camera 50MP batterie 5500mAh AMOLED charge rapide Android,887.22,telephone portable,myStore,4,Huawei GT 2 Pro 4Go/32Go Smartphone Huawei 4Go RAM 32Go camera 50MP batterie 5500mAh AMOLED charge rapide Android,8
Marshall Enceinte Bluetooth,Enceinte Marshall Bluetooth reduction bruit active ANC 24h autonomie qualite sonore premium,205.5,electronique,myStore,0,Marshall Enceinte Bluetooth Enceinte Marshall Bluetooth reduction bruit active ANC 24h autonomie qualite sonore premium,8
Friteuse sans huile 6L,Friteuse sans huile LG 6L technologie air chaud 80% moins matiere grasse,153.64,electromenager,myStore,0,Friteuse sans huile 6L Friteuse sans huile LG 6L technologie air chaud 80% moins matiere grasse,42
Mi 11 3Go/32Go,Smartphone Xiaomi MIUI 3Go RAM 32Go camera 200MP batterie 4000mAh charge rapide AMOLED,422.51,telephone portable,myStore,3,Mi 11 3Go/32Go Smartphone Xiaomi MIUI 3Go RAM 32Go camera 200MP batterie 4000mAh charge rapide AMOLED,30
Xiaomi Galaxy Tab A8 6Go/128Go,Tablette Xiaomi 6Go RAM 128Go ecran haute resolution WiFi Bluetooth multimedia travail,177.36,electronique,myStore,6,Xiaomi Galaxy Tab A8 6Go/128Go Tablette Xiaomi 6Go RAM 128Go ecran haute resolution WiFi Bluetooth multimedia travail,35
Bose Ecouteurs Bluetooth,Ecouteurs Bose Bluetooth reduction bruit active ANC 40h autonomie qualite sonore premium,23.39,electronique,myStore,0,Bose Ecouteurs Bluetooth Ecouteurs Bose Bluetooth reduction bruit active ANC 40h autonomie qualite sonore premium,10
WD HDD 4To 5400RPM,Disque dur WD 4To 5400RPM SATA III stockage masse donnees multimedia,176.1,informatique,myStore,0,WD HDD 4To 5400RPM Disque dur WD 4To 5400RPM SATA III stockage masse donnees multimedia,16
iPhone 14 64Go,Smartphone Apple puce A-series 64Go ecran Super Retina camera avancee Face ID iOS rapide,640.03,telephone portable,myStore,0,iPhone 14 64Go Smartphone Apple puce A-series 64Go ecran Super Retina camera avancee Face ID iOS rapide,33
Cle USB 32Go,Cle USB Kingston 32Go USB 3.0 lecture rapide compact metal design portable,22.12,stockage,myStore,0,Cle USB 32Go Cle USB Kingston 32Go USB 3.0 lecture rapide compact metal design portable,38
Disque externe 2To,Disque dur externe Kingston 2To USB 3.0 portable sauvegarde automatique,146.54,stockage,myStore,0,Disque externe 2To Disque dur externe Kingston 2To USB 3.0 portable sauvegarde automatique,27
Jabra Casque Bluetooth,Casque Jabra Bluetooth reduction bruit active ANC 50h autonomie qualite sonore premium,101.06,electronique,myStore,0,Jabra Casque Bluetooth Casque Jabra Bluetooth reduction bruit active ANC 50h autonomie qualite sonore premium,13
iPhone 14 64Go,Smartphone Apple puce A-series 64Go ecran Super Retina camera avancee Face ID iOS rapide,1737.86,telephone portable,myStore,0,iPhone 14 64Go Smartphone Apple puce A-series 64Go ecran Super Retina camera avancee Face ID iOS rapide,34
Lenovo MatePad 11 8Go/32Go,Tablette Lenovo 8Go RAM 32Go ecran haute resolution WiFi Bluetooth multimedia travail,851.88,electronique,myStore,8,Lenovo MatePad 11 8Go/32Go Tablette Lenovo 8Go RAM 32Go ecran haute resolution WiFi Bluetooth multimedia travail,48
Friteuse sans huile 5L,Friteuse sans huile Ariston 5L technologie air chaud 80% moins matiere grasse,198.06,electromenager,myStore,0,Friteuse sans huile 5L Friteuse sans huile Ariston 5L technologie air chaud 80% moins matiere grasse,46
Huawei TUF Gaming 14,Ordinateur portable i9 8Go RAM SSD 512Go ecran Full HD 14 pouces multimedia leger rapide,1310.48,informatique,myStore,8,Huawei TUF Gaming 14 Ordinateur portable i9 8Go RAM SSD 512Go ecran Full HD 14 pouces multimedia leger rapide,44
Realme 10 Pro 3Go/128Go,Smartphone Realme 3Go RAM 128Go camera 12MP batterie 6000mAh AMOLED charge rapide Android,439.86,telephone portable,myStore,3,Realme 10 Pro 3Go/128Go Smartphone Realme 3Go RAM 128Go camera 12MP batterie 6000mAh AMOLED charge rapide Android,12
Galaxy S21 5G 6Go/128Go,Smartphone Samsung AMOLED 6Go RAM 128Go camera 48MP batterie 4000mAh 5G charge rapide Android,1014.78,telephone portable,myStore,6,Galaxy S21 5G 6Go/128Go Smartphone Samsung AMOLED 6Go RAM 128Go camera 48MP batterie 4000mAh 5G charge rapide Android,45
Panasonic Bravia OLED 50 pouces 4K,Television Panasonic Bravia OLED 50 pouces 4K UHD HDR Smart TV 60Hz WiFi HDMI streaming,1730.3,electronique,myStore,0,Panasonic Bravia OLED 50 pouces 4K Television Panasonic Bravia OLED 50 pouces 4K UHD HDR Smart TV 60Hz WiFi HDMI streaming,19
HP Envy 17,Ordinateur portable Ryzen 9 8Go RAM SSD 256Go ecran Full HD 17 pouces professionnel leger rapide,401.09,informatique,myStore,8,HP Envy 17 Ordinateur portable Ryzen 9 8Go RAM SSD 256Go ecran Full HD 17 pouces professionnel leger rapide,25
Jabra Enceinte Bluetooth,Enceinte Jabra Bluetooth reduction bruit active ANC 20h autonomie qualite sonore premium,354.57,electronique,myStore,0,Jabra Enceinte Bluetooth Enceinte Jabra Bluetooth reduction bruit active ANC 20h autonomie qualite sonore premium,42
Acer Spectre 17,Ordinateur portable i5 32Go RAM SSD 512Go ecran Full HD 17 pouces professionnel leger rapide,413.58,informatique,myStore,32,Acer Spectre 17 Ordinateur portable i5 32Go RAM SSD 512Go ecran Full HD 17 pouces professionnel leger rapide,41
Galaxy M33 5G 3Go/128Go,Smartphone Samsung AMOLED 3Go RAM 128Go camera 108MP batterie 4500mAh 5G charge rapide Android,418.47,telephone portable,myStore,3,Galaxy M33 5G 3Go/128Go Smartphone Samsung AMOLED 3Go RAM 128Go camera 108MP batterie 4500mAh 5G charge rapide Android,23
MSI ProBook 17,Ordinateur portable i5 24Go RAM SSD 256Go ecran Full HD 17 pouces professionnel leger rapide,767.94,informatique,myStore,24,MSI ProBook 17 Ordinateur portable i5 24Go RAM SSD 256Go ecran Full HD 17 pouces professionnel leger rapide,28
Kingston SSD 1To SATA III,Disque SSD Kingston 1To SATA III 550Mo/s lecture rapide fiable stockage,180.9,informatique,myStore,0,Kingston SSD 1To SATA III Disque SSD Kingston 1To SATA III 550Mo/s lecture rapide fiable stockage,33
Toshiba HDD 4To 7200RPM,Disque dur Toshiba 4To 7200RPM SATA III stockage masse donnees multimedia,97.91,informatique,myStore,0,Toshiba HDD 4To 7200RPM Disque dur Toshiba 4To 7200RPM SATA III stockage masse donnees multimedia,28
Aspirateur robot WiFi,Aspirateur robot Midea capteurs laser cartographie WiFi App programmable maison,450.85,electromenager,myStore,0,Aspirateur robot WiFi Aspirateur robot Midea capteurs laser cartographie WiFi App programmable maison,7
Sennheiser Enceinte Bluetooth,Enceinte Sennheiser Bluetooth reduction bruit active ANC 24h autonomie qualite sonore premium,328.13,electronique,myStore,0,Sennheiser Enceinte Bluetooth Enceinte Sennheiser Bluetooth reduction bruit active ANC 24h autonomie qualite sonore premium,15
Kingston RAM 16Go DDR5 3200MHz,Memoire RAM Kingston 16Go DDR5 3200MHz compatible Intel AMD gaming overclocking,207.75,informatique,myStore,0,Kingston RAM 16Go DDR5 3200MHz Memoire RAM Kingston 16Go DDR5 3200MHz compatible Intel AMD gaming overclocking,14
Marshall Ecouteurs Bluetooth,Ecouteurs Marshall Bluetooth reduction bruit active ANC 40h autonomie qualite sonore premium,191.24,electronique,myStore,0,Marshall Ecouteurs Bluetooth Ecouteurs Marshall Bluetooth reduction bruit active ANC 40h autonomie qualite sonore premium,4
Microsoft ProBook 14,Ordinateur portable Ryzen 5 8Go RAM SSD 256Go ecran Full HD 14 pouces multimedia leger rapide,878.01,informatique,myStore,8,Microsoft ProBook 14 Ordinateur portable Ryzen 5 8Go RAM SSD 256Go ecran Full HD 14 pouces multimedia leger rapide,21
Disque externe 5To,Disque dur externe Samsung 5To USB 3.0 portable sauvegarde automatique,163.55,stockage,myStore,0,Disque externe 5To Disque dur externe Samsung 5To USB 3.0 portable sauvegarde automatique,1
HP ProBook 13,Ordinateur portable Ryzen 5 4Go RAM SSD 256Go ecran Full HD 13 pouces professionnel leger rapide,746.03,informatique,myStore,4,HP ProBook 13 Ordinateur portable Ryzen 5 4Go RAM SSD 256Go ecran Full HD 13 pouces professionnel leger rapide,37
Kingston RAM 64Go DDR4 3200MHz,Memoire RAM Kingston 64Go DDR4 3200MHz compatible Intel AMD gaming overclocking,345.65,informatique,myStore,0,Kingston RAM 64Go DDR4 3200MHz Memoire RAM Kingston 64Go DDR4 3200MHz compatible Intel AMD gaming overclocking,35
Intel Core i3-10100,Processeur Intel i3 4 coeurs 8 threads 4.3GHz bureautique entre de gamme,64.19,informatique,myStore,0,Intel Core i3-10100 Processeur Intel i3 4 coeurs 8 threads 4.3GHz bureautique entre de gamme,14
Dell ProBook 14 Gaming,Ordinateur portable gaming Ryzen 3 16Go RAM SSD 1To RTX 3070 ecran 14 pouces 144Hz performance,1026.55,informatique,myStore,16,Dell ProBook 14 Gaming Ordinateur portable gaming Ryzen 3 16Go RAM SSD 1To RTX 3070 ecran 14 pouces 144Hz performance,37
AMD Ryzen 3 3300X,Processeur AMD Ryzen 3 4 coeurs 8 threads 4.3GHz rapport qualite prix,62.96,informatique,myStore,0,AMD Ryzen 3 3300X Processeur AMD Ryzen 3 4 coeurs 8 threads 4.3GHz rapport qualite prix,14
Friteuse sans huile 4L,Friteuse sans huile Daikin 4L technologie air chaud 80% moins matiere grasse,200.94,electromenager,myStore,0,Friteuse sans huile 4L Friteuse sans huile Daikin 4L technologie air chaud 80% moins matiere grasse,0
Four micro-ondes 28L,Four micro-ondes Ariston 28L grill combine inox programmes automatiques rapide,225.78,electromenager,myStore,0,Four micro-ondes 28L Four micro-ondes Ariston 28L grill combine inox programmes automatiques rapide,4
Toshiba HDD 6To 5400RPM,Disque dur Toshiba 6To 5400RPM SATA III stockage masse donnees multimedia,43.8,informatique,myStore,0,Toshiba HDD 6To 5400RPM Disque dur Toshiba 6To 5400RPM SATA III stockage masse donnees multimedia,45
Kingston RAM 64Go DDR5 5600MHz,Memoire RAM Kingston 64Go DDR5 5600MHz compatible Intel AMD gaming overclocking,158.63,informatique,myStore,0,Kingston RAM 64Go DDR5 5600MHz Memoire RAM Kingston 64Go DDR5 5600MHz compatible Intel AMD gaming overclocking,40
Bose Casque Bluetooth,Casque Bose Bluetooth reduction bruit active ANC 40h autonomie qualite sonore premium,39.98,electronique,myStore,0,Bose Casque Bluetooth Casque Bose Bluetooth reduction bruit active ANC 40h autonomie qualite sonore premium,3
Kingston RAM 4Go DDR4 4800MHz,Memoire RAM Kingston 4Go DDR4 4800MHz compatible Intel AMD gaming overclocking,289.28,informatique,myStore,0,Kingston RAM 4Go DDR4 4800MHz Memoire RAM Kingston 4Go DDR4 4800MHz compatible Intel AMD gaming overclocking,14
Galaxy A33 5G 6Go/128Go,Smartphone Samsung AMOLED 6Go RAM 128Go camera 48MP batterie 3000mAh 5G charge rapide Android,350.52,telephone portable,myStore,6,Galaxy A33 5G 6Go/128Go Smartphone Samsung AMOLED 6Go RAM 128Go camera 48MP batterie 3000mAh 5G charge rapide Android,4
Repeteur WiFi 1200Mbps,Repeteur WiFi D-Link 1200Mbps double bande port Gigabit facile installer,19.1,reseau,myStore,0,Repeteur WiFi 1200Mbps Repeteur WiFi D-Link 1200Mbps double bande port Gigabit facile installer,2
Realme Galaxy Tab S6 4Go/128Go,Tablette Realme 4Go RAM 128Go ecran haute resolution WiFi Bluetooth multimedia travail,244.15,electronique,myStore,4,Realme Galaxy Tab S6 4Go/128Go Tablette Realme 4Go RAM 128Go ecran haute resolution WiFi Bluetooth multimedia travail,21
Crucial RAM 4Go DDR4 5600MHz,Memoire RAM Crucial 4Go DDR4 5600MHz compatible Intel AMD gaming overclocking,23.41,informatique,myStore,0,Crucial RAM 4Go DDR4 5600MHz Memoire RAM Crucial 4Go DDR4 5600MHz compatible Intel AMD gaming overclocking,4
Toshiba HDD 6To 5400RPM,Disque dur Toshiba 6To 5400RPM SATA III stockage masse donnees multimedia,118.78,informatique,myStore,0,Toshiba HDD 6To 5400RPM Disque dur Toshiba 6To 5400RPM SATA III stockage masse donnees multimedia,32
Xiaomi 11T 6Go/128Go,Smartphone Xiaomi MIUI 6Go RAM 128Go camera 64MP batterie 5000mAh charge rapide AMOLED,928.73,telephone portable,myStore,6,Xiaomi 11T 6Go/128Go Smartphone Xiaomi MIUI 6Go RAM 128Go camera 64MP batterie 5000mAh charge rapide AMOLED,15
Machine cafe capsules,Machine cafe Siemens capsules pression 19 bars reservoir 1.5L rapide compacte,207.68,electromenager,myStore,0,Machine cafe capsules Machine cafe Siemens capsules pression 19 bars reservoir 1.5L rapide compacte,17
iPhone 13 Pro 256Go,Smartphone Apple puce A-series 256Go ecran Super Retina camera avancee Face ID iOS rapide,708.11,telephone portable,myStore,0,iPhone 13 Pro 256Go Smartphone Apple puce A-series 256Go ecran Super Retina camera avancee Face ID iOS rapide,42
iPhone 13 Pro 128Go,Smartphone Apple puce A-series 128Go ecran Super Retina camera avancee Face ID iOS rapide,683.4,telephone portable,myStore,0,iPhone 13 Pro 128Go Smartphone Apple puce A-series 128Go ecran Super Retina camera avancee Face ID iOS rapide,31
Galaxy A73 5G 12Go/512Go,Smartphone Samsung AMOLED 12Go RAM 512Go camera 200MP batterie 4000mAh 5G charge rapide Android,1058.64,telephone portable,myStore,12,Galaxy A73 5G 12Go/512Go Smartphone Samsung AMOLED 12Go RAM 512Go camera 200MP batterie 4000mAh 5G charge rapide Android,13
Google Reno 6 3Go/256Go,Smartphone Google 3Go RAM 256Go camera 50MP batterie 6000mAh AMOLED charge rapide Android,779.83,telephone portable,myStore,3,Google Reno 6 3Go/256Go Smartphone Google 3Go RAM 256Go camera 50MP batterie 6000mAh AMOLED charge rapide Android,34
Cle USB 32Go,Cle USB Toshiba 32Go USB 3.0 lecture rapide compact metal design portable,63.69,stockage,myStore,0,Cle USB 32Go Cle USB Toshiba 32Go USB 3.0 lecture rapide compact metal design portable,8
Switch 5 ports Gigabit,Switch reseau Ubiquiti 5 ports Gigabit manageable PoE+ entreprise fiable,220.66,reseau,myStore,0,Switch 5 ports Gigabit Switch reseau Ubiquiti 5 ports Gigabit manageable PoE+ entreprise fiable,46
Dell ThinkPad 16,Ordinateur portable i5 4Go RAM SSD 256Go ecran Full HD 16 pouces etudiant leger rapide,756.34,informatique,myStore,4,Dell ThinkPad 16 Ordinateur portable i5 4Go RAM SSD 256Go ecran Full HD 16 pouces etudiant leger rapide,36
Xiaomi iPad 9 4Go/32Go,Tablette Xiaomi 4Go RAM 32Go ecran haute resolution WiFi Bluetooth multimedia travail,257.49,electronique,myStore,4,Xiaomi iPad 9 4Go/32Go Tablette Xiaomi 4Go RAM 32Go ecran haute resolution WiFi Bluetooth multimedia travail,36
Climatiseur 24000 BTU inverter,Climatiseur Whirlpool 24000 BTU inverter A++ WiFi Smart silencieux ecologique R-32,844.2,electromenager,myStore,0,Climatiseur 24000 BTU inverter Climatiseur Whirlpool 24000 BTU inverter A++ WiFi Smart silencieux ecologique R-32,30
Galaxy A14 4G 3Go/32Go,Smartphone Samsung AMOLED 3Go RAM 32Go camera 48MP batterie 5500mAh 4G charge rapide Android,142.52,telephone portable,myStore,3,Galaxy A14 4G 3Go/32Go Smartphone Samsung AMOLED 3Go RAM 32Go camera 48MP batterie 5500mAh 4G charge rapide Android,15
Hisense NanoCell 55 pouces 4K,Television Hisense NanoCell 55 pouces 4K UHD HDR Smart TV 144Hz WiFi HDMI streaming,582.9,electronique,myStore,0,Hisense NanoCell 55 pouces 4K Television Hisense NanoCell 55 pouces 4K UHD HDR Smart TV 144Hz WiFi HDMI streaming,50
Toshiba HDD 2To 5400RPM,Disque dur Toshiba 2To 5400RPM SATA III stockage masse donnees multimedia,178.41,informatique,myStore,0,Toshiba HDD 2To 5400RPM Disque dur Toshiba 2To 5400RPM SATA III stockage masse donnees multimedia,30
Samsung ROG Strix 14,Ordinateur portable Ryzen 9 32Go RAM SSD 128Go ecran Full HD 14 pouces etudiant leger rapide,567.71,informatique,myStore,32,Samsung ROG Strix 14 Ordinateur portable Ryzen 9 32Go RAM SSD 128Go ecran Full HD 14 pouces etudiant leger rapide,26
AMD Ryzen 7 5800X,Processeur AMD Ryzen 7 8 coeurs 16 threads 4.7GHz overclocking,236.35,informatique,myStore,0,AMD Ryzen 7 5800X Processeur AMD Ryzen 7 8 coeurs 16 threads 4.7GHz overclocking,12
Kingston SSD 2To SATA III,Disque SSD Kingston 2To SATA III 550Mo/s lecture rapide fiable stockage,83.05,informatique,myStore,0,Kingston SSD 2To SATA III Disque SSD Kingston 2To SATA III 550Mo/s lecture rapide fiable stockage,6
Sony Enceinte Bluetooth,Enceinte Sony Bluetooth reduction bruit active ANC 12h autonomie qualite sonore premium,334.2,electronique,myStore,0,Sony Enceinte Bluetooth Enceinte Sony Bluetooth reduction bruit active ANC 12h autonomie qualite sonore premium,6
Panasonic Bravia OLED 55 pouces 4K,Television Panasonic Bravia OLED 55 pouces 4K UHD HDR Smart TV 144Hz WiFi HDMI streaming,1917.05,electronique,myStore,0,Panasonic Bravia OLED 55 pouces 4K Television Panasonic Bravia OLED 55 pouces 4K UHD HDR Smart TV 144Hz WiFi HDMI streaming,42
Intel Core i7-12700,Processeur Intel i7 12 coeurs 20 threads 4.9GHz overclocking puissant,207.8,informatique,myStore,0,Intel Core i7-12700 Processeur Intel i7 12 coeurs 20 threads 4.9GHz overclocking puissant,27
Galaxy S22 4G 3Go/512Go,Smartphone Samsung AMOLED 3Go RAM 512Go camera 108MP batterie 3000mAh 4G charge rapide Android,1014.72,telephone portable,myStore,3,Galaxy S22 4G 3Go/512Go Smartphone Samsung AMOLED 3Go RAM 512Go camera 108MP batterie 3000mAh 4G charge rapide Android,22
Aspirateur robot WiFi,Aspirateur robot Midea capteurs laser cartographie WiFi App programmable maison,255.38,electromenager,myStore,0,Aspirateur robot WiFi Aspirateur robot Midea capteurs laser cartographie WiFi App programmable maison,27
iPhone 13 256Go,Smartphone Apple puce A-series 256Go ecran Super Retina camera avancee Face ID iOS rapide,714.21,telephone portable,myStore,0,iPhone 13 256Go Smartphone Apple puce A-series 256Go ecran Super Retina camera avancee Face ID iOS rapide,26
Xiaomi Tab M10 6Go/256Go,Tablette Xiaomi 6Go RAM 256Go ecran haute resolution WiFi Bluetooth multimedia travail,509.51,electronique,myStore,6,Xiaomi Tab M10 6Go/256Go Tablette Xiaomi 6Go RAM 256Go ecran haute resolution WiFi Bluetooth multimedia travail,29
Acer IdeaPad 16,Ordinateur portable i7 8Go RAM SSD 256Go ecran Full HD 16 pouces bureautique leger rapide,942.17,informatique,myStore,8,Acer IdeaPad 16 Ordinateur portable i7 8Go RAM SSD 256Go ecran Full HD 16 pouces bureautique leger rapide,46
Dell Pavilion 14,Ordinateur portable i5 16Go RAM SSD 128Go ecran Full HD 14 pouces etudiant leger rapide,1369.65,informatique,myStore,16,Dell Pavilion 14 Ordinateur portable i5 16Go RAM SSD 128Go ecran Full HD 14 pouces etudiant leger rapide,3
Huawei Tab M10 3Go/128Go,Tablette Huawei 3Go RAM 128Go ecran haute resolution WiFi Bluetooth multimedia travail,534.4,electronique,myStore,3,Huawei Tab M10 3Go/128Go Tablette Huawei 3Go RAM 128Go ecran haute resolution WiFi Bluetooth multimedia travail,43
Lenovo ROG Strix 13,Ordinateur portable i3 4Go RAM SSD 128Go ecran Full HD 13 pouces multimedia leger rapide,494.37,informatique,myStore,4,Lenovo ROG Strix 13 Ordinateur portable i3 4Go RAM SSD 128Go ecran Full HD 13 pouces multimedia leger rapide,41
Sony OLED 55 pouces 4K,Television Sony OLED 55 pouces 4K UHD HDR Smart TV 100Hz WiFi HDMI streaming,451.6,electronique,myStore,0,Sony OLED 55 pouces 4K Television Sony OLED 55 pouces 4K UHD HDR Smart TV 100Hz WiFi HDMI streaming,41
MicroSD 256Go,Carte microSD Transcend 256Go Class10 A1 V10 rapide smartphone tablette drone,26.21,stockage,myStore,0,MicroSD 256Go Carte microSD Transcend 256Go Class10 A1 V10 rapide smartphone tablette drone,6
Huawei Latitude 13,Ordinateur portable Ryzen 7 8Go RAM SSD 256Go ecran Full HD 13 pouces etudiant leger rapide,1345.62,informatique,myStore,8,Huawei Latitude 13 Ordinateur portable Ryzen 7 8Go RAM SSD 256Go ecran Full HD 13 pouces etudiant leger rapide,3
iPhone 14 64Go,Smartphone Apple puce A-series 64Go ecran Super Retina camera avancee Face ID iOS rapide,1385.64,telephone portable,myStore,0,iPhone 14 64Go Smartphone Apple puce A-series 64Go ecran Super Retina camera avancee Face ID iOS rapide,25
Marshall Enceinte Bluetooth,Enceinte Marshall Bluetooth reduction bruit active ANC 50h autonomie qualite sonore premium,318.01,electronique,myStore,0,Marshall Enceinte Bluetooth Enceinte Marshall Bluetooth reduction bruit active ANC 50h autonomie qualite sonore premium,46
Four micro-ondes 28L,Four micro-ondes Samsung 28L grill combine inox programmes automatiques rapide,81.46,electromenager,myStore,0,Four micro-ondes 28L Four micro-ondes Samsung 28L grill combine inox programmes automatiques rapide,21
Redmi Note 10 4Go/128Go,Smartphone Xiaomi MIUI 4Go RAM 128Go camera 200MP batterie 6000mAh charge rapide AMOLED,737.28,telephone portable,myStore,4,Redmi Note 10 4Go/128Go Smartphone Xiaomi MIUI 4Go RAM 128Go camera 200MP batterie 6000mAh charge rapide AMOLED,6
Intel Core i5-10400,Processeur Intel i5 6 coeurs 12 threads 4.3GHz gaming bureautique,84.58,informatique,myStore,0,Intel Core i5-10400 Processeur Intel i5 6 coeurs 12 threads 4.3GHz gaming bureautique,15
AMD Ryzen 9 5950X,Processeur AMD Ryzen 9 16 coeurs 32 threads 4.9GHz createur contenu,583.63,informatique,myStore,0,AMD Ryzen 9 5950X Processeur AMD Ryzen 9 16 coeurs 32 threads 4.9GHz createur contenu,12
Redmi Note 11 4Go/256Go,Smartphone Xiaomi MIUI 4Go RAM 256Go camera 12MP batterie 3000mAh charge rapide AMOLED,154.22,telephone portable,myStore,4,Redmi Note 11 4Go/256Go Smartphone Xiaomi MIUI 4Go RAM 256Go camera 12MP batterie 3000mAh charge rapide AMOLED,12
AMD Ryzen 3 3300X,Processeur AMD Ryzen 3 4 coeurs 8 threads 4.3GHz rapport qualite prix,79.07,informatique,myStore,0,AMD Ryzen 3 3300X Processeur AMD Ryzen 3 4 coeurs 8 threads 4.3GHz rapport qualite prix,34
Lave-linge 9kg,Lave-linge Whirlpool 9kg moteur inverter 1400tr/min vapeur A+++ silencieux,467.21,electromenager,myStore,0,Lave-linge 9kg Lave-linge Whirlpool 9kg moteur inverter 1400tr/min vapeur A+++ silencieux,28
Routeur WiFi 6 1200Mbps,Routeur WiFi 6 Netgear 1200Mbps double bande MU-MIMO 4 antennes rapide securise,262.12,reseau,myStore,0,Routeur WiFi 6 1200Mbps Routeur WiFi 6 Netgear 1200Mbps double bande MU-MIMO 4 antennes rapide securise,8
Point acces WiFi Pro,Point acces WiFi Huawei 802.11ax dual-band 1200Mbps PoE entreprise couverture,248.35,reseau,myStore,0,Point acces WiFi Pro Point acces WiFi Huawei 802.11ax dual-band 1200Mbps PoE entreprise couverture,27
Repeteur WiFi 750Mbps,Repeteur WiFi Cisco 750Mbps double bande port Gigabit facile installer,18.68,reseau,myStore,0,Repeteur WiFi 750Mbps Repeteur WiFi Cisco 750Mbps double bande port Gigabit facile installer,11
Galaxy S22 4G 3Go/64Go,Smartphone Samsung AMOLED 3Go RAM 64Go camera 48MP batterie 6000mAh 4G charge rapide Android,358.64,telephone portable,myStore,3,Galaxy S22 4G 3Go/64Go Smartphone Samsung AMOLED 3Go RAM 64Go camera 48MP batterie 6000mAh 4G charge rapide Android,17
Climatiseur 24000 BTU inverter,Climatiseur Carrier 24000 BTU inverter A++ WiFi Smart silencieux ecologique R-32,422.68,electromenager,myStore,0,Climatiseur 24000 BTU inverter Climatiseur Carrier 24000 BTU inverter A++ WiFi Smart silencieux ecologique R-32,29
Repeteur WiFi 1200Mbps,Repeteur WiFi Ubiquiti 1200Mbps double bande port Gigabit facile installer,71.0,reseau,myStore,0,Repeteur WiFi 1200Mbps Repeteur WiFi Ubiquiti 1200Mbps double bande port Gigabit facile installer,15
HP Yoga 14,Ordinateur portable i5 32Go RAM SSD 512Go ecran Full HD 14 pouces etudiant leger rapide,412.98,informatique,myStore,32,HP Yoga 14 Ordinateur portable i5 32Go RAM SSD 512Go ecran Full HD 14 pouces etudiant leger rapide,4
Sony ULED 50 pouces 4K,Television Sony ULED 50 pouces 4K UHD HDR Smart TV 100Hz WiFi HDMI streaming,1783.52,electronique,myStore,0,Sony ULED 50 pouces 4K Television Sony ULED 50 pouces 4K UHD HDR Smart TV 100Hz WiFi HDMI streaming,28
MicroSD 64Go,Carte microSD Kingston 64Go Class10 A1 V10 rapide smartphone tablette drone,53.43,stockage,myStore,0,MicroSD 64Go Carte microSD Kingston 64Go Class10 A1 V10 rapide smartphone tablette drone,35
Huawei iPad 9 3Go/256Go,Tablette Huawei 3Go RAM 256Go ecran haute resolution WiFi Bluetooth multimedia travail,215.07,electronique,myStore,3,Huawei iPad 9 3Go/256Go Tablette Huawei 3Go RAM 256Go ecran haute resolution WiFi Bluetooth multimedia travail,6
Jabra Casque Bluetooth,Casque Jabra Bluetooth reduction bruit active ANC 8h autonomie qualite sonore premium,218.86,electronique,myStore,0,Jabra Casque Bluetooth Casque Jabra Bluetooth reduction bruit active ANC 8h autonomie qualite sonore premium,3
HP ROG Strix 15,Ordinateur portable i5 24Go RAM SSD 256Go ecran Full HD 15 pouces professionnel leger rapide,1113.75,informatique,myStore,24,HP ROG Strix 15 Ordinateur portable i5 24Go RAM SSD 256Go ecran Full HD 15 pouces professionnel leger rapide,41
Huawei MatePad 11 6Go/32Go,Tablette Huawei 6Go RAM 32Go ecran haute resolution WiFi Bluetooth multimedia travail,433.33,electronique,myStore,6,Huawei MatePad 11 6Go/32Go Tablette Huawei 6Go RAM 32Go ecran haute resolution WiFi Bluetooth multimedia travail,34
Huawei XPS 17,Ordinateur portable Ryzen 5 16Go RAM SSD 256Go ecran Full HD 17 pouces bureautique leger rapide,419.04,informatique,myStore,16,Huawei XPS 17 Ordinateur portable Ryzen 5 16Go RAM SSD 256Go ecran Full HD 17 pouces bureautique leger rapide,0
JBL Enceinte Bluetooth,Enceinte JBL Bluetooth son haute fidelite 50h autonomie qualite sonore premium,198.35,electronique,myStore,0,JBL Enceinte Bluetooth Enceinte JBL Bluetooth son haute fidelite 50h autonomie qualite sonore premium,5
Switch 5 ports Gigabit,Switch reseau Huawei 5 ports Gigabit manageable PoE+ entreprise fiable,301.83,reseau,myStore,0,Switch 5 ports Gigabit Switch reseau Huawei 5 ports Gigabit manageable PoE+ entreprise fiable,48
Huawei GT 2 Pro 4Go/64Go,Smartphone Huawei 4Go RAM 64Go camera 108MP batterie 5000mAh AMOLED charge rapide Android,338.2,telephone portable,myStore,4,Huawei GT 2 Pro 4Go/64Go Smartphone Huawei 4Go RAM 64Go camera 108MP batterie 5000mAh AMOLED charge rapide Android,15
Aspirateur robot WiFi,Aspirateur robot Siemens capteurs laser cartographie WiFi App programmable maison,449.79,electromenager,myStore,0,Aspirateur robot WiFi Aspirateur robot Siemens capteurs laser cartographie WiFi App programmable maison,10
Point acces WiFi Pro,Point acces WiFi Huawei 802.11ax dual-band 1200Mbps PoE entreprise couverture,413.16,reseau,myStore,0,Point acces WiFi Pro Point acces WiFi Huawei 802.11ax dual-band 1200Mbps PoE entreprise couverture,26
Samsung ROG Strix 15 Gaming,Ordinateur portable gaming Ryzen 5 4Go RAM SSD 512Go RTX 3060 ecran 15 pouces 144Hz performance,1212.6,informatique,myStore,4,Samsung ROG Strix 15 Gaming Ordinateur portable gaming Ryzen 5 4Go RAM SSD 512Go RTX 3060 ecran 15 pouces 144Hz performance,31
Lave-linge 8kg,Lave-linge Ariston 8kg moteur inverter 1400tr/min vapeur A+++ silencieux,523.36,electromenager,myStore,0,Lave-linge 8kg Lave-linge Ariston 8kg moteur inverter 1400tr/min vapeur A+++ silencieux,30
Galaxy A23 4G 4Go/128Go,Smartphone Samsung AMOLED 4Go RAM 128Go camera 50MP batterie 4000mAh 4G charge rapide Android,1048.48,telephone portable,myStore,4,Galaxy A23 4G 4Go/128Go Smartphone Samsung AMOLED 4Go RAM 128Go camera 50MP batterie 4000mAh 4G charge rapide Android,13
AMD Ryzen 9 5900X,Processeur AMD Ryzen 9 12 coeurs 24 threads 4.8GHz workstation,346.57,informatique,myStore,0,AMD Ryzen 9 5900X Processeur AMD Ryzen 9 12 coeurs 24 threads 4.8GHz workstation,25
Galaxy S23 5G 8Go/512Go,Smartphone Samsung AMOLED 8Go RAM 512Go camera 108MP batterie 4000mAh 5G charge rapide Android,124.9,telephone portable,myStore,8,Galaxy S23 5G 8Go/512Go Smartphone Samsung AMOLED 8Go RAM 512Go camera 108MP batterie 4000mAh 5G charge rapide Android,3
Corsair RAM 4Go DDR4 3600MHz,Memoire RAM Corsair 4Go DDR4 3600MHz compatible Intel AMD gaming overclocking,250.9,informatique,myStore,0,Corsair RAM 4Go DDR4 3600MHz Memoire RAM Corsair 4Go DDR4 3600MHz compatible Intel AMD gaming overclocking,10
iPhone 14 128Go,Smartphone Apple puce A-series 128Go ecran Super Retina camera avancee Face ID iOS rapide,1160.25,telephone portable,myStore,0,iPhone 14 128Go Smartphone Apple puce A-series 128Go ecran Super Retina camera avancee Face ID iOS rapide,24
Samsung Bravia OLED 65 pouces 4K,Television Samsung Bravia OLED 65 pouces 4K UHD HDR Smart TV 60Hz WiFi HDMI streaming,531.81,electronique,myStore,0,Samsung Bravia OLED 65 pouces 4K Television Samsung Bravia OLED 65 pouces 4K UHD HDR Smart TV 60Hz WiFi HDMI streaming,0
Corsair RAM 8Go DDR5 5600MHz,Memoire RAM Corsair 8Go DDR5 5600MHz compatible Intel AMD gaming overclocking,303.51,informatique,myStore,0,Corsair RAM 8Go DDR5 5600MHz Memoire RAM Corsair 8Go DDR5 5600MHz compatible Intel AMD gaming overclocking,24
Crucial SSD 2To SATA III,Disque SSD Crucial 2To SATA III 550Mo/s lecture rapide fiable stockage,46.33,informatique,myStore,0,Crucial SSD 2To SATA III Disque SSD Crucial 2To SATA III 550Mo/s lecture rapide fiable stockage,16
Xiaomi 12 6Go/256Go,Smartphone Xiaomi MIUI 6Go RAM 256Go camera 108MP batterie 5500mAh charge rapide AMOLED,158.52,telephone portable,myStore,6,Xiaomi 12 6Go/256Go Smartphone Xiaomi MIUI 6Go RAM 256Go camera 108MP batterie 5500mAh charge rapide AMOLED,50
Xiaomi 12 12Go/64Go,Smartphone Xiaomi MIUI 12Go RAM 64Go camera 108MP batterie 5500mAh charge rapide AMOLED,488.06,telephone portable,myStore,12,Xiaomi 12 12Go/64Go Smartphone Xiaomi MIUI 12Go RAM 64Go camera 108MP batterie 5500mAh charge rapide AMOLED,50
SSD externe 2000Go,Disque SSD externe Transcend 2000Go USB 3.2 1000Mo/s compact robuste rapide,81.2,stockage,myStore,0,SSD externe 2000Go Disque SSD externe Transcend 2000Go USB 3.2 1000Mo/s compact robuste rapide,29
Lenovo Galaxy Tab A7 3Go/128Go,Tablette Lenovo 3Go RAM 128Go ecran haute resolution WiFi Bluetooth multimedia travail,867.72,electronique,myStore,3,Lenovo Galaxy Tab A7 3Go/128Go Tablette Lenovo 3Go RAM 128Go ecran haute resolution WiFi Bluetooth multimedia travail,18
Redmi Note 11 12Go/64Go,Smartphone Xiaomi MIUI 12Go RAM 64Go camera 12MP batterie 5500mAh charge rapide AMOLED,779.38,telephone portable,myStore,12,Redmi Note 11 12Go/64Go Smartphone Xiaomi MIUI 12Go RAM 64Go camera 12MP batterie 5500mAh charge rapide AMOLED,27
Vivo Xperia 5 IV 6Go/128Go,Smartphone Vivo 6Go RAM 128Go camera 64MP batterie 5000mAh AMOLED charge rapide Android,857.17,telephone portable,myStore,6,Vivo Xperia 5 IV 6Go/128Go Smartphone Vivo 6Go RAM 128Go camera 64MP batterie 5000mAh AMOLED charge rapide Android,44
TCL Neo QLED 75 pouces 4K,Television TCL Neo QLED 75 pouces 4K UHD HDR Smart TV 144Hz WiFi HDMI streaming,757.35,electronique,myStore,0,TCL Neo QLED 75 pouces 4K Television TCL Neo QLED 75 pouces 4K UHD HDR Smart TV 144Hz WiFi HDMI streaming,46
Samsung Yoga 15,Ordinateur portable Ryzen 5 32Go RAM SSD 128Go ecran Full HD 15 pouces bureautique leger rapide,696.18,informatique,myStore,32,Samsung Yoga 15 Ordinateur portable Ryzen 5 32Go RAM SSD 128Go ecran Full HD 15 pouces bureautique leger rapide,50
SSD externe 2000Go,Disque SSD externe Kingston 2000Go USB 3.2 1000Mo/s compact robuste rapide,196.02,stockage,myStore,0,SSD externe 2000Go Disque SSD externe Kingston 2000Go USB 3.2 1000Mo/s compact robuste rapide,35
Galaxy A14 5G 6Go/128Go,Smartphone Samsung AMOLED 6Go RAM 128Go camera 50MP batterie 4500mAh 5G charge rapide Android,1089.81,telephone portable,myStore,6,Galaxy A14 5G 6Go/128Go Smartphone Samsung AMOLED 6Go RAM 128Go camera 50MP batterie 4500mAh 5G charge rapide Android,42
Crucial SSD 128Go SATA III,Disque SSD Crucial 128Go SATA III 550Mo/s lecture rapide fiable stockage,84.55,informatique,myStore,0,Crucial SSD 128Go SATA III Disque SSD Crucial 128Go SATA III 550Mo/s lecture rapide fiable stockage,45
Samsung EliteBook 16,Ordinateur portable Ryzen 5 32Go RAM SSD 1To ecran Full HD 16 pouces multimedia leger rapide,1387.83,informatique,myStore,32,Samsung EliteBook 16 Ordinateur portable Ryzen 5 32Go RAM SSD 1To ecran Full HD 16 pouces multimedia leger rapide,31
NAS 2To WiFi,Disque NAS Transcend 2To WiFi acces distant sauvegarde bureau maison cloud,274.38,stockage,myStore,0,NAS 2To WiFi Disque NAS Transcend 2To WiFi acces distant sauvegarde bureau maison cloud,9
LG Neo QLED 32 pouces 4K,Television LG Neo QLED 32 pouces 4K UHD HDR Smart TV 144Hz WiFi HDMI streaming,2229.27,electronique,myStore,0,LG Neo QLED 32 pouces 4K Television LG Neo QLED 32 pouces 4K UHD HDR Smart TV 144Hz WiFi HDMI streaming,12
Galaxy A14 5G 12Go/512Go,Smartphone Samsung AMOLED 12Go RAM 512Go camera 48MP batterie 3000mAh 5G charge rapide Android,923.55,telephone portable,myStore,12,Galaxy A14 5G 12Go/512Go Smartphone Samsung AMOLED 12Go RAM 512Go camera 48MP batterie 3000mAh 5G charge rapide Android,18
Samsung ZenBook 16,Ordinateur portable Ryzen 7 12Go RAM SSD 128Go ecran Full HD 16 pouces bureautique leger rapide,1136.48,informatique,myStore,12,Samsung ZenBook 16 Ordinateur portable Ryzen 7 12Go RAM SSD 128Go ecran Full HD 16 pouces bureautique leger rapide,13
MSI Spectre 17 Gaming,Ordinateur portable gaming Ryzen 7 24Go RAM SSD 128Go RX 6700 XT ecran 17 pouces 144Hz performance,2123.24,informatique,myStore,24,MSI Spectre 17 Gaming Ordinateur portable gaming Ryzen 7 24Go RAM SSD 128Go RX 6700 XT ecran 17 pouces 144Hz performance,3
Machine cafe capsules,Machine cafe Carrier capsules pression 19 bars reservoir 1.5L rapide compacte,174.9,electromenager,myStore,0,Machine cafe capsules Machine cafe Carrier capsules pression 19 bars reservoir 1.5L rapide compacte,37
Intel Core i7-11700,Processeur Intel i7 8 coeurs 16 threads 4.9GHz gaming puissant,190.04,informatique,myStore,0,Intel Core i7-11700 Processeur Intel i7 8 coeurs 16 threads 4.9GHz gaming puissant,47
iPhone 11 128Go,Smartphone Apple puce A-series 128Go ecran Super Retina camera avancee Face ID iOS rapide,1856.77,telephone portable,myStore,0,iPhone 11 128Go Smartphone Apple puce A-series 128Go ecran Super Retina camera avancee Face ID iOS rapide,34
Redmi Note 10 8Go/32Go,Smartphone Xiaomi MIUI 8Go RAM 32Go camera 12MP batterie 4000mAh charge rapide AMOLED,500.92,telephone portable,myStore,8,Redmi Note 10 8Go/32Go Smartphone Xiaomi MIUI 8Go RAM 32Go camera 12MP batterie 4000mAh charge rapide AMOLED,3
WD HDD 4To 7200RPM,Disque dur WD 4To 7200RPM SATA III stockage masse donnees multimedia,135.11,informatique,myStore,0,WD HDD 4To 7200RPM Disque dur WD 4To 7200RPM SATA III stockage masse donnees multimedia,47
MicroSD 64Go,Carte microSD Seagate 64Go Class10 A1 V10 rapide smartphone tablette drone,40.88,stockage,myStore,0,MicroSD 64Go Carte microSD Seagate 64Go Class10 A1 V10 rapide smartphone tablette drone,20
Samsung SSD 2To NVMe M.2,Disque SSD Samsung 2To NVMe M.2 3500Mo/s lecture rapide fiable stockage,57.44,informatique,myStore,0,Samsung SSD 2To NVMe M.2 Disque SSD Samsung 2To NVMe M.2 3500Mo/s lecture rapide fiable stockage,3
Microsoft ProBook 17,Ordinateur portable Ryzen 3 8Go RAM SSD 512Go ecran Full HD 17 pouces multimedia leger rapide,1008.09,informatique,myStore,8,Microsoft ProBook 17 Ordinateur portable Ryzen 3 8Go RAM SSD 512Go ecran Full HD 17 pouces multimedia leger rapide,3
Marshall Casque Bluetooth,Casque Marshall Bluetooth reduction bruit active ANC 8h autonomie qualite sonore premium,285.84,electronique,myStore,0,Marshall Casque Bluetooth Casque Marshall Bluetooth reduction bruit active ANC 8h autonomie qualite sonore premium,37
Lave-linge 9kg,Lave-linge LG 9kg moteur inverter 1400tr/min vapeur A+++ silencieux,623.51,electromenager,myStore,0,Lave-linge 9kg Lave-linge LG 9kg moteur inverter 1400tr/min vapeur A+++ silencieux,30
Routeur WiFi 6 1800Mbps,Routeur WiFi 6 D-Link 1800Mbps double bande MU-MIMO 4 antennes rapide securise,44.14,reseau,myStore,0,Routeur WiFi 6 1800Mbps Routeur WiFi 6 D-Link 1800Mbps double bande MU-MIMO 4 antennes rapide securise,32
AMD Ryzen 7 5800X,Processeur AMD Ryzen 7 8 coeurs 16 threads 4.7GHz overclocking,189.31,informatique,myStore,0,AMD Ryzen 7 5800X Processeur AMD Ryzen 7 8 coeurs 16 threads 4.7GHz overclocking,33
Samsung Neo QLED 40 pouces 4K,Television Samsung Neo QLED 40 pouces 4K UHD HDR Smart TV 100Hz WiFi HDMI streaming,2114.95,electronique,myStore,0,Samsung Neo QLED 40 pouces 4K Television Samsung Neo QLED 40 pouces 4K UHD HDR Smart TV 100Hz WiFi HDMI streaming,10
Huawei Aspire 13 Gaming,Ordinateur portable gaming i3 32Go RAM SSD 128Go RTX 3050 ecran 13 pouces 144Hz performance,1309.62,informatique,myStore,32,Huawei Aspire 13 Gaming Ordinateur portable gaming i3 32Go RAM SSD 128Go RTX 3050 ecran 13 pouces 144Hz performance,3
LG ThinkPad 14,Ordinateur portable Ryzen 9 24Go RAM SSD 256Go ecran Full HD 14 pouces multimedia leger rapide,1019.8,informatique,myStore,24,LG ThinkPad 14 Ordinateur portable Ryzen 9 24Go RAM SSD 256Go ecran Full HD 14 pouces multimedia leger rapide,32
Samsung SSD 2To SATA III,Disque SSD Samsung 2To SATA III 550Mo/s lecture rapide fiable stockage,73.69,informatique,myStore,0,Samsung SSD 2To SATA III Disque SSD Samsung 2To SATA III 550Mo/s lecture rapide fiable stockage,5
Marshall Casque Bluetooth,Casque Marshall Bluetooth son haute fidelite 20h autonomie qualite sonore premium,292.73,electronique,myStore,0,Marshall Casque Bluetooth Casque Marshall Bluetooth son haute fidelite 20h autonomie qualite sonore premium,11
Lave-vaisselle 12 couverts,Lave-vaisselle Daikin 12 couverts SilencePlus A+++ economie eau energie,563.31,electromenager,myStore,0,Lave-vaisselle 12 couverts Lave-vaisselle Daikin 12 couverts SilencePlus A+++ economie eau energie,4
Cle USB 16Go,Cle USB Seagate 16Go USB 3.0 lecture rapide compact metal design portable,54.83,stockage,myStore,0,Cle USB 16Go Cle USB Seagate 16Go USB 3.0 lecture rapide compact metal design portable,38
Galaxy A14 4G 6Go/256Go,Smartphone Samsung AMOLED 6Go RAM 256Go camera 64MP batterie 4500mAh 4G charge rapide Android,1065.9,telephone portable,myStore,6,Galaxy A14 4G 6Go/256Go Smartphone Samsung AMOLED 6Go RAM 256Go camera 64MP batterie 4500mAh 4G charge rapide Android,4
Galaxy M33 4G 6Go/128Go,Smartphone Samsung AMOLED 6Go RAM 128Go camera 200MP batterie 4000mAh 4G charge rapide Android,689.4,telephone portable,myStore,6,Galaxy M33 4G 6Go/128Go Smartphone Samsung AMOLED 6Go RAM 128Go camera 200MP batterie 4000mAh 4G charge rapide Android,43
Poco X3 6Go/512Go,Smartphone Xiaomi MIUI 6Go RAM 512Go camera 50MP batterie 5000mAh charge rapide AMOLED,863.4,telephone portable,myStore,6,Poco X3 6Go/512Go Smartphone Xiaomi MIUI 6Go RAM 512Go camera 50MP batterie 5000mAh charge rapide AMOLED,15
Xiaomi 12 8Go/64Go,Smartphone Xiaomi MIUI 8Go RAM 64Go camera 200MP batterie 3000mAh charge rapide AMOLED,735.64,telephone portable,myStore,8,Xiaomi 12 8Go/64Go Smartphone Xiaomi MIUI 8Go RAM 64Go camera 200MP batterie 3000mAh charge rapide AMOLED,25
Sennheiser Enceinte Bluetooth,Enceinte Sennheiser Bluetooth reduction bruit active ANC 8h autonomie qualite sonore premium,387.08,electronique,myStore,0,Sennheiser Enceinte Bluetooth Enceinte Sennheiser Bluetooth reduction bruit active ANC 8h autonomie qualite sonore premium,7
Carte SD 32Go,Carte memoire Seagate 32Go UHS-I U3 V30 4K 160Mo/s appareil photo drone,73.16,stockage,myStore,0,Carte SD 32Go Carte memoire Seagate 32Go UHS-I U3 V30 4K 160Mo/s appareil photo drone,36
Poco F4 12Go/256Go,Smartphone Xiaomi MIUI 12Go RAM 256Go camera 12MP batterie 3000mAh charge rapide AMOLED,237.7,telephone portable,myStore,12,Poco F4 12Go/256Go Smartphone Xiaomi MIUI 12Go RAM 256Go camera 12MP batterie 3000mAh charge rapide AMOLED,15
TCL Bravia OLED 85 pouces 4K,Television TCL Bravia OLED 85 pouces 4K UHD HDR Smart TV 144Hz WiFi HDMI streaming,1172.57,electronique,myStore,0,TCL Bravia OLED 85 pouces 4K Television TCL Bravia OLED 85 pouces 4K UHD HDR Smart TV 144Hz WiFi HDMI streaming,37
Sony Ecouteurs Bluetooth,Ecouteurs Sony Bluetooth son haute fidelite 24h autonomie qualite sonore premium,291.4,electronique,myStore,0,Sony Ecouteurs Bluetooth Ecouteurs Sony Bluetooth son haute fidelite 24h autonomie qualite sonore premium,38
AMD Ryzen 9 5950X,Processeur AMD Ryzen 9 16 coeurs 32 threads 4.9GHz createur contenu,594.33,informatique,myStore,0,AMD Ryzen 9 5950X Processeur AMD Ryzen 9 16 coeurs 32 threads 4.9GHz createur contenu,2
Philips Neo QLED 55 pouces 4K,Television Philips Neo QLED 55 pouces 4K UHD HDR Smart TV 100Hz WiFi HDMI streaming,464.48,electronique,myStore,0,Philips Neo QLED 55 pouces 4K Television Philips Neo QLED 55 pouces 4K UHD HDR Smart TV 100Hz WiFi HDMI streaming,39
NAS 6To WiFi,Disque NAS Kingston 6To WiFi acces distant sauvegarde bureau maison cloud,265.76,stockage,myStore,0,NAS 6To WiFi Disque NAS Kingston 6To WiFi acces distant sauvegarde bureau maison cloud,5
Samsung Aspire 13,Ordinateur portable Ryzen 5 12Go RAM SSD 512Go ecran Full HD 13 pouces multimedia leger rapide,913.04,informatique,myStore,12,Samsung Aspire 13 Ordinateur portable Ryzen 5 12Go RAM SSD 512Go ecran Full HD 13 pouces multimedia leger rapide,26
Marshall Enceinte Bluetooth,Enceinte Marshall Bluetooth reduction bruit active ANC 24h autonomie qualite sonore premium,218.11,electronique,myStore,0,Marshall Enceinte Bluetooth Enceinte Marshall Bluetooth reduction bruit active ANC 24h autonomie qualite sonore premium,42
Intel Core i5-10400,Processeur Intel i5 6 coeurs 12 threads 4.3GHz gaming bureautique,100.26,informatique,myStore,0,Intel Core i5-10400 Processeur Intel i5 6 coeurs 12 threads 4.3GHz gaming bureautique,37
Intel Core i7-11700,Processeur Intel i7 8 coeurs 16 threads 4.9GHz gaming puissant,191.09,informatique,myStore,0,Intel Core i7-11700 Processeur Intel i7 8 coeurs 16 threads 4.9GHz gaming puissant,36
Redmi Note 10 6Go/64Go,Smartphone Xiaomi MIUI 6Go RAM 64Go camera 108MP batterie 5000mAh charge rapide AMOLED,609.45,telephone portable,myStore,6,Redmi Note 10 6Go/64Go Smartphone Xiaomi MIUI 6Go RAM 64Go camera 108MP batterie 5000mAh charge rapide AMOLED,33
Kingston RAM 8Go DDR5 4800MHz,Memoire RAM Kingston 8Go DDR5 4800MHz compatible Intel AMD gaming overclocking,125.19,informatique,myStore,0,Kingston RAM 8Go DDR5 4800MHz Memoire RAM Kingston 8Go DDR5 4800MHz compatible Intel AMD gaming overclocking,20
Toshiba HDD 1To 7200RPM,Disque dur Toshiba 1To 7200RPM SATA III stockage masse donnees multimedia,30.22,informatique,myStore,0,Toshiba HDD 1To 7200RPM Disque dur Toshiba 1To 7200RPM SATA III stockage masse donnees multimedia,16
Sony OLED 75 pouces 4K,Television Sony OLED 75 pouces 4K UHD HDR Smart TV 144Hz WiFi HDMI streaming,1552.65,electronique,myStore,0,Sony OLED 75 pouces 4K Television Sony OLED 75 pouces 4K UHD HDR Smart TV 144Hz WiFi HDMI streaming,13
Huawei Pixel 7 6Go/128Go,Smartphone Huawei 6Go RAM 128Go camera 200MP batterie 6000mAh AMOLED charge rapide Android,655.35,telephone portable,myStore,6,Huawei Pixel 7 6Go/128Go Smartphone Huawei 6Go RAM 128Go camera 200MP batterie 6000mAh AMOLED charge rapide Android,42
Samsung Bravia OLED 40 pouces 4K,Television Samsung Bravia OLED 40 pouces 4K UHD HDR Smart TV 120Hz WiFi HDMI streaming,1309.84,electronique,myStore,0,Samsung Bravia OLED 40 pouces 4K Television Samsung Bravia OLED 40 pouces 4K UHD HDR Smart TV 120Hz WiFi HDMI streaming,45
Galaxy M23 5G 8Go/64Go,Smartphone Samsung AMOLED 8Go RAM 64Go camera 50MP batterie 5000mAh 5G charge rapide Android,330.84,telephone portable,myStore,8,Galaxy M23 5G 8Go/64Go Smartphone Samsung AMOLED 8Go RAM 64Go camera 50MP batterie 5000mAh 5G charge rapide Android,20
Galaxy M53 4G 4Go/128Go,Smartphone Samsung AMOLED 4Go RAM 128Go camera 64MP batterie 4500mAh 4G charge rapide Android,306.32,telephone portable,myStore,4,Galaxy M53 4G 4Go/128Go Smartphone Samsung AMOLED 4Go RAM 128Go camera 64MP batterie 4500mAh 4G charge rapide Android,15
Intel Core i7-11700,Processeur Intel i7 8 coeurs 16 threads 4.9GHz gaming puissant,180.69,informatique,myStore,0,Intel Core i7-11700 Processeur Intel i7 8 coeurs 16 threads 4.9GHz gaming puissant,16
Galaxy A33 4G 6Go/32Go,Smartphone Samsung AMOLED 6Go RAM 32Go camera 12MP batterie 4000mAh 4G charge rapide Android,995.03,telephone portable,myStore,6,Galaxy A33 4G 6Go/32Go Smartphone Samsung AMOLED 6Go RAM 32Go camera 12MP batterie 4000mAh 4G charge rapide Android,25
LG Legion 14,Ordinateur portable Ryzen 9 16Go RAM SSD 1To ecran Full HD 14 pouces etudiant leger rapide,846.85,informatique,myStore,16,LG Legion 14 Ordinateur portable Ryzen 9 16Go RAM SSD 1To ecran Full HD 14 pouces etudiant leger rapide,8
Samsung SSD 1To SATA III,Disque SSD Samsung 1To SATA III 550Mo/s lecture rapide fiable stockage,120.48,informatique,myStore,0,Samsung SSD 1To SATA III Disque SSD Samsung 1To SATA III 550Mo/s lecture rapide fiable stockage,42
Lave-linge 9kg,Lave-linge Whirlpool 9kg moteur inverter 1400tr/min vapeur A+++ silencieux,368.13,electromenager,myStore,0,Lave-linge 9kg Lave-linge Whirlpool 9kg moteur inverter 1400tr/min vapeur A+++ silencieux,41
Galaxy A14 4G 8Go/64Go,Smartphone Samsung AMOLED 8Go RAM 64Go camera 12MP batterie 6000mAh 4G charge rapide Android,345.89,telephone portable,myStore,8,Galaxy A14 4G 8Go/64Go Smartphone Samsung AMOLED 8Go RAM 64Go camera 12MP batterie 6000mAh 4G charge rapide Android,19
Realme iPad Pro 11 3Go/256Go,Tablette Realme 3Go RAM 256Go ecran haute resolution WiFi Bluetooth multimedia travail,603.77,electronique,myStore,3,Realme iPad Pro 11 3Go/256Go Tablette Realme 3Go RAM 256Go ecran haute resolution WiFi Bluetooth multimedia travail,29
Samsung ULED 32 pouces 4K,Television Samsung ULED 32 pouces 4K UHD HDR Smart TV 100Hz WiFi HDMI streaming,2314.85,electronique,myStore,0,Samsung ULED 32 pouces 4K Television Samsung ULED 32 pouces 4K UHD HDR Smart TV 100Hz WiFi HDMI streaming,20
Mi 11 12Go/512Go,Smartphone Xiaomi MIUI 12Go RAM 512Go camera 200MP batterie 6000mAh charge rapide AMOLED,700.77,telephone portable,myStore,12,Mi 11 12Go/512Go Smartphone Xiaomi MIUI 12Go RAM 512Go camera 200MP batterie 6000mAh charge rapide AMOLED,48
Four micro-ondes 20L,Four micro-ondes Siemens 20L grill combine inox programmes automatiques rapide,246.95,electromenager,myStore,0,Four micro-ondes 20L Four micro-ondes Siemens 20L grill combine inox programmes automatiques rapide,4
Galaxy A23 4G 8Go/32Go,Smartphone Samsung AMOLED 8Go RAM 32Go camera 200MP batterie 5500mAh 4G charge rapide Android,653.61,telephone portable,myStore,8,Galaxy A23 4G 8Go/32Go Smartphone Samsung AMOLED 8Go RAM 32Go camera 200MP batterie 5500mAh 4G charge rapide Android,0
Huawei MatePad 11 6Go/256Go,Tablette Huawei 6Go RAM 256Go ecran haute resolution WiFi Bluetooth multimedia travail,301.13,electronique,myStore,6,Huawei MatePad 11 6Go/256Go Tablette Huawei 6Go RAM 256Go ecran haute resolution WiFi Bluetooth multimedia travail,29
iPhone 12 512Go,Smartphone Apple puce A-series 512Go ecran Super Retina camera avancee Face ID iOS rapide,565.01,telephone portable,myStore,0,iPhone 12 512Go Smartphone Apple puce A-series 512Go ecran Super Retina camera avancee Face ID iOS rapide,39
Nokia Nord CE 2 4Go/32Go,Smartphone Nokia 4Go RAM 32Go camera 48MP batterie 4000mAh AMOLED charge rapide Android,174.89,telephone portable,myStore,4,Nokia Nord CE 2 4Go/32Go Smartphone Nokia 4Go RAM 32Go camera 48MP batterie 4000mAh AMOLED charge rapide Android,36
HP Envy 16,Ordinateur portable i9 12Go RAM SSD 128Go ecran Full HD 16 pouces bureautique leger rapide,895.92,informatique,myStore,12,HP Envy 16 Ordinateur portable i9 12Go RAM SSD 128Go ecran Full HD 16 pouces bureautique leger rapide,6
Galaxy A23 5G 8Go/64Go,Smartphone Samsung AMOLED 8Go RAM 64Go camera 200MP batterie 4000mAh 5G charge rapide Android,481.32,telephone portable,myStore,8,Galaxy A23 5G 8Go/64Go Smartphone Samsung AMOLED 8Go RAM 64Go camera 200MP batterie 4000mAh 5G charge rapide Android,4
Samsung Enceinte Bluetooth,Enceinte Samsung Bluetooth reduction bruit active ANC 30h autonomie qualite sonore premium,154.96,electronique,myStore,0,Samsung Enceinte Bluetooth Enceinte Samsung Bluetooth reduction bruit active ANC 30h autonomie qualite sonore premium,34
Acer Modern 16,Ordinateur portable Ryzen 9 24Go RAM SSD 1To ecran Full HD 16 pouces professionnel leger rapide,872.24,informatique,myStore,24,Acer Modern 16 Ordinateur portable Ryzen 9 24Go RAM SSD 1To ecran Full HD 16 pouces professionnel leger rapide,13
Friteuse sans huile 6L,Friteuse sans huile Midea 6L technologie air chaud 80% moins matiere grasse,78.0,electromenager,myStore,0,Friteuse sans huile 6L Friteuse sans huile Midea 6L technologie air chaud 80% moins matiere grasse,32
Repeteur WiFi 1200Mbps,Repeteur WiFi Netgear 1200Mbps double bande port Gigabit facile installer,59.4,reseau,myStore,0,Repeteur WiFi 1200Mbps Repeteur WiFi Netgear 1200Mbps double bande port Gigabit facile installer,16
Xiaomi 11T 12Go/128Go,Smartphone Xiaomi MIUI 12Go RAM 128Go camera 48MP batterie 3000mAh charge rapide AMOLED,766.37,telephone portable,myStore,12,Xiaomi 11T 12Go/128Go Smartphone Xiaomi MIUI 12Go RAM 128Go camera 48MP batterie 3000mAh charge rapide AMOLED,8
Lenovo Spectre 13,Ordinateur portable i9 32Go RAM SSD 128Go ecran Full HD 13 pouces bureautique leger rapide,1347.09,informatique,myStore,32,Lenovo Spectre 13 Ordinateur portable i9 32Go RAM SSD 128Go ecran Full HD 13 pouces bureautique leger rapide,22
Dell ProBook 16,Ordinateur portable Ryzen 5 4Go RAM SSD 128Go ecran Full HD 16 pouces etudiant leger rapide,1398.38,informatique,myStore,4,Dell ProBook 16 Ordinateur portable Ryzen 5 4Go RAM SSD 128Go ecran Full HD 16 pouces etudiant leger rapide,4
Jabra Enceinte Bluetooth,Enceinte Jabra Bluetooth reduction bruit active ANC 30h autonomie qualite sonore premium,275.23,electronique,myStore,0,Jabra Enceinte Bluetooth Enceinte Jabra Bluetooth reduction bruit active ANC 30h autonomie qualite sonore premium,15
MicroSD 16Go,Carte microSD Seagate 16Go Class10 A1 V10 rapide smartphone tablette drone,25.06,stockage,myStore,0,MicroSD 16Go Carte microSD Seagate 16Go Class10 A1 V10 rapide smartphone tablette drone,23
Galaxy A33 4G 4Go/512Go,Smartphone Samsung AMOLED 4Go RAM 512Go camera 108MP batterie 5500mAh 4G charge rapide Android,1165.17,telephone portable,myStore,4,Galaxy A33 4G 4Go/512Go Smartphone Samsung AMOLED 4Go RAM 512Go camera 108MP batterie 5500mAh 4G charge rapide Android,18
Dell IdeaPad 14,Ordinateur portable Ryzen 5 4Go RAM SSD 512Go ecran Full HD 14 pouces bureautique leger rapide,1160.08,informatique,myStore,4,Dell IdeaPad 14 Ordinateur portable Ryzen 5 4Go RAM SSD 512Go ecran Full HD 14 pouces bureautique leger rapide,10
Kingston RAM 8Go DDR4 4800MHz,Memoire RAM Kingston 8Go DDR4 4800MHz compatible Intel AMD gaming overclocking,70.78,informatique,myStore,0,Kingston RAM 8Go DDR4 4800MHz Memoire RAM Kingston 8Go DDR4 4800MHz compatible Intel AMD gaming overclocking,28
iPhone 13 256Go,Smartphone Apple puce A-series 256Go ecran Super Retina camera avancee Face ID iOS rapide,1120.95,telephone portable,myStore,0,iPhone 13 256Go Smartphone Apple puce A-series 256Go ecran Super Retina camera avancee Face ID iOS rapide,34
Acer Spectre 17,Ordinateur portable Ryzen 3 12Go RAM SSD 512Go ecran Full HD 17 pouces professionnel leger rapide,933.58,informatique,myStore,12,Acer Spectre 17 Ordinateur portable Ryzen 3 12Go RAM SSD 512Go ecran Full HD 17 pouces professionnel leger rapide,45
Dell XPS 17,Ordinateur portable i9 16Go RAM SSD 128Go ecran Full HD 17 pouces professionnel leger rapide,380.4,informatique,myStore,16,Dell XPS 17 Ordinateur portable i9 16Go RAM SSD 128Go ecran Full HD 17 pouces professionnel leger rapide,19
Jabra Casque Bluetooth,Casque Jabra Bluetooth reduction bruit active ANC 8h autonomie qualite sonore premium,184.68,electronique,myStore,0,Jabra Casque Bluetooth Casque Jabra Bluetooth reduction bruit active ANC 8h autonomie qualite sonore premium,39
Switch 8 ports Gigabit,Switch reseau Ubiquiti 8 ports Gigabit manageable PoE+ entreprise fiable,64.28,reseau,myStore,0,Switch 8 ports Gigabit Switch reseau Ubiquiti 8 ports Gigabit manageable PoE+ entreprise fiable,41
Intel Core i5-10400,Processeur Intel i5 6 coeurs 12 threads 4.3GHz gaming bureautique,97.03,informatique,myStore,0,Intel Core i5-10400 Processeur Intel i5 6 coeurs 12 threads 4.3GHz gaming bureautique,33
Hisense ULED 65 pouces 4K,Television Hisense ULED 65 pouces 4K UHD HDR Smart TV 144Hz WiFi HDMI streaming,1034.05,electronique,myStore,0,Hisense ULED 65 pouces 4K Television Hisense ULED 65 pouces 4K UHD HDR Smart TV 144Hz WiFi HDMI streaming,0
Samsung SSD 500Go NVMe M.2,Disque SSD Samsung 500Go NVMe M.2 3500Mo/s lecture rapide fiable stockage,81.42,informatique,myStore,0,Samsung SSD 500Go NVMe M.2 Disque SSD Samsung 500Go NVMe M.2 3500Mo/s lecture rapide fiable stockage,42
Cle USB 128Go,Cle USB SanDisk 128Go USB 3.0 lecture rapide compact metal design portable,30.92,stockage,myStore,0,Cle USB 128Go Cle USB SanDisk 128Go USB 3.0 lecture rapide compact metal design portable,35
Lave-vaisselle 12 couverts,Lave-vaisselle Samsung 12 couverts SilencePlus A+++ economie eau energie,524.82,electromenager,myStore,0,Lave-vaisselle 12 couverts Lave-vaisselle Samsung 12 couverts SilencePlus A+++ economie eau energie,19
Acer Pavilion 14 Gaming,Ordinateur portable gaming Ryzen 3 32Go RAM SSD 128Go RTX 3050 ecran 14 pouces 144Hz performance,1527.99,informatique,myStore,32,Acer Pavilion 14 Gaming Ordinateur portable gaming Ryzen 3 32Go RAM SSD 128Go RTX 3050 ecran 14 pouces 144Hz performance,42
Nokia Pixel 7 12Go/512Go,Smartphone Nokia 12Go RAM 512Go camera 108MP batterie 4000mAh AMOLED charge rapide Android,370.57,telephone portable,myStore,12,Nokia Pixel 7 12Go/512Go Smartphone Nokia 12Go RAM 512Go camera 108MP batterie 4000mAh AMOLED charge rapide Android,6
Kingston RAM 16Go DDR4 4800MHz,Memoire RAM Kingston 16Go DDR4 4800MHz compatible Intel AMD gaming overclocking,254.49,informatique,myStore,0,Kingston RAM 16Go DDR4 4800MHz Memoire RAM Kingston 16Go DDR4 4800MHz compatible Intel AMD gaming overclocking,8
Samsung ULED 43 pouces 4K,Television Samsung ULED 43 pouces 4K UHD HDR Smart TV 100Hz WiFi HDMI streaming,1775.16,electronique,myStore,0,Samsung ULED 43 pouces 4K Television Samsung ULED 43 pouces 4K UHD HDR Smart TV 100Hz WiFi HDMI streaming,16
Dell Spectre 16,Ordinateur portable Ryzen 7 12Go RAM SSD 128Go ecran Full HD 16 pouces bureautique leger rapide,948.8,informatique,myStore,12,Dell Spectre 16 Ordinateur portable Ryzen 7 12Go RAM SSD 128Go ecran Full HD 16 pouces bureautique leger rapide,7
Xiaomi Galaxy Tab A8 3Go/128Go,Tablette Xiaomi 3Go RAM 128Go ecran haute resolution WiFi Bluetooth multimedia travail,231.64,electronique,myStore,3,Xiaomi Galaxy Tab A8 3Go/128Go Tablette Xiaomi 3Go RAM 128Go ecran haute resolution WiFi Bluetooth multimedia travail,6
Climatiseur 24000 BTU inverter,Climatiseur Midea 24000 BTU inverter A++ WiFi Smart silencieux ecologique R-32,294.62,electromenager,myStore,0,Climatiseur 24000 BTU inverter Climatiseur Midea 24000 BTU inverter A++ WiFi Smart silencieux ecologique R-32,47
Marshall Enceinte Bluetooth,Enceinte Marshall Bluetooth reduction bruit active ANC 12h autonomie qualite sonore premium,300.52,electronique,myStore,0,Marshall Enceinte Bluetooth Enceinte Marshall Bluetooth reduction bruit active ANC 12h autonomie qualite sonore premium,35
Vivo 9 Pro 5G 3Go/512Go,Smartphone Vivo 3Go RAM 512Go camera 48MP batterie 5000mAh AMOLED charge rapide Android,647.87,telephone portable,myStore,3,Vivo 9 Pro 5G 3Go/512Go Smartphone Vivo 3Go RAM 512Go camera 48MP batterie 5000mAh AMOLED charge rapide Android,9
Philips NanoCell 40 pouces 4K,Television Philips NanoCell 40 pouces 4K UHD HDR Smart TV 144Hz WiFi HDMI streaming,2507.41,electronique,myStore,0,Philips NanoCell 40 pouces 4K Television Philips NanoCell 40 pouces 4K UHD HDR Smart TV 144Hz WiFi HDMI streaming,17
WD HDD 6To 5400RPM,Disque dur WD 6To 5400RPM SATA III stockage masse donnees multimedia,92.89,informatique,myStore,0,WD HDD 6To 5400RPM Disque dur WD 6To 5400RPM SATA III stockage masse donnees multimedia,18
Bose Casque Bluetooth,Casque Bose Bluetooth reduction bruit active ANC 40h autonomie qualite sonore premium,146.78,electronique,myStore,0,Bose Casque Bluetooth Casque Bose Bluetooth reduction bruit active ANC 40h autonomie qualite sonore premium,38
Samsung Neo QLED 43 pouces 4K,Television Samsung Neo QLED 43 pouces 4K UHD HDR Smart TV 100Hz WiFi HDMI streaming,1003.08,electronique,myStore,0,Samsung Neo QLED 43 pouces 4K Television Samsung Neo QLED 43 pouces 4K UHD HDR Smart TV 100Hz WiFi HDMI streaming,13
iPhone SE 2022 64Go,Smartphone Apple puce A-series 64Go ecran Super Retina camera avancee Face ID iOS rapide,563.85,telephone portable,myStore,0,iPhone SE 2022 64Go Smartphone Apple puce A-series 64Go ecran Super Retina camera avancee Face ID iOS rapide,45
Aspirateur robot WiFi,Aspirateur robot Samsung capteurs laser cartographie WiFi App programmable maison,503.15,electromenager,myStore,0,Aspirateur robot WiFi Aspirateur robot Samsung capteurs laser cartographie WiFi App programmable maison,21
Switch 24 ports Gigabit,Switch reseau Cisco 24 ports Gigabit manageable PoE+ entreprise fiable,511.65,reseau,myStore,0,Switch 24 ports Gigabit Switch reseau Cisco 24 ports Gigabit manageable PoE+ entreprise fiable,13
TCL NanoCell 85 pouces 4K,Television TCL NanoCell 85 pouces 4K UHD HDR Smart TV 60Hz WiFi HDMI streaming,494.78,electronique,myStore,0,TCL NanoCell 85 pouces 4K Television TCL NanoCell 85 pouces 4K UHD HDR Smart TV 60Hz WiFi HDMI streaming,43
Lave-vaisselle 13 couverts,Lave-vaisselle Whirlpool 13 couverts SilencePlus A+++ economie eau energie,449.43,electromenager,myStore,0,Lave-vaisselle 13 couverts Lave-vaisselle Whirlpool 13 couverts SilencePlus A+++ economie eau energie,40
TCL NanoCell 32 pouces 4K,Television TCL NanoCell 32 pouces 4K UHD HDR Smart TV 60Hz WiFi HDMI streaming,1554.92,electronique,myStore,0,TCL NanoCell 32 pouces 4K Television TCL NanoCell 32 pouces 4K UHD HDR Smart TV 60Hz WiFi HDMI streaming,16
Huawei Ecouteurs Bluetooth,Ecouteurs Huawei Bluetooth reduction bruit active ANC 20h autonomie qualite sonore premium,70.88,electronique,myStore,0,Huawei Ecouteurs Bluetooth Ecouteurs Huawei Bluetooth reduction bruit active ANC 20h autonomie qualite sonore premium,32
Routeur WiFi 6 1200Mbps,Routeur WiFi 6 Cisco 1200Mbps double bande MU-MIMO 4 antennes rapide securise,258.97,reseau,myStore,0,Routeur WiFi 6 1200Mbps Routeur WiFi 6 Cisco 1200Mbps double bande MU-MIMO 4 antennes rapide securise,31
AMD Ryzen 3 3300X,Processeur AMD Ryzen 3 4 coeurs 8 threads 4.3GHz rapport qualite prix,77.87,informatique,myStore,0,AMD Ryzen 3 3300X Processeur AMD Ryzen 3 4 coeurs 8 threads 4.3GHz rapport qualite prix,16
Mi 11 4Go/512Go,Smartphone Xiaomi MIUI 4Go RAM 512Go camera 50MP batterie 4000mAh charge rapide AMOLED,905.05,telephone portable,myStore,4,Mi 11 4Go/512Go Smartphone Xiaomi MIUI 4Go RAM 512Go camera 50MP batterie 4000mAh charge rapide AMOLED,3
Asus XPS 13,Ordinateur portable Ryzen 7 32Go RAM SSD 1To ecran Full HD 13 pouces multimedia leger rapide,715.36,informatique,myStore,32,Asus XPS 13 Ordinateur portable Ryzen 7 32Go RAM SSD 1To ecran Full HD 13 pouces multimedia leger rapide,5
Switch 8 ports Gigabit,Switch reseau D-Link 8 ports Gigabit manageable PoE+ entreprise fiable,51.19,reseau,myStore,0,Switch 8 ports Gigabit Switch reseau D-Link 8 ports Gigabit manageable PoE+ entreprise fiable,40
Realme Galaxy Tab S7 6Go/256Go,Tablette Realme 6Go RAM 256Go ecran haute resolution WiFi Bluetooth multimedia travail,678.18,electronique,myStore,6,Realme Galaxy Tab S7 6Go/256Go Tablette Realme 6Go RAM 256Go ecran haute resolution WiFi Bluetooth multimedia travail,27
iPhone 13 64Go,Smartphone Apple puce A-series 64Go ecran Super Retina camera avancee Face ID iOS rapide,1592.08,telephone portable,myStore,0,iPhone 13 64Go Smartphone Apple puce A-series 64Go ecran Super Retina camera avancee Face ID iOS rapide,17
LG ZenBook 17,Ordinateur portable i9 24Go RAM SSD 1To ecran Full HD 17 pouces bureautique leger rapide,872.94,informatique,myStore,24,LG ZenBook 17 Ordinateur portable i9 24Go RAM SSD 1To ecran Full HD 17 pouces bureautique leger rapide,2
Carte SD 256Go,Carte memoire Transcend 256Go UHS-I U3 V30 4K 160Mo/s appareil photo drone,75.76,stockage,myStore,0,Carte SD 256Go Carte memoire Transcend 256Go UHS-I U3 V30 4K 160Mo/s appareil photo drone,0
Repeteur WiFi 750Mbps,Repeteur WiFi Netgear 750Mbps double bande port Gigabit facile installer,79.77,reseau,myStore,0,Repeteur WiFi 750Mbps Repeteur WiFi Netgear 750Mbps double bande port Gigabit facile installer,21
Disque externe 4To,Disque dur externe SanDisk 4To USB 3.0 portable sauvegarde automatique,195.72,stockage,myStore,0,Disque externe 4To Disque dur externe SanDisk 4To USB 3.0 portable sauvegarde automatique,49
Intel Core i3-10100,Processeur Intel i3 4 coeurs 8 threads 4.3GHz bureautique entre de gamme,80.47,informatique,myStore,0,Intel Core i3-10100 Processeur Intel i3 4 coeurs 8 threads 4.3GHz bureautique entre de gamme,8
Intel Core i7-11700,Processeur Intel i7 8 coeurs 16 threads 4.9GHz gaming puissant,189.67,informatique,myStore,0,Intel Core i7-11700 Processeur Intel i7 8 coeurs 16 threads 4.9GHz gaming puissant,40
Friteuse sans huile 7L,Friteuse sans huile Bosch 7L technologie air chaud 80% moins matiere grasse,198.12,electromenager,myStore,0,Friteuse sans huile 7L Friteuse sans huile Bosch 7L technologie air chaud 80% moins matiere grasse,16
Kingston SSD 512Go SATA III,Disque SSD Kingston 512Go SATA III 550Mo/s lecture rapide fiable stockage,176.25,informatique,myStore,0,Kingston SSD 512Go SATA III Disque SSD Kingston 512Go SATA III 550Mo/s lecture rapide fiable stockage,10
Routeur WiFi 6 5400Mbps,Routeur WiFi 6 Cisco 5400Mbps double bande MU-MIMO 4 antennes rapide securise,182.86,reseau,myStore,0,Routeur WiFi 6 5400Mbps Routeur WiFi 6 Cisco 5400Mbps double bande MU-MIMO 4 antennes rapide securise,47
Sennheiser Casque Bluetooth,Casque Sennheiser Bluetooth son haute fidelite 40h autonomie qualite sonore premium,302.24,electronique,myStore,0,Sennheiser Casque Bluetooth Casque Sennheiser Bluetooth son haute fidelite 40h autonomie qualite sonore premium,28
Galaxy M53 5G 3Go/64Go,Smartphone Samsung AMOLED 3Go RAM 64Go camera 48MP batterie 4500mAh 5G charge rapide Android,994.65,telephone portable,myStore,3,Galaxy M53 5G 3Go/64Go Smartphone Samsung AMOLED 3Go RAM 64Go camera 48MP batterie 4500mAh 5G charge rapide Android,35
iPhone 11 128Go,Smartphone Apple puce A-series 128Go ecran Super Retina camera avancee Face ID iOS rapide,1770.74,telephone portable,myStore,0,iPhone 11 128Go Smartphone Apple puce A-series 128Go ecran Super Retina camera avancee Face ID iOS rapide,45
Routeur WiFi 6 5400Mbps,Routeur WiFi 6 Cisco 5400Mbps double bande MU-MIMO 4 antennes rapide securise,133.83,reseau,myStore,0,Routeur WiFi 6 5400Mbps Routeur WiFi 6 Cisco 5400Mbps double bande MU-MIMO 4 antennes rapide securise,27
Lave-linge 10kg,Lave-linge Beko 10kg moteur inverter 1400tr/min vapeur A+++ silencieux,383.03,electromenager,myStore,0,Lave-linge 10kg Lave-linge Beko 10kg moteur inverter 1400tr/min vapeur A+++ silencieux,35
Carte SD 64Go,Carte memoire Toshiba 64Go UHS-I U3 V30 4K 160Mo/s appareil photo drone,78.92,stockage,myStore,0,Carte SD 64Go Carte memoire Toshiba 64Go UHS-I U3 V30 4K 160Mo/s appareil photo drone,0
WD HDD 4To 5400RPM,Disque dur WD 4To 5400RPM SATA III stockage masse donnees multimedia,43.56,informatique,myStore,0,WD HDD 4To 5400RPM Disque dur WD 4To 5400RPM SATA III stockage masse donnees multimedia,7
Redmi Note 11 8Go/256Go,Smartphone Xiaomi MIUI 8Go RAM 256Go camera 108MP batterie 3000mAh charge rapide AMOLED,321.94,telephone portable,myStore,8,Redmi Note 11 8Go/256Go Smartphone Xiaomi MIUI 8Go RAM 256Go camera 108MP batterie 3000mAh charge rapide AMOLED,4
Lave-linge 9kg,Lave-linge Whirlpool 9kg moteur inverter 1400tr/min vapeur A+++ silencieux,564.92,electromenager,myStore,0,Lave-linge 9kg Lave-linge Whirlpool 9kg moteur inverter 1400tr/min vapeur A+++ silencieux,44
iPhone 12 256Go,Smartphone Apple puce A-series 256Go ecran Super Retina camera avancee Face ID iOS rapide,1759.03,telephone portable,myStore,0,iPhone 12 256Go Smartphone Apple puce A-series 256Go ecran Super Retina camera avancee Face ID iOS rapide,9
Panasonic NanoCell 55 pouces 4K,Television Panasonic NanoCell 55 pouces 4K UHD HDR Smart TV 100Hz WiFi HDMI streaming,265.49,electronique,myStore,0,Panasonic NanoCell 55 pouces 4K Television Panasonic NanoCell 55 pouces 4K UHD HDR Smart TV 100Hz WiFi HDMI streaming,34
Carte SD 512Go,Carte memoire WD 512Go UHS-I U3 V30 4K 160Mo/s appareil photo drone,11.53,stockage,myStore,0,Carte SD 512Go Carte memoire WD 512Go UHS-I U3 V30 4K 160Mo/s appareil photo drone,2
Galaxy M33 4G 8Go/64Go,Smartphone Samsung AMOLED 8Go RAM 64Go camera 12MP batterie 5500mAh 4G charge rapide Android,937.63,telephone portable,myStore,8,Galaxy M33 4G 8Go/64Go Smartphone Samsung AMOLED 8Go RAM 64Go camera 12MP batterie 5500mAh 4G charge rapide Android,23
iPhone 12 512Go,Smartphone Apple puce A-series 512Go ecran Super Retina camera avancee Face ID iOS rapide,910.54,telephone portable,myStore,0,iPhone 12 512Go Smartphone Apple puce A-series 512Go ecran Super Retina camera avancee Face ID iOS rapide,37
Friteuse sans huile 6L,Friteuse sans huile Midea 6L technologie air chaud 80% moins matiere grasse,160.54,electromenager,myStore,0,Friteuse sans huile 6L Friteuse sans huile Midea 6L technologie air chaud 80% moins matiere grasse,35
Lenovo Swift 13,Ordinateur portable i7 12Go RAM SSD 128Go ecran Full HD 13 pouces etudiant leger rapide,656.74,informatique,myStore,12,Lenovo Swift 13 Ordinateur portable i7 12Go RAM SSD 128Go ecran Full HD 13 pouces etudiant leger rapide,9
Realme Tab M10 3Go/128Go,Tablette Realme 3Go RAM 128Go ecran haute resolution WiFi Bluetooth multimedia travail,287.27,electronique,myStore,3,Realme Tab M10 3Go/128Go Tablette Realme 3Go RAM 128Go ecran haute resolution WiFi Bluetooth multimedia travail,27
Climatiseur 12000 BTU inverter,Climatiseur Midea 12000 BTU inverter A++ WiFi Smart silencieux ecologique R-32,282.06,electromenager,myStore,0,Climatiseur 12000 BTU inverter Climatiseur Midea 12000 BTU inverter A++ WiFi Smart silencieux ecologique R-32,8
TCL Bravia OLED 55 pouces 4K,Television TCL Bravia OLED 55 pouces 4K UHD HDR Smart TV 120Hz WiFi HDMI streaming,328.63,electronique,myStore,0,TCL Bravia OLED 55 pouces 4K Television TCL Bravia OLED 55 pouces 4K UHD HDR Smart TV 120Hz WiFi HDMI streaming,2
MicroSD 32Go,Carte microSD Samsung 32Go Class10 A1 V10 rapide smartphone tablette drone,31.19,stockage,myStore,0,MicroSD 32Go Carte microSD Samsung 32Go Class10 A1 V10 rapide smartphone tablette drone,19
NAS 4To WiFi,Disque NAS Samsung 4To WiFi acces distant sauvegarde bureau maison cloud,178.29,stockage,myStore,0,NAS 4To WiFi Disque NAS Samsung 4To WiFi acces distant sauvegarde bureau maison cloud,23
TCL Bravia OLED 55 pouces 4K,Television TCL Bravia OLED 55 pouces 4K UHD HDR Smart TV 144Hz WiFi HDMI streaming,1653.4,electronique,myStore,0,TCL Bravia OLED 55 pouces 4K Television TCL Bravia OLED 55 pouces 4K UHD HDR Smart TV 144Hz WiFi HDMI streaming,50
Huawei Xperia 5 IV 6Go/512Go,Smartphone Huawei 6Go RAM 512Go camera 108MP batterie 5000mAh AMOLED charge rapide Android,843.43,telephone portable,myStore,6,Huawei Xperia 5 IV 6Go/512Go Smartphone Huawei 6Go RAM 512Go camera 108MP batterie 5000mAh AMOLED charge rapide Android,2
Sony 9 Pro 5G 3Go/512Go,Smartphone Sony 3Go RAM 512Go camera 108MP batterie 4500mAh AMOLED charge rapide Android,188.62,telephone portable,myStore,3,Sony 9 Pro 5G 3Go/512Go Smartphone Sony 3Go RAM 512Go camera 108MP batterie 4500mAh AMOLED charge rapide Android,22
Microsoft Pavilion 16,Ordinateur portable Ryzen 7 4Go RAM SSD 256Go ecran Full HD 16 pouces bureautique leger rapide,1384.57,informatique,myStore,4,Microsoft Pavilion 16 Ordinateur portable Ryzen 7 4Go RAM SSD 256Go ecran Full HD 16 pouces bureautique leger rapide,13
Lave-linge 11kg,Lave-linge Ariston 11kg moteur inverter 1400tr/min vapeur A+++ silencieux,644.52,electromenager,myStore,0,Lave-linge 11kg Lave-linge Ariston 11kg moteur inverter 1400tr/min vapeur A+++ silencieux,43
Asus VivoBook 16,Ordinateur portable i7 12Go RAM SSD 512Go ecran Full HD 16 pouces etudiant leger rapide,907.08,informatique,myStore,12,Asus VivoBook 16 Ordinateur portable i7 12Go RAM SSD 512Go ecran Full HD 16 pouces etudiant leger rapide,15
Galaxy M23 4G 12Go/32Go,Smartphone Samsung AMOLED 12Go RAM 32Go camera 12MP batterie 6000mAh 4G charge rapide Android,691.29,telephone portable,myStore,12,Galaxy M23 4G 12Go/32Go Smartphone Samsung AMOLED 12Go RAM 32Go camera 12MP batterie 6000mAh 4G charge rapide Android,42
Galaxy A53 5G 4Go/256Go,Smartphone Samsung AMOLED 4Go RAM 256Go camera 200MP batterie 5500mAh 5G charge rapide Android,866.48,telephone portable,myStore,4,Galaxy A53 5G 4Go/256Go Smartphone Samsung AMOLED 4Go RAM 256Go camera 200MP batterie 5500mAh 5G charge rapide Android,6
Dell ProBook 15,Ordinateur portable Ryzen 7 8Go RAM SSD 1To ecran Full HD 15 pouces multimedia leger rapide,394.47,informatique,myStore,8,Dell ProBook 15 Ordinateur portable Ryzen 7 8Go RAM SSD 1To ecran Full HD 15 pouces multimedia leger rapide,22
Samsung Swift 15,Ordinateur portable i9 16Go RAM SSD 256Go ecran Full HD 15 pouces multimedia leger rapide,859.92,informatique,myStore,16,Samsung Swift 15 Ordinateur portable i9 16Go RAM SSD 256Go ecran Full HD 15 pouces multimedia leger rapide,49
MicroSD 16Go,Carte microSD Transcend 16Go Class10 A1 V10 rapide smartphone tablette drone,30.52,stockage,myStore,0,MicroSD 16Go Carte microSD Transcend 16Go Class10 A1 V10 rapide smartphone tablette drone,35
Galaxy A33 5G 4Go/32Go,Smartphone Samsung AMOLED 4Go RAM 32Go camera 64MP batterie 6000mAh 5G charge rapide Android,689.64,telephone portable,myStore,4,Galaxy A33 5G 4Go/32Go Smartphone Samsung AMOLED 4Go RAM 32Go camera 64MP batterie 6000mAh 5G charge rapide Android,26
JBL Ecouteurs Bluetooth,Ecouteurs JBL Bluetooth son haute fidelite 30h autonomie qualite sonore premium,33.09,electronique,myStore,0,JBL Ecouteurs Bluetooth Ecouteurs JBL Bluetooth son haute fidelite 30h autonomie qualite sonore premium,39
WD SSD 128Go NVMe M.2,Disque SSD WD 128Go NVMe M.2 3500Mo/s lecture rapide fiable stockage,194.07,informatique,myStore,0,WD SSD 128Go NVMe M.2 Disque SSD WD 128Go NVMe M.2 3500Mo/s lecture rapide fiable stockage,47
Disque externe 1To,Disque dur externe Transcend 1To USB 3.0 portable sauvegarde automatique,56.83,stockage,myStore,0,Disque externe 1To Disque dur externe Transcend 1To USB 3.0 portable sauvegarde automatique,9
Routeur WiFi 6 1800Mbps,Routeur WiFi 6 Cisco 1800Mbps double bande MU-MIMO 4 antennes rapide securise,199.59,reseau,myStore,0,Routeur WiFi 6 1800Mbps Routeur WiFi 6 Cisco 1800Mbps double bande MU-MIMO 4 antennes rapide securise,15
Galaxy S21 4G 6Go/256Go,Smartphone Samsung AMOLED 6Go RAM 256Go camera 108MP batterie 6000mAh 4G charge rapide Android,332.37,telephone portable,myStore,6,Galaxy S21 4G 6Go/256Go Smartphone Samsung AMOLED 6Go RAM 256Go camera 108MP batterie 6000mAh 4G charge rapide Android,10
Redmi 9 3Go/512Go,Smartphone Xiaomi MIUI 3Go RAM 512Go camera 48MP batterie 4500mAh charge rapide AMOLED,343.75,telephone portable,myStore,3,Redmi 9 3Go/512Go Smartphone Xiaomi MIUI 3Go RAM 512Go camera 48MP batterie 4500mAh charge rapide AMOLED,11
Intel Core i5-12400,Processeur Intel i5 12eme generation 6 coeurs 4.4GHz performance,106.52,informatique,myStore,0,Intel Core i5-12400 Processeur Intel i5 12eme generation 6 coeurs 4.4GHz performance,26
Xiaomi iPad Air 5 6Go/128Go,Tablette Xiaomi 6Go RAM 128Go ecran haute resolution WiFi Bluetooth multimedia travail,468.56,electronique,myStore,6,Xiaomi iPad Air 5 6Go/128Go Tablette Xiaomi 6Go RAM 128Go ecran haute resolution WiFi Bluetooth multimedia travail,1
Huawei VivoBook 13 Gaming,Ordinateur portable gaming Ryzen 7 4Go RAM SSD 128Go RTX 3060 ecran 13 pouces 144Hz performance,1458.03,informatique,myStore,4,Huawei VivoBook 13 Gaming Ordinateur portable gaming Ryzen 7 4Go RAM SSD 128Go RTX 3060 ecran 13 pouces 144Hz performance,11
Cle USB 32Go,Cle USB SanDisk 32Go USB 3.0 lecture rapide compact metal design portable,19.38,stockage,myStore,0,Cle USB 32Go Cle USB SanDisk 32Go USB 3.0 lecture rapide compact metal design portable,47
JBL Casque Bluetooth,Casque JBL Bluetooth son haute fidelite 12h autonomie qualite sonore premium,265.59,electronique,myStore,0,JBL Casque Bluetooth Casque JBL Bluetooth son haute fidelite 12h autonomie qualite sonore premium,21
Marshall Casque Bluetooth,Casque Marshall Bluetooth son haute fidelite 12h autonomie qualite sonore premium,278.19,electronique,myStore,0,Marshall Casque Bluetooth Casque Marshall Bluetooth son haute fidelite 12h autonomie qualite sonore premium,50
Galaxy A23 4G 3Go/32Go,Smartphone Samsung AMOLED 3Go RAM 32Go camera 12MP batterie 4000mAh 4G charge rapide Android,491.39,telephone portable,myStore,3,Galaxy A23 4G 3Go/32Go Smartphone Samsung AMOLED 3Go RAM 32Go camera 12MP batterie 4000mAh 4G charge rapide Android,26
Panasonic NanoCell 50 pouces 4K,Television Panasonic NanoCell 50 pouces 4K UHD HDR Smart TV 100Hz WiFi HDMI streaming,352.41,electronique,myStore,0,Panasonic NanoCell 50 pouces 4K Television Panasonic NanoCell 50 pouces 4K UHD HDR Smart TV 100Hz WiFi HDMI streaming,42
Lave-vaisselle 12 couverts,Lave-vaisselle Siemens 12 couverts SilencePlus A+++ economie eau energie,477.94,electromenager,myStore,0,Lave-vaisselle 12 couverts Lave-vaisselle Siemens 12 couverts SilencePlus A+++ economie eau energie,47
Climatiseur 12000 BTU inverter,Climatiseur Siemens 12000 BTU inverter A++ WiFi Smart silencieux ecologique R-32,740.6,electromenager,myStore,0,Climatiseur 12000 BTU inverter Climatiseur Siemens 12000 BTU inverter A++ WiFi Smart silencieux ecologique R-32,15
Microsoft ROG Strix 17 Gaming,Ordinateur portable gaming Ryzen 7 4Go RAM SSD 128Go RX 6600 ecran 17 pouces 144Hz performance,1377.33,informatique,myStore,4,Microsoft ROG Strix 17 Gaming Ordinateur portable gaming Ryzen 7 4Go RAM SSD 128Go RX 6600 ecran 17 pouces 144Hz performance,17
Sennheiser Enceinte Bluetooth,Enceinte Sennheiser Bluetooth son haute fidelite 24h autonomie qualite sonore premium,194.42,electronique,myStore,0,Sennheiser Enceinte Bluetooth Enceinte Sennheiser Bluetooth son haute fidelite 24h autonomie qualite sonore premium,10
Huawei Pad 5 4Go/64Go,Tablette Huawei 4Go RAM 64Go ecran haute resolution WiFi Bluetooth multimedia travail,313.91,electronique,myStore,4,Huawei Pad 5 4Go/64Go Tablette Huawei 4Go RAM 64Go ecran haute resolution WiFi Bluetooth multimedia travail,50
Disque externe 1To,Disque dur externe SanDisk 1To USB 3.0 portable sauvegarde automatique,198.36,stockage,myStore,0,Disque externe 1To Disque dur externe SanDisk 1To USB 3.0 portable sauvegarde automatique,44
Galaxy S23 5G 6Go/64Go,Smartphone Samsung AMOLED 6Go RAM 64Go camera 200MP batterie 5500mAh 5G charge rapide Android,372.26,telephone portable,myStore,6,Galaxy S23 5G 6Go/64Go Smartphone Samsung AMOLED 6Go RAM 64Go camera 200MP batterie 5500mAh 5G charge rapide Android,6
MSI Legion 15,Ordinateur portable Ryzen 5 16Go RAM SSD 256Go ecran Full HD 15 pouces etudiant leger rapide,939.73,informatique,myStore,16,MSI Legion 15 Ordinateur portable Ryzen 5 16Go RAM SSD 256Go ecran Full HD 15 pouces etudiant leger rapide,24
Four micro-ondes 20L,Four micro-ondes Beko 20L grill combine inox programmes automatiques rapide,207.48,electromenager,myStore,0,Four micro-ondes 20L Four micro-ondes Beko 20L grill combine inox programmes automatiques rapide,2
iPhone 12 256Go,Smartphone Apple puce A-series 256Go ecran Super Retina camera avancee Face ID iOS rapide,1873.94,telephone portable,myStore,0,iPhone 12 256Go Smartphone Apple puce A-series 256Go ecran Super Retina camera avancee Face ID iOS rapide,30
Routeur WiFi 6 3000Mbps,Routeur WiFi 6 Netgear 3000Mbps double bande MU-MIMO 4 antennes rapide securise,280.02,reseau,myStore,0,Routeur WiFi 6 3000Mbps Routeur WiFi 6 Netgear 3000Mbps double bande MU-MIMO 4 antennes rapide securise,14
Intel Core i7-11700,Processeur Intel i7 8 coeurs 16 threads 4.9GHz gaming puissant,219.32,informatique,myStore,0,Intel Core i7-11700 Processeur Intel i7 8 coeurs 16 threads 4.9GHz gaming puissant,12
Climatiseur 24000 BTU inverter,Climatiseur Bosch 24000 BTU inverter A++ WiFi Smart silencieux ecologique R-32,310.32,electromenager,myStore,0,Climatiseur 24000 BTU inverter Climatiseur Bosch 24000 BTU inverter A++ WiFi Smart silencieux ecologique R-32,29
Point acces WiFi Pro,Point acces WiFi D-Link 802.11ax dual-band 1200Mbps PoE entreprise couverture,198.89,reseau,myStore,0,Point acces WiFi Pro Point acces WiFi D-Link 802.11ax dual-band 1200Mbps PoE entreprise couverture,22
Motorola Reno 7 12Go/512Go,Smartphone Motorola 12Go RAM 512Go camera 12MP batterie 6000mAh AMOLED charge rapide Android,324.93,telephone portable,myStore,12,Motorola Reno 7 12Go/512Go Smartphone Motorola 12Go RAM 512Go camera 12MP batterie 6000mAh AMOLED charge rapide Android,19
Google 9 Pro 5G 8Go/64Go,Smartphone Google 8Go RAM 64Go camera 64MP batterie 5000mAh AMOLED charge rapide Android,887.4,telephone portable,myStore,8,Google 9 Pro 5G 8Go/64Go Smartphone Google 8Go RAM 64Go camera 64MP batterie 5000mAh AMOLED charge rapide Android,50
G.Skill RAM 4Go DDR5 4800MHz,Memoire RAM G.Skill 4Go DDR5 4800MHz compatible Intel AMD gaming overclocking,45.36,informatique,myStore,0,G.Skill RAM 4Go DDR5 4800MHz Memoire RAM G.Skill 4Go DDR5 4800MHz compatible Intel AMD gaming overclocking,14
Friteuse sans huile 4L,Friteuse sans huile Ariston 4L technologie air chaud 80% moins matiere grasse,129.01,electromenager,myStore,0,Friteuse sans huile 4L Friteuse sans huile Ariston 4L technologie air chaud 80% moins matiere grasse,14
Disque externe 2To,Disque dur externe Transcend 2To USB 3.0 portable sauvegarde automatique,68.54,stockage,myStore,0,Disque externe 2To Disque dur externe Transcend 2To USB 3.0 portable sauvegarde automatique,1
Point acces WiFi Pro,Point acces WiFi Ubiquiti 802.11ax dual-band 1200Mbps PoE entreprise couverture,131.87,reseau,myStore,0,Point acces WiFi Pro Point acces WiFi Ubiquiti 802.11ax dual-band 1200Mbps PoE entreprise couverture,42
Machine cafe capsules,Machine cafe Ariston capsules pression 19 bars reservoir 1.5L rapide compacte,80.29,electromenager,myStore,0,Machine cafe capsules Machine cafe Ariston capsules pression 19 bars reservoir 1.5L rapide compacte,12
Aspirateur robot WiFi,Aspirateur robot Midea capteurs laser cartographie WiFi App programmable maison,183.03,electromenager,myStore,0,Aspirateur robot WiFi Aspirateur robot Midea capteurs laser cartographie WiFi App programmable maison,25
Acer ProBook 14,Ordinateur portable Ryzen 3 32Go RAM SSD 1To ecran Full HD 14 pouces etudiant leger rapide,601.13,informatique,myStore,32,Acer ProBook 14 Ordinateur portable Ryzen 3 32Go RAM SSD 1To ecran Full HD 14 pouces etudiant leger rapide,21
Asus IdeaPad 13 Gaming,Ordinateur portable gaming i7 24Go RAM SSD 1To GTX 1660Ti ecran 13 pouces 144Hz performance,1053.99,informatique,myStore,24,Asus IdeaPad 13 Gaming Ordinateur portable gaming i7 24Go RAM SSD 1To GTX 1660Ti ecran 13 pouces 144Hz performance,17
Friteuse sans huile 6L,Friteuse sans huile Midea 6L technologie air chaud 80% moins matiere grasse,208.24,electromenager,myStore,0,Friteuse sans huile 6L Friteuse sans huile Midea 6L technologie air chaud 80% moins matiere grasse,4
Huawei Casque Bluetooth,Casque Huawei Bluetooth son haute fidelite 50h autonomie qualite sonore premium,326.6,electronique,myStore,0,Huawei Casque Bluetooth Casque Huawei Bluetooth son haute fidelite 50h autonomie qualite sonore premium,49
Marshall Ecouteurs Bluetooth,Ecouteurs Marshall Bluetooth reduction bruit active ANC 24h autonomie qualite sonore premium,303.93,electronique,myStore,0,Marshall Ecouteurs Bluetooth Ecouteurs Marshall Bluetooth reduction bruit active ANC 24h autonomie qualite sonore premium,17
Galaxy S23 5G 12Go/256Go,Smartphone Samsung AMOLED 12Go RAM 256Go camera 48MP batterie 5000mAh 5G charge rapide Android,509.0,telephone portable,myStore,12,Galaxy S23 5G 12Go/256Go Smartphone Samsung AMOLED 12Go RAM 256Go camera 48MP batterie 5000mAh 5G charge rapide Android,22
Toshiba HDD 1To 5400RPM,Disque dur Toshiba 1To 5400RPM SATA III stockage masse donnees multimedia,45.85,informatique,myStore,0,Toshiba HDD 1To 5400RPM Disque dur Toshiba 1To 5400RPM SATA III stockage masse donnees multimedia,41
Friteuse sans huile 3L,Friteuse sans huile LG 3L technologie air chaud 80% moins matiere grasse,147.61,electromenager,myStore,0,Friteuse sans huile 3L Friteuse sans huile LG 3L technologie air chaud 80% moins matiere grasse,32
Google 10 Pro 6Go/512Go,Smartphone Google 6Go RAM 512Go camera 64MP batterie 4500mAh AMOLED charge rapide Android,150.68,telephone portable,myStore,6,Google 10 Pro 6Go/512Go Smartphone Google 6Go RAM 512Go camera 64MP batterie 4500mAh AMOLED charge rapide Android,25
Galaxy M53 4G 8Go/512Go,Smartphone Samsung AMOLED 8Go RAM 512Go camera 108MP batterie 5000mAh 4G charge rapide Android,314.59,telephone portable,myStore,8,Galaxy M53 4G 8Go/512Go Smartphone Samsung AMOLED 8Go RAM 512Go camera 108MP batterie 5000mAh 4G charge rapide Android,43
Aspirateur robot WiFi,Aspirateur robot Bosch capteurs laser cartographie WiFi App programmable maison,560.67,electromenager,myStore,0,Aspirateur robot WiFi Aspirateur robot Bosch capteurs laser cartographie WiFi App programmable maison,34
Google Pixel 7 8Go/128Go,Smartphone Google 8Go RAM 128Go camera 108MP batterie 6000mAh AMOLED charge rapide Android,617.4,telephone portable,myStore,8,Google Pixel 7 8Go/128Go Smartphone Google 8Go RAM 128Go camera 108MP batterie 6000mAh AMOLED charge rapide Android,21
Four micro-ondes 20L,Four micro-ondes Samsung 20L grill combine inox programmes automatiques rapide,165.17,electromenager,myStore,0,Four micro-ondes 20L Four micro-ondes Samsung 20L grill combine inox programmes automatiques rapide,1
Kingston SSD 512Go SATA III,Disque SSD Kingston 512Go SATA III 550Mo/s lecture rapide fiable stockage,82.61,informatique,myStore,0,Kingston SSD 512Go SATA III Disque SSD Kingston 512Go SATA III 550Mo/s lecture rapide fiable stockage,7
NAS 8To WiFi,Disque NAS Kingston 8To WiFi acces distant sauvegarde bureau maison cloud,419.74,stockage,myStore,0,NAS 8To WiFi Disque NAS Kingston 8To WiFi acces distant sauvegarde bureau maison cloud,16
Aspirateur robot WiFi,Aspirateur robot Beko capteurs laser cartographie WiFi App programmable maison,509.65,electromenager,myStore,0,Aspirateur robot WiFi Aspirateur robot Beko capteurs laser cartographie WiFi App programmable maison,11
MSI Yoga 13,Ordinateur portable i9 12Go RAM SSD 256Go ecran Full HD 13 pouces multimedia leger rapide,1265.78,informatique,myStore,12,MSI Yoga 13 Ordinateur portable i9 12Go RAM SSD 256Go ecran Full HD 13 pouces multimedia leger rapide,37
Huawei iPad Air 5 4Go/64Go,Tablette Huawei 4Go RAM 64Go ecran haute resolution WiFi Bluetooth multimedia travail,568.71,electronique,myStore,4,Huawei iPad Air 5 4Go/64Go Tablette Huawei 4Go RAM 64Go ecran haute resolution WiFi Bluetooth multimedia travail,16
Apple iPad Pro 11 3Go/32Go,Tablette Apple 3Go RAM 32Go ecran haute resolution WiFi Bluetooth multimedia travail,388.29,electronique,myStore,3,Apple iPad Pro 11 3Go/32Go Tablette Apple 3Go RAM 32Go ecran haute resolution WiFi Bluetooth multimedia travail,2
Routeur WiFi 6 1200Mbps,Routeur WiFi 6 Cisco 1200Mbps double bande MU-MIMO 4 antennes rapide securise,237.09,reseau,myStore,0,Routeur WiFi 6 1200Mbps Routeur WiFi 6 Cisco 1200Mbps double bande MU-MIMO 4 antennes rapide securise,6
Four micro-ondes 28L,Four micro-ondes Ariston 28L grill combine inox programmes automatiques rapide,120.32,electromenager,myStore,0,Four micro-ondes 28L Four micro-ondes Ariston 28L grill combine inox programmes automatiques rapide,38
LG Swift 13,Ordinateur portable i9 24Go RAM SSD 256Go ecran Full HD 13 pouces bureautique leger rapide,1093.23,informatique,myStore,24,LG Swift 13 Ordinateur portable i9 24Go RAM SSD 256Go ecran Full HD 13 pouces bureautique leger rapide,27
Repeteur WiFi 1200Mbps,Repeteur WiFi Netgear 1200Mbps double bande port Gigabit facile installer,93.48,reseau,myStore,0,Repeteur WiFi 1200Mbps Repeteur WiFi Netgear 1200Mbps double bande port Gigabit facile installer,22
Xiaomi 11T 3Go/256Go,Smartphone Xiaomi MIUI 3Go RAM 256Go camera 200MP batterie 4500mAh charge rapide AMOLED,320.8,telephone portable,myStore,3,Xiaomi 11T 3Go/256Go Smartphone Xiaomi MIUI 3Go RAM 256Go camera 200MP batterie 4500mAh charge rapide AMOLED,46
Huawei Casque Bluetooth,Casque Huawei Bluetooth reduction bruit active ANC 20h autonomie qualite sonore premium,111.11,electronique,myStore,0,Huawei Casque Bluetooth Casque Huawei Bluetooth reduction bruit active ANC 20h autonomie qualite sonore premium,50
Redmi 9 6Go/64Go,Smartphone Xiaomi MIUI 6Go RAM 64Go camera 50MP batterie 3000mAh charge rapide AMOLED,439.09,telephone portable,myStore,6,Redmi 9 6Go/64Go Smartphone Xiaomi MIUI 6Go RAM 64Go camera 50MP batterie 3000mAh charge rapide AMOLED,20
Disque externe 1To,Disque dur externe Toshiba 1To USB 3.0 portable sauvegarde automatique,141.54,stockage,myStore,0,Disque externe 1To Disque dur externe Toshiba 1To USB 3.0 portable sauvegarde automatique,27
JBL Enceinte Bluetooth,Enceinte JBL Bluetooth reduction bruit active ANC 40h autonomie qualite sonore premium,312.71,electronique,myStore,0,JBL Enceinte Bluetooth Enceinte JBL Bluetooth reduction bruit active ANC 40h autonomie qualite sonore premium,38
NAS 8To WiFi,Disque NAS WD 8To WiFi acces distant sauvegarde bureau maison cloud,477.62,stockage,myStore,0,NAS 8To WiFi Disque NAS WD 8To WiFi acces distant sauvegarde bureau maison cloud,32
Poco X4 8Go/256Go,Smartphone Xiaomi MIUI 8Go RAM 256Go camera 12MP batterie 5000mAh charge rapide AMOLED,621.61,telephone portable,myStore,8,Poco X4 8Go/256Go Smartphone Xiaomi MIUI 8Go RAM 256Go camera 12MP batterie 5000mAh charge rapide AMOLED,7
Machine cafe capsules,Machine cafe Samsung capsules pression 19 bars reservoir 1.5L rapide compacte,126.09,electromenager,myStore,0,Machine cafe capsules Machine cafe Samsung capsules pression 19 bars reservoir 1.5L rapide compacte,24
SSD externe 500Go,Disque SSD externe Kingston 500Go USB 3.2 1000Mo/s compact robuste rapide,59.3,stockage,myStore,0,SSD externe 500Go Disque SSD externe Kingston 500Go USB 3.2 1000Mo/s compact robuste rapide,36
Galaxy S21 5G 3Go/256Go,Smartphone Samsung AMOLED 3Go RAM 256Go camera 12MP batterie 4500mAh 5G charge rapide Android,345.63,telephone portable,myStore,3,Galaxy S21 5G 3Go/256Go Smartphone Samsung AMOLED 3Go RAM 256Go camera 12MP batterie 4500mAh 5G charge rapide Android,12
Huawei MatePad 11 3Go/256Go,Tablette Huawei 3Go RAM 256Go ecran haute resolution WiFi Bluetooth multimedia travail,323.62,electronique,myStore,3,Huawei MatePad 11 3Go/256Go Tablette Huawei 3Go RAM 256Go ecran haute resolution WiFi Bluetooth multimedia travail,16
JBL Casque Bluetooth,Casque JBL Bluetooth reduction bruit active ANC 24h autonomie qualite sonore premium,282.56,electronique,myStore,0,JBL Casque Bluetooth Casque JBL Bluetooth reduction bruit active ANC 24h autonomie qualite sonore premium,2
Galaxy A23 4G 12Go/512Go,Smartphone Samsung AMOLED 12Go RAM 512Go camera 12MP batterie 4500mAh 4G charge rapide Android,1006.78,telephone portable,myStore,12,Galaxy A23 4G 12Go/512Go Smartphone Samsung AMOLED 12Go RAM 512Go camera 12MP batterie 4500mAh 4G charge rapide Android,45
Galaxy M33 4G 4Go/64Go,Smartphone Samsung AMOLED 4Go RAM 64Go camera 12MP batterie 5000mAh 4G charge rapide Android,636.46,telephone portable,myStore,4,Galaxy M33 4G 4Go/64Go Smartphone Samsung AMOLED 4Go RAM 64Go camera 12MP batterie 5000mAh 4G charge rapide Android,27
iPhone 13 128Go,Smartphone Apple puce A-series 128Go ecran Super Retina camera avancee Face ID iOS rapide,1694.81,telephone portable,myStore,0,iPhone 13 128Go Smartphone Apple puce A-series 128Go ecran Super Retina camera avancee Face ID iOS rapide,0
Jabra Casque Bluetooth,Casque Jabra Bluetooth son haute fidelite 12h autonomie qualite sonore premium,409.28,electronique,myStore,0,Jabra Casque Bluetooth Casque Jabra Bluetooth son haute fidelite 12h autonomie qualite sonore premium,33
Sennheiser Ecouteurs Bluetooth,Ecouteurs Sennheiser Bluetooth reduction bruit active ANC 30h autonomie qualite sonore premium,209.4,electronique,myStore,0,Sennheiser Ecouteurs Bluetooth Ecouteurs Sennheiser Bluetooth reduction bruit active ANC 30h autonomie qualite sonore premium,34
Seagate HDD 1To 7200RPM,Disque dur Seagate 1To 7200RPM SATA III stockage masse donnees multimedia,119.57,informatique,myStore,0,Seagate HDD 1To 7200RPM Disque dur Seagate 1To 7200RPM SATA III stockage masse donnees multimedia,43
Four micro-ondes 23L,Four micro-ondes Bosch 23L grill combine inox programmes automatiques rapide,208.74,electromenager,myStore,0,Four micro-ondes 23L Four micro-ondes Bosch 23L grill combine inox programmes automatiques rapide,46
Galaxy A14 5G 3Go/128Go,Smartphone Samsung AMOLED 3Go RAM 128Go camera 48MP batterie 5500mAh 5G charge rapide Android,1057.88,telephone portable,myStore,3,Galaxy A14 5G 3Go/128Go Smartphone Samsung AMOLED 3Go RAM 128Go camera 48MP batterie 5500mAh 5G charge rapide Android,47
AMD Ryzen 3 3300X,Processeur AMD Ryzen 3 4 coeurs 8 threads 4.3GHz rapport qualite prix,66.58,informatique,myStore,0,AMD Ryzen 3 3300X Processeur AMD Ryzen 3 4 coeurs 8 threads 4.3GHz rapport qualite prix,47
LG OLED 65 pouces 4K,Television LG OLED 65 pouces 4K UHD HDR Smart TV 60Hz WiFi HDMI streaming,1734.27,electronique,myStore,0,LG OLED 65 pouces 4K Television LG OLED 65 pouces 4K UHD HDR Smart TV 60Hz WiFi HDMI streaming,42
Galaxy M33 5G 4Go/256Go,Smartphone Samsung AMOLED 4Go RAM 256Go camera 50MP batterie 6000mAh 5G charge rapide Android,263.9,telephone portable,myStore,4,Galaxy M33 5G 4Go/256Go Smartphone Samsung AMOLED 4Go RAM 256Go camera 50MP batterie 6000mAh 5G charge rapide Android,12
Redmi Note 10 12Go/512Go,Smartphone Xiaomi MIUI 12Go RAM 512Go camera 200MP batterie 4500mAh charge rapide AMOLED,767.53,telephone portable,myStore,12,Redmi Note 10 12Go/512Go Smartphone Xiaomi MIUI 12Go RAM 512Go camera 200MP batterie 4500mAh charge rapide AMOLED,23
Samsung OLED 65 pouces 4K,Television Samsung OLED 65 pouces 4K UHD HDR Smart TV 100Hz WiFi HDMI streaming,572.34,electronique,myStore,0,Samsung OLED 65 pouces 4K Television Samsung OLED 65 pouces 4K UHD HDR Smart TV 100Hz WiFi HDMI streaming,27
WD SSD 512Go SATA III,Disque SSD WD 512Go SATA III 550Mo/s lecture rapide fiable stockage,148.56,informatique,myStore,0,WD SSD 512Go SATA III Disque SSD WD 512Go SATA III 550Mo/s lecture rapide fiable stockage,4
Acer Yoga 16,Ordinateur portable Ryzen 9 4Go RAM SSD 128Go ecran Full HD 16 pouces etudiant leger rapide,912.86,informatique,myStore,4,Acer Yoga 16 Ordinateur portable Ryzen 9 4Go RAM SSD 128Go ecran Full HD 16 pouces etudiant leger rapide,42
Microsoft Inspiron 13,Ordinateur portable Ryzen 9 16Go RAM SSD 128Go ecran Full HD 13 pouces bureautique leger rapide,618.72,informatique,myStore,16,Microsoft Inspiron 13 Ordinateur portable Ryzen 9 16Go RAM SSD 128Go ecran Full HD 13 pouces bureautique leger rapide,21
Samsung Swift 14,Ordinateur portable i3 4Go RAM SSD 128Go ecran Full HD 14 pouces etudiant leger rapide,387.83,informatique,myStore,4,Samsung Swift 14 Ordinateur portable i3 4Go RAM SSD 128Go ecran Full HD 14 pouces etudiant leger rapide,39
Lenovo Pad 5 3Go/128Go,Tablette Lenovo 3Go RAM 128Go ecran haute resolution WiFi Bluetooth multimedia travail,537.66,electronique,myStore,3,Lenovo Pad 5 3Go/128Go Tablette Lenovo 3Go RAM 128Go ecran haute resolution WiFi Bluetooth multimedia travail,20
Galaxy M33 4G 8Go/128Go,Smartphone Samsung AMOLED 8Go RAM 128Go camera 200MP batterie 4000mAh 4G charge rapide Android,860.6,telephone portable,myStore,8,Galaxy M33 4G 8Go/128Go Smartphone Samsung AMOLED 8Go RAM 128Go camera 200MP batterie 4000mAh 4G charge rapide Android,42
MSI Latitude 13 Gaming,Ordinateur portable gaming Ryzen 9 32Go RAM SSD 1To RTX 3070 ecran 13 pouces 144Hz performance,1523.83,informatique,myStore,32,MSI Latitude 13 Gaming Ordinateur portable gaming Ryzen 9 32Go RAM SSD 1To RTX 3070 ecran 13 pouces 144Hz performance,7
Philips Bravia OLED 40 pouces 4K,Television Philips Bravia OLED 40 pouces 4K UHD HDR Smart TV 144Hz WiFi HDMI streaming,1932.26,electronique,myStore,0,Philips Bravia OLED 40 pouces 4K Television Philips Bravia OLED 40 pouces 4K UHD HDR Smart TV 144Hz WiFi HDMI streaming,46
AMD Ryzen 3 3300X,Processeur AMD Ryzen 3 4 coeurs 8 threads 4.3GHz rapport qualite prix,70.19,informatique,myStore,0,AMD Ryzen 3 3300X Processeur AMD Ryzen 3 4 coeurs 8 threads 4.3GHz rapport qualite prix,19
Galaxy S23 4G 12Go/256Go,Smartphone Samsung AMOLED 12Go RAM 256Go camera 200MP batterie 3000mAh 4G charge rapide Android,393.39,telephone portable,myStore,12,Galaxy S23 4G 12Go/256Go Smartphone Samsung AMOLED 12Go RAM 256Go camera 200MP batterie 3000mAh 4G charge rapide Android,32
Huawei Aspire 14,Ordinateur portable Ryzen 3 12Go RAM SSD 1To ecran Full HD 14 pouces etudiant leger rapide,649.86,informatique,myStore,12,Huawei Aspire 14 Ordinateur portable Ryzen 3 12Go RAM SSD 1To ecran Full HD 14 pouces etudiant leger rapide,19
Vivo Reno 7 6Go/256Go,Smartphone Vivo 6Go RAM 256Go camera 64MP batterie 4000mAh AMOLED charge rapide Android,934.42,telephone portable,myStore,6,Vivo Reno 7 6Go/256Go Smartphone Vivo 6Go RAM 256Go camera 64MP batterie 4000mAh AMOLED charge rapide Android,42
Samsung Ecouteurs Bluetooth,Ecouteurs Samsung Bluetooth reduction bruit active ANC 12h autonomie qualite sonore premium,65.07,electronique,myStore,0,Samsung Ecouteurs Bluetooth Ecouteurs Samsung Bluetooth reduction bruit active ANC 12h autonomie qualite sonore premium,26
Refrigerateur No Frost 200L,Refrigerateur Daikin No Frost 200L Total Cooling inverter A++ economie energie,622.14,electromenager,myStore,0,Refrigerateur No Frost 200L Refrigerateur Daikin No Frost 200L Total Cooling inverter A++ economie energie,20
Climatiseur 9000 BTU inverter,Climatiseur Whirlpool 9000 BTU inverter A++ WiFi Smart silencieux ecologique R-32,817.04,electromenager,myStore,0,Climatiseur 9000 BTU inverter Climatiseur Whirlpool 9000 BTU inverter A++ WiFi Smart silencieux ecologique R-32,25
Galaxy M53 5G 4Go/512Go,Smartphone Samsung AMOLED 4Go RAM 512Go camera 12MP batterie 4000mAh 5G charge rapide Android,807.43,telephone portable,myStore,4,Galaxy M53 5G 4Go/512Go Smartphone Samsung AMOLED 4Go RAM 512Go camera 12MP batterie 4000mAh 5G charge rapide Android,44
Routeur WiFi 6 3000Mbps,Routeur WiFi 6 Cisco 3000Mbps double bande MU-MIMO 4 antennes rapide securise,84.48,reseau,myStore,0,Routeur WiFi 6 3000Mbps Routeur WiFi 6 Cisco 3000Mbps double bande MU-MIMO 4 antennes rapide securise,18
AMD Ryzen 5 5600X,Processeur AMD Ryzen 5 6 coeurs 12 threads 4.6GHz gaming bureautique,135.63,informatique,myStore,0,AMD Ryzen 5 5600X Processeur AMD Ryzen 5 6 coeurs 12 threads 4.6GHz gaming bureautique,35
iPhone SE 2022 256Go,Smartphone Apple puce A-series 256Go ecran Super Retina camera avancee Face ID iOS rapide,1486.15,telephone portable,myStore,0,iPhone SE 2022 256Go Smartphone Apple puce A-series 256Go ecran Super Retina camera avancee Face ID iOS rapide,8
Asus ZenBook 13,Ordinateur portable Ryzen 9 12Go RAM SSD 512Go ecran Full HD 13 pouces multimedia leger rapide,1361.04,informatique,myStore,12,Asus ZenBook 13 Ordinateur portable Ryzen 9 12Go RAM SSD 512Go ecran Full HD 13 pouces multimedia leger rapide,12
Galaxy S23 5G 8Go/64Go,Smartphone Samsung AMOLED 8Go RAM 64Go camera 64MP batterie 5000mAh 5G charge rapide Android,516.89,telephone portable,myStore,8,Galaxy S23 5G 8Go/64Go Smartphone Samsung AMOLED 8Go RAM 64Go camera 64MP batterie 5000mAh 5G charge rapide Android,26
iPhone 12 128Go,Smartphone Apple puce A-series 128Go ecran Super Retina camera avancee Face ID iOS rapide,538.0,telephone portable,myStore,0,iPhone 12 128Go Smartphone Apple puce A-series 128Go ecran Super Retina camera avancee Face ID iOS rapide,42
Acer Yoga 14,Ordinateur portable i5 24Go RAM SSD 256Go ecran Full HD 14 pouces professionnel leger rapide,1217.96,informatique,myStore,24,Acer Yoga 14 Ordinateur portable i5 24Go RAM SSD 256Go ecran Full HD 14 pouces professionnel leger rapide,24
Dell Nitro 17,Ordinateur portable Ryzen 9 8Go RAM SSD 1To ecran Full HD 17 pouces multimedia leger rapide,712.38,informatique,myStore,8,Dell Nitro 17 Ordinateur portable Ryzen 9 8Go RAM SSD 1To ecran Full HD 17 pouces multimedia leger rapide,43
Four micro-ondes 20L,Four micro-ondes Samsung 20L grill combine inox programmes automatiques rapide,169.18,electromenager,myStore,0,Four micro-ondes 20L Four micro-ondes Samsung 20L grill combine inox programmes automatiques rapide,47
Intel Core i7-11700,Processeur Intel i7 8 coeurs 16 threads 4.9GHz gaming puissant,199.92,informatique,myStore,0,Intel Core i7-11700 Processeur Intel i7 8 coeurs 16 threads 4.9GHz gaming puissant,11
Galaxy S23 4G 6Go/64Go,Smartphone Samsung AMOLED 6Go RAM 64Go camera 12MP batterie 3000mAh 4G charge rapide Android,1144.77,telephone portable,myStore,6,Galaxy S23 4G 6Go/64Go Smartphone Samsung AMOLED 6Go RAM 64Go camera 12MP batterie 3000mAh 4G charge rapide Android,39
Poco X4 8Go/64Go,Smartphone Xiaomi MIUI 8Go RAM 64Go camera 108MP batterie 3000mAh charge rapide AMOLED,250.81,telephone portable,myStore,8,Poco X4 8Go/64Go Smartphone Xiaomi MIUI 8Go RAM 64Go camera 108MP batterie 3000mAh charge rapide AMOLED,36
Repeteur WiFi 750Mbps,Repeteur WiFi Huawei 750Mbps double bande port Gigabit facile installer,104.07,reseau,myStore,0,Repeteur WiFi 750Mbps Repeteur WiFi Huawei 750Mbps double bande port Gigabit facile installer,19
Aspirateur robot WiFi,Aspirateur robot Ariston capteurs laser cartographie WiFi App programmable maison,348.35,electromenager,myStore,0,Aspirateur robot WiFi Aspirateur robot Ariston capteurs laser cartographie WiFi App programmable maison,25
Poco F4 12Go/32Go,Smartphone Xiaomi MIUI 12Go RAM 32Go camera 108MP batterie 5500mAh charge rapide AMOLED,739.53,telephone portable,myStore,12,Poco F4 12Go/32Go Smartphone Xiaomi MIUI 12Go RAM 32Go camera 108MP batterie 5500mAh charge rapide AMOLED,35
Samsung Galaxy Tab A8 4Go/64Go,Tablette Samsung 4Go RAM 64Go ecran haute resolution WiFi Bluetooth multimedia travail,312.5,electronique,myStore,4,Samsung Galaxy Tab A8 4Go/64Go Tablette Samsung 4Go RAM 64Go ecran haute resolution WiFi Bluetooth multimedia travail,0
Poco X3 4Go/64Go,Smartphone Xiaomi MIUI 4Go RAM 64Go camera 200MP batterie 4500mAh charge rapide AMOLED,458.54,telephone portable,myStore,4,Poco X3 4Go/64Go Smartphone Xiaomi MIUI 4Go RAM 64Go camera 200MP batterie 4500mAh charge rapide AMOLED,19
Sony Bravia OLED 32 pouces 4K,Television Sony Bravia OLED 32 pouces 4K UHD HDR Smart TV 120Hz WiFi HDMI streaming,1353.12,electronique,myStore,0,Sony Bravia OLED 32 pouces 4K Television Sony Bravia OLED 32 pouces 4K UHD HDR Smart TV 120Hz WiFi HDMI streaming,18
Disque externe 1To,Disque dur externe Transcend 1To USB 3.0 portable sauvegarde automatique,114.35,stockage,myStore,0,Disque externe 1To Disque dur externe Transcend 1To USB 3.0 portable sauvegarde automatique,13
Huawei 9 Pro 5G 4Go/512Go,Smartphone Huawei 4Go RAM 512Go camera 64MP batterie 5500mAh AMOLED charge rapide Android,1036.84,telephone portable,myStore,4,Huawei 9 Pro 5G 4Go/512Go Smartphone Huawei 4Go RAM 512Go camera 64MP batterie 5500mAh AMOLED charge rapide Android,27
MSI Spectre 15 Gaming,Ordinateur portable gaming i5 24Go RAM SSD 512Go RTX 3050 ecran 15 pouces 144Hz performance,1890.54,informatique,myStore,24,MSI Spectre 15 Gaming Ordinateur portable gaming i5 24Go RAM SSD 512Go RTX 3050 ecran 15 pouces 144Hz performance,50
Intel Core i9-12900K,Processeur Intel i9 16 coeurs 24 threads 5.2GHz premium workstation,329.67,informatique,myStore,0,Intel Core i9-12900K Processeur Intel i9 16 coeurs 24 threads 5.2GHz premium workstation,37
iPhone 11 64Go,Smartphone Apple puce A-series 64Go ecran Super Retina camera avancee Face ID iOS rapide,837.25,telephone portable,myStore,0,iPhone 11 64Go Smartphone Apple puce A-series 64Go ecran Super Retina camera avancee Face ID iOS rapide,38
Cle USB 64Go,Cle USB Toshiba 64Go USB 3.0 lecture rapide compact metal design portable,57.37,stockage,myStore,0,Cle USB 64Go Cle USB Toshiba 64Go USB 3.0 lecture rapide compact metal design portable,41
iPhone 13 512Go,Smartphone Apple puce A-series 512Go ecran Super Retina camera avancee Face ID iOS rapide,942.69,telephone portable,myStore,0,iPhone 13 512Go Smartphone Apple puce A-series 512Go ecran Super Retina camera avancee Face ID iOS rapide,20
Lave-vaisselle 12 couverts,Lave-vaisselle Siemens 12 couverts SilencePlus A+++ economie eau energie,666.58,electromenager,myStore,0,Lave-vaisselle 12 couverts Lave-vaisselle Siemens 12 couverts SilencePlus A+++ economie eau energie,29
Cle USB 32Go,Cle USB SanDisk 32Go USB 3.0 lecture rapide compact metal design portable,57.96,stockage,myStore,0,Cle USB 32Go Cle USB SanDisk 32Go USB 3.0 lecture rapide compact metal design portable,28
Intel Core i5-12400,Processeur Intel i5 12eme generation 6 coeurs 4.4GHz performance,133.48,informatique,myStore,0,Intel Core i5-12400 Processeur Intel i5 12eme generation 6 coeurs 4.4GHz performance,28
Huawei iPad Pro 11 6Go/64Go,Tablette Huawei 6Go RAM 64Go ecran haute resolution WiFi Bluetooth multimedia travail,1026.52,electronique,myStore,6,Huawei iPad Pro 11 6Go/64Go Tablette Huawei 6Go RAM 64Go ecran haute resolution WiFi Bluetooth multimedia travail,43
Vivo Reno 7 6Go/256Go,Smartphone Vivo 6Go RAM 256Go camera 200MP batterie 4500mAh AMOLED charge rapide Android,1027.93,telephone portable,myStore,6,Vivo Reno 7 6Go/256Go Smartphone Vivo 6Go RAM 256Go camera 200MP batterie 4500mAh AMOLED charge rapide Android,13
SSD externe 500Go,Disque SSD externe WD 500Go USB 3.2 1000Mo/s compact robuste rapide,138.45,stockage,myStore,0,SSD externe 500Go Disque SSD externe WD 500Go USB 3.2 1000Mo/s compact robuste rapide,32
iPhone 13 Pro 64Go,Smartphone Apple puce A-series 64Go ecran Super Retina camera avancee Face ID iOS rapide,1028.9,telephone portable,myStore,0,iPhone 13 Pro 64Go Smartphone Apple puce A-series 64Go ecran Super Retina camera avancee Face ID iOS rapide,30
Friteuse sans huile 7L,Friteuse sans huile Midea 7L technologie air chaud 80% moins matiere grasse,189.25,electromenager,myStore,0,Friteuse sans huile 7L Friteuse sans huile Midea 7L technologie air chaud 80% moins matiere grasse,50
Four micro-ondes 20L,Four micro-ondes Daikin 20L grill combine inox programmes automatiques rapide,127.13,electromenager,myStore,0,Four micro-ondes 20L Four micro-ondes Daikin 20L grill combine inox programmes automatiques rapide,50
Nokia GT 2 Pro 4Go/32Go,Smartphone Nokia 4Go RAM 32Go camera 48MP batterie 4000mAh AMOLED charge rapide Android,425.12,telephone portable,myStore,4,Nokia GT 2 Pro 4Go/32Go Smartphone Nokia 4Go RAM 32Go camera 48MP batterie 4000mAh AMOLED charge rapide Android,47
AMD Ryzen 3 3300X,Processeur AMD Ryzen 3 4 coeurs 8 threads 4.3GHz rapport qualite prix,69.35,informatique,myStore,0,AMD Ryzen 3 3300X Processeur AMD Ryzen 3 4 coeurs 8 threads 4.3GHz rapport qualite prix,10
Galaxy S23 4G 8Go/128Go,Smartphone Samsung AMOLED 8Go RAM 128Go camera 12MP batterie 5000mAh 4G charge rapide Android,235.99,telephone portable,myStore,8,Galaxy S23 4G 8Go/128Go Smartphone Samsung AMOLED 8Go RAM 128Go camera 12MP batterie 5000mAh 4G charge rapide Android,42
Samsung SSD 500Go SATA III,Disque SSD Samsung 500Go SATA III 550Mo/s lecture rapide fiable stockage,78.6,informatique,myStore,0,Samsung SSD 500Go SATA III Disque SSD Samsung 500Go SATA III 550Mo/s lecture rapide fiable stockage,5
Carte SD 512Go,Carte memoire SanDisk 512Go UHS-I U3 V30 4K 160Mo/s appareil photo drone,65.9,stockage,myStore,0,Carte SD 512Go Carte memoire SanDisk 512Go UHS-I U3 V30 4K 160Mo/s appareil photo drone,18
LG Legion 17,Ordinateur portable Ryzen 9 24Go RAM SSD 1To ecran Full HD 17 pouces multimedia leger rapide,1292.07,informatique,myStore,24,LG Legion 17 Ordinateur portable Ryzen 9 24Go RAM SSD 1To ecran Full HD 17 pouces multimedia leger rapide,32
Four micro-ondes 20L,Four micro-ondes Bosch 20L grill combine inox programmes automatiques rapide,251.4,electromenager,myStore,0,Four micro-ondes 20L Four micro-ondes Bosch 20L grill combine inox programmes automatiques rapide,42
Galaxy S21 4G 6Go/512Go,Smartphone Samsung AMOLED 6Go RAM 512Go camera 108MP batterie 4500mAh 4G charge rapide Android,171.73,telephone portable,myStore,6,Galaxy S21 4G 6Go/512Go Smartphone Samsung AMOLED 6Go RAM 512Go camera 108MP batterie 4500mAh 4G charge rapide Android,40
Samsung Ecouteurs Bluetooth,Ecouteurs Samsung Bluetooth reduction bruit active ANC 50h autonomie qualite sonore premium,337.83,electronique,myStore,0,Samsung Ecouteurs Bluetooth Ecouteurs Samsung Bluetooth reduction bruit active ANC 50h autonomie qualite sonore premium,39
Sony NanoCell 75 pouces 4K,Television Sony NanoCell 75 pouces 4K UHD HDR Smart TV 60Hz WiFi HDMI streaming,2193.54,electronique,myStore,0,Sony NanoCell 75 pouces 4K Television Sony NanoCell 75 pouces 4K UHD HDR Smart TV 60Hz WiFi HDMI streaming,21
Lenovo iPad Air 5 4Go/32Go,Tablette Lenovo 4Go RAM 32Go ecran haute resolution WiFi Bluetooth multimedia travail,1128.97,electronique,myStore,4,Lenovo iPad Air 5 4Go/32Go Tablette Lenovo 4Go RAM 32Go ecran haute resolution WiFi Bluetooth multimedia travail,5
Galaxy S23 4G 3Go/256Go,Smartphone Samsung AMOLED 3Go RAM 256Go camera 64MP batterie 3000mAh 4G charge rapide Android,415.62,telephone portable,myStore,3,Galaxy S23 4G 3Go/256Go Smartphone Samsung AMOLED 3Go RAM 256Go camera 64MP batterie 3000mAh 4G charge rapide Android,48
Lenovo Pad 5 8Go/256Go,Tablette Lenovo 8Go RAM 256Go ecran haute resolution WiFi Bluetooth multimedia travail,978.61,electronique,myStore,8,Lenovo Pad 5 8Go/256Go Tablette Lenovo 8Go RAM 256Go ecran haute resolution WiFi Bluetooth multimedia travail,15
WD HDD 6To 5400RPM,Disque dur WD 6To 5400RPM SATA III stockage masse donnees multimedia,87.41,informatique,myStore,0,WD HDD 6To 5400RPM Disque dur WD 6To 5400RPM SATA III stockage masse donnees multimedia,43
Machine cafe capsules,Machine cafe Siemens capsules pression 19 bars reservoir 1.5L rapide compacte,189.19,electromenager,myStore,0,Machine cafe capsules Machine cafe Siemens capsules pression 19 bars reservoir 1.5L rapide compacte,19
AMD Ryzen 5 5600X,Processeur AMD Ryzen 5 6 coeurs 12 threads 4.6GHz gaming bureautique,156.58,informatique,myStore,0,AMD Ryzen 5 5600X Processeur AMD Ryzen 5 6 coeurs 12 threads 4.6GHz gaming bureautique,14
Sony QLED 40 pouces 4K,Television Sony QLED 40 pouces 4K UHD HDR Smart TV 120Hz WiFi HDMI streaming,961.23,electronique,myStore,0,Sony QLED 40 pouces 4K Television Sony QLED 40 pouces 4K UHD HDR Smart TV 120Hz WiFi HDMI streaming,12
Lave-linge 10kg,Lave-linge Beko 10kg moteur inverter 1400tr/min vapeur A+++ silencieux,443.42,electromenager,myStore,0,Lave-linge 10kg Lave-linge Beko 10kg moteur inverter 1400tr/min vapeur A+++ silencieux,9
Acer EliteBook 17,Ordinateur portable Ryzen 5 12Go RAM SSD 1To ecran Full HD 17 pouces multimedia leger rapide,615.98,informatique,myStore,12,Acer EliteBook 17 Ordinateur portable Ryzen 5 12Go RAM SSD 1To ecran Full HD 17 pouces multimedia leger rapide,1
Mi 12 6Go/512Go,Smartphone Xiaomi MIUI 6Go RAM 512Go camera 48MP batterie 3000mAh charge rapide AMOLED,565.98,telephone portable,myStore,6,Mi 12 6Go/512Go Smartphone Xiaomi MIUI 6Go RAM 512Go camera 48MP batterie 3000mAh charge rapide AMOLED,2
Sony Ecouteurs Bluetooth,Ecouteurs Sony Bluetooth reduction bruit active ANC 24h autonomie qualite sonore premium,232.45,electronique,myStore,0,Sony Ecouteurs Bluetooth Ecouteurs Sony Bluetooth reduction bruit active ANC 24h autonomie qualite sonore premium,15
Kingston SSD 1To SATA III,Disque SSD Kingston 1To SATA III 550Mo/s lecture rapide fiable stockage,180.2,informatique,myStore,0,Kingston SSD 1To SATA III Disque SSD Kingston 1To SATA III 550Mo/s lecture rapide fiable stockage,30
Hisense OLED 40 pouces 4K,Television Hisense OLED 40 pouces 4K UHD HDR Smart TV 120Hz WiFi HDMI streaming,1886.74,electronique,myStore,0,Hisense OLED 40 pouces 4K Television Hisense OLED 40 pouces 4K UHD HDR Smart TV 120Hz WiFi HDMI streaming,39
Jabra Casque Bluetooth,Casque Jabra Bluetooth son haute fidelite 12h autonomie qualite sonore premium,64.44,electronique,myStore,0,Jabra Casque Bluetooth Casque Jabra Bluetooth son haute fidelite 12h autonomie qualite sonore premium,49
Hisense Bravia OLED 32 pouces 4K,Television Hisense Bravia OLED 32 pouces 4K UHD HDR Smart TV 120Hz WiFi HDMI streaming,1547.16,electronique,myStore,0,Hisense Bravia OLED 32 pouces 4K Television Hisense Bravia OLED 32 pouces 4K UHD HDR Smart TV 120Hz WiFi HDMI streaming,4
HP Swift 17 Gaming,Ordinateur portable gaming i7 12Go RAM SSD 512Go RTX 3080 ecran 17 pouces 144Hz performance,1005.4,informatique,myStore,12,HP Swift 17 Gaming Ordinateur portable gaming i7 12Go RAM SSD 512Go RTX 3080 ecran 17 pouces 144Hz performance,29
Crucial SSD 512Go SATA III,Disque SSD Crucial 512Go SATA III 550Mo/s lecture rapide fiable stockage,110.44,informatique,myStore,0,Crucial SSD 512Go SATA III Disque SSD Crucial 512Go SATA III 550Mo/s lecture rapide fiable stockage,26
Huawei Aspire 17,Ordinateur portable Ryzen 9 12Go RAM SSD 512Go ecran Full HD 17 pouces multimedia leger rapide,1213.54,informatique,myStore,12,Huawei Aspire 17 Ordinateur portable Ryzen 9 12Go RAM SSD 512Go ecran Full HD 17 pouces multimedia leger rapide,40
Huawei Yoga 13,Ordinateur portable i7 8Go RAM SSD 256Go ecran Full HD 13 pouces etudiant leger rapide,1264.38,informatique,myStore,8,Huawei Yoga 13 Ordinateur portable i7 8Go RAM SSD 256Go ecran Full HD 13 pouces etudiant leger rapide,36
Huawei 10 Pro 6Go/256Go,Smartphone Huawei 6Go RAM 256Go camera 64MP batterie 5000mAh AMOLED charge rapide Android,150.19,telephone portable,myStore,6,Huawei 10 Pro 6Go/256Go Smartphone Huawei 6Go RAM 256Go camera 64MP batterie 5000mAh AMOLED charge rapide Android,12
Hisense Bravia OLED 65 pouces 4K,Television Hisense Bravia OLED 65 pouces 4K UHD HDR Smart TV 144Hz WiFi HDMI streaming,1162.6,electronique,myStore,0,Hisense Bravia OLED 65 pouces 4K Television Hisense Bravia OLED 65 pouces 4K UHD HDR Smart TV 144Hz WiFi HDMI streaming,45
Four micro-ondes 30L,Four micro-ondes Carrier 30L grill combine inox programmes automatiques rapide,98.54,electromenager,myStore,0,Four micro-ondes 30L Four micro-ondes Carrier 30L grill combine inox programmes automatiques rapide,44
Galaxy A33 5G 3Go/256Go,Smartphone Samsung AMOLED 3Go RAM 256Go camera 64MP batterie 5000mAh 5G charge rapide Android,1064.35,telephone portable,myStore,3,Galaxy A33 5G 3Go/256Go Smartphone Samsung AMOLED 3Go RAM 256Go camera 64MP batterie 5000mAh 5G charge rapide Android,24
Galaxy S23 4G 6Go/512Go,Smartphone Samsung AMOLED 6Go RAM 512Go camera 108MP batterie 5000mAh 4G charge rapide Android,128.3,telephone portable,myStore,6,Galaxy S23 4G 6Go/512Go Smartphone Samsung AMOLED 6Go RAM 512Go camera 108MP batterie 5000mAh 4G charge rapide Android,31
Friteuse sans huile 6L,Friteuse sans huile Ariston 6L technologie air chaud 80% moins matiere grasse,102.96,electromenager,myStore,0,Friteuse sans huile 6L Friteuse sans huile Ariston 6L technologie air chaud 80% moins matiere grasse,25
Philips Neo QLED 40 pouces 4K,Television Philips Neo QLED 40 pouces 4K UHD HDR Smart TV 60Hz WiFi HDMI streaming,615.05,electronique,myStore,0,Philips Neo QLED 40 pouces 4K Television Philips Neo QLED 40 pouces 4K UHD HDR Smart TV 60Hz WiFi HDMI streaming,15
Galaxy S22 4G 12Go/512Go,Smartphone Samsung AMOLED 12Go RAM 512Go camera 50MP batterie 4000mAh 4G charge rapide Android,1050.94,telephone portable,myStore,12,Galaxy S22 4G 12Go/512Go Smartphone Samsung AMOLED 12Go RAM 512Go camera 50MP batterie 4000mAh 4G charge rapide Android,9
Disque externe 2To,Disque dur externe Seagate 2To USB 3.0 portable sauvegarde automatique,88.55,stockage,myStore,0,Disque externe 2To Disque dur externe Seagate 2To USB 3.0 portable sauvegarde automatique,41
MSI Legion 16,Ordinateur portable i5 8Go RAM SSD 512Go ecran Full HD 16 pouces multimedia leger rapide,652.63,informatique,myStore,8,MSI Legion 16 Ordinateur portable i5 8Go RAM SSD 512Go ecran Full HD 16 pouces multimedia leger rapide,44
Samsung OLED 55 pouces 4K,Television Samsung OLED 55 pouces 4K UHD HDR Smart TV 144Hz WiFi HDMI streaming,1431.02,electronique,myStore,0,Samsung OLED 55 pouces 4K Television Samsung OLED 55 pouces 4K UHD HDR Smart TV 144Hz WiFi HDMI streaming,0
MicroSD 16Go,Carte microSD Seagate 16Go Class10 A1 V10 rapide smartphone tablette drone,52.98,stockage,myStore,0,MicroSD 16Go Carte microSD Seagate 16Go Class10 A1 V10 rapide smartphone tablette drone,48
iPhone 14 Pro 64Go,Smartphone Apple puce A-series 64Go ecran Super Retina camera avancee Face ID iOS rapide,1059.04,telephone portable,myStore,0,iPhone 14 Pro 64Go Smartphone Apple puce A-series 64Go ecran Super Retina camera avancee Face ID iOS rapide,49
Disque externe 1To,Disque dur externe WD 1To USB 3.0 portable sauvegarde automatique,189.02,stockage,myStore,0,Disque externe 1To Disque dur externe WD 1To USB 3.0 portable sauvegarde automatique,6
Microsoft Aspire 13,Ordinateur portable i9 32Go RAM SSD 1To ecran Full HD 13 pouces etudiant leger rapide,817.76,informatique,myStore,32,Microsoft Aspire 13 Ordinateur portable i9 32Go RAM SSD 1To ecran Full HD 13 pouces etudiant leger rapide,49
Climatiseur 9000 BTU inverter,Climatiseur Carrier 9000 BTU inverter A++ WiFi Smart silencieux ecologique R-32,289.46,electromenager,myStore,0,Climatiseur 9000 BTU inverter Climatiseur Carrier 9000 BTU inverter A++ WiFi Smart silencieux ecologique R-32,27
Acer Legion 14,Ordinateur portable Ryzen 3 4Go RAM SSD 256Go ecran Full HD 14 pouces bureautique leger rapide,1134.22,informatique,myStore,4,Acer Legion 14 Ordinateur portable Ryzen 3 4Go RAM SSD 256Go ecran Full HD 14 pouces bureautique leger rapide,14
Motorola Xperia 5 IV 12Go/64Go,Smartphone Motorola 12Go RAM 64Go camera 108MP batterie 4500mAh AMOLED charge rapide Android,812.88,telephone portable,myStore,12,Motorola Xperia 5 IV 12Go/64Go Smartphone Motorola 12Go RAM 64Go camera 108MP batterie 4500mAh AMOLED charge rapide Android,11
Microsoft Spectre 15,Ordinateur portable i5 32Go RAM SSD 128Go ecran Full HD 15 pouces bureautique leger rapide,1151.27,informatique,myStore,32,Microsoft Spectre 15 Ordinateur portable i5 32Go RAM SSD 128Go ecran Full HD 15 pouces bureautique leger rapide,44
Toshiba HDD 4To 5400RPM,Disque dur Toshiba 4To 5400RPM SATA III stockage masse donnees multimedia,97.79,informatique,myStore,0,Toshiba HDD 4To 5400RPM Disque dur Toshiba 4To 5400RPM SATA III stockage masse donnees multimedia,33
Samsung EliteBook 15,Ordinateur portable Ryzen 3 24Go RAM SSD 512Go ecran Full HD 15 pouces bureautique leger rapide,956.81,informatique,myStore,24,Samsung EliteBook 15 Ordinateur portable Ryzen 3 24Go RAM SSD 512Go ecran Full HD 15 pouces bureautique leger rapide,29
Motorola Nord CE 2 3Go/32Go,Smartphone Motorola 3Go RAM 32Go camera 12MP batterie 6000mAh AMOLED charge rapide Android,380.9,telephone portable,myStore,3,Motorola Nord CE 2 3Go/32Go Smartphone Motorola 3Go RAM 32Go camera 12MP batterie 6000mAh AMOLED charge rapide Android,3
Hisense Bravia OLED 32 pouces 4K,Television Hisense Bravia OLED 32 pouces 4K UHD HDR Smart TV 60Hz WiFi HDMI streaming,1108.31,electronique,myStore,0,Hisense Bravia OLED 32 pouces 4K Television Hisense Bravia OLED 32 pouces 4K UHD HDR Smart TV 60Hz WiFi HDMI streaming,35
Vivo Edge 30 3Go/256Go,Smartphone Vivo 3Go RAM 256Go camera 12MP batterie 6000mAh AMOLED charge rapide Android,492.88,telephone portable,myStore,3,Vivo Edge 30 3Go/256Go Smartphone Vivo 3Go RAM 256Go camera 12MP batterie 6000mAh AMOLED charge rapide Android,15
Huawei Pavilion 16,Ordinateur portable i5 8Go RAM SSD 1To ecran Full HD 16 pouces etudiant leger rapide,1146.07,informatique,myStore,8,Huawei Pavilion 16 Ordinateur portable i5 8Go RAM SSD 1To ecran Full HD 16 pouces etudiant leger rapide,7
Crucial RAM 32Go DDR4 4800MHz,Memoire RAM Crucial 32Go DDR4 4800MHz compatible Intel AMD gaming overclocking,70.23,informatique,myStore,0,Crucial RAM 32Go DDR4 4800MHz Memoire RAM Crucial 32Go DDR4 4800MHz compatible Intel AMD gaming overclocking,29
Disque externe 1To,Disque dur externe Toshiba 1To USB 3.0 portable sauvegarde automatique,57.3,stockage,myStore,0,Disque externe 1To Disque dur externe Toshiba 1To USB 3.0 portable sauvegarde automatique,8
JBL Casque Bluetooth,Casque JBL Bluetooth son haute fidelite 40h autonomie qualite sonore premium,141.93,electronique,myStore,0,JBL Casque Bluetooth Casque JBL Bluetooth son haute fidelite 40h autonomie qualite sonore premium,29
Climatiseur 18000 BTU inverter,Climatiseur Daikin 18000 BTU inverter A++ WiFi Smart silencieux ecologique R-32,897.54,electromenager,myStore,0,Climatiseur 18000 BTU inverter Climatiseur Daikin 18000 BTU inverter A++ WiFi Smart silencieux ecologique R-32,42
iPhone 11 512Go,Smartphone Apple puce A-series 512Go ecran Super Retina camera avancee Face ID iOS rapide,1730.72,telephone portable,myStore,0,iPhone 11 512Go Smartphone Apple puce A-series 512Go ecran Super Retina camera avancee Face ID iOS rapide,33
Cle USB 32Go,Cle USB Seagate 32Go USB 3.0 lecture rapide compact metal design portable,59.82,stockage,myStore,0,Cle USB 32Go Cle USB Seagate 32Go USB 3.0 lecture rapide compact metal design portable,35
Marshall Ecouteurs Bluetooth,Ecouteurs Marshall Bluetooth son haute fidelite 40h autonomie qualite sonore premium,399.3,electronique,myStore,0,Marshall Ecouteurs Bluetooth Ecouteurs Marshall Bluetooth son haute fidelite 40h autonomie qualite sonore premium,38
Seagate SSD 2To NVMe M.2,Disque SSD Seagate 2To NVMe M.2 3500Mo/s lecture rapide fiable stockage,132.2,informatique,myStore,0,Seagate SSD 2To NVMe M.2 Disque SSD Seagate 2To NVMe M.2 3500Mo/s lecture rapide fiable stockage,20
Intel Core i5-10400,Processeur Intel i5 6 coeurs 12 threads 4.3GHz gaming bureautique,89.37,informatique,myStore,0,Intel Core i5-10400 Processeur Intel i5 6 coeurs 12 threads 4.3GHz gaming bureautique,48
Hisense Bravia OLED 43 pouces 4K,Television Hisense Bravia OLED 43 pouces 4K UHD HDR Smart TV 144Hz WiFi HDMI streaming,1511.84,electronique,myStore,0,Hisense Bravia OLED 43 pouces 4K Television Hisense Bravia OLED 43 pouces 4K UHD HDR Smart TV 144Hz WiFi HDMI streaming,28
HP Nitro 15,Ordinateur portable Ryzen 3 32Go RAM SSD 1To ecran Full HD 15 pouces multimedia leger rapide,1082.07,informatique,myStore,32,HP Nitro 15 Ordinateur portable Ryzen 3 32Go RAM SSD 1To ecran Full HD 15 pouces multimedia leger rapide,39
Lenovo Spectre 16,Ordinateur portable Ryzen 5 32Go RAM SSD 128Go ecran Full HD 16 pouces etudiant leger rapide,673.06,informatique,myStore,32,Lenovo Spectre 16 Ordinateur portable Ryzen 5 32Go RAM SSD 128Go ecran Full HD 16 pouces etudiant leger rapide,46
Refrigerateur No Frost 350L,Refrigerateur LG No Frost 350L Total Cooling inverter A++ economie energie,870.21,electromenager,myStore,0,Refrigerateur No Frost 350L Refrigerateur LG No Frost 350L Total Cooling inverter A++ economie energie,32
Machine cafe capsules,Machine cafe Carrier capsules pression 19 bars reservoir 1.5L rapide compacte,181.72,electromenager,myStore,0,Machine cafe capsules Machine cafe Carrier capsules pression 19 bars reservoir 1.5L rapide compacte,27
Toshiba HDD 2To 7200RPM,Disque dur Toshiba 2To 7200RPM SATA III stockage masse donnees multimedia,103.8,informatique,myStore,0,Toshiba HDD 2To 7200RPM Disque dur Toshiba 2To 7200RPM SATA III stockage masse donnees multimedia,35
AMD Ryzen 7 5800X,Processeur AMD Ryzen 7 8 coeurs 16 threads 4.7GHz overclocking,220.8,informatique,myStore,0,AMD Ryzen 7 5800X Processeur AMD Ryzen 7 8 coeurs 16 threads 4.7GHz overclocking,28
Carte SD 128Go,Carte memoire WD 128Go UHS-I U3 V30 4K 160Mo/s appareil photo drone,36.91,stockage,myStore,0,Carte SD 128Go Carte memoire WD 128Go UHS-I U3 V30 4K 160Mo/s appareil photo drone,10
Huawei Casque Bluetooth,Casque Huawei Bluetooth son haute fidelite 24h autonomie qualite sonore premium,235.95,electronique,myStore,0,Huawei Casque Bluetooth Casque Huawei Bluetooth son haute fidelite 24h autonomie qualite sonore premium,47
MSI ProBook 14,Ordinateur portable Ryzen 9 4Go RAM SSD 256Go ecran Full HD 14 pouces bureautique leger rapide,704.99,informatique,myStore,4,MSI ProBook 14 Ordinateur portable Ryzen 9 4Go RAM SSD 256Go ecran Full HD 14 pouces bureautique leger rapide,30
Jabra Casque Bluetooth,Casque Jabra Bluetooth son haute fidelite 20h autonomie qualite sonore premium,90.11,electronique,myStore,0,Jabra Casque Bluetooth Casque Jabra Bluetooth son haute fidelite 20h autonomie qualite sonore premium,28
Xiaomi iPad 9 3Go/32Go,Tablette Xiaomi 3Go RAM 32Go ecran haute resolution WiFi Bluetooth multimedia travail,1239.32,electronique,myStore,3,Xiaomi iPad 9 3Go/32Go Tablette Xiaomi 3Go RAM 32Go ecran haute resolution WiFi Bluetooth multimedia travail,16
Asus ThinkPad 13,Ordinateur portable Ryzen 7 24Go RAM SSD 512Go ecran Full HD 13 pouces multimedia leger rapide,364.61,informatique,myStore,24,Asus ThinkPad 13 Ordinateur portable Ryzen 7 24Go RAM SSD 512Go ecran Full HD 13 pouces multimedia leger rapide,48
TCL Bravia OLED 43 pouces 4K,Television TCL Bravia OLED 43 pouces 4K UHD HDR Smart TV 144Hz WiFi HDMI streaming,1180.81,electronique,myStore,0,TCL Bravia OLED 43 pouces 4K Television TCL Bravia OLED 43 pouces 4K UHD HDR Smart TV 144Hz WiFi HDMI streaming,15
Seagate HDD 2To 7200RPM,Disque dur Seagate 2To 7200RPM SATA III stockage masse donnees multimedia,43.95,informatique,myStore,0,Seagate HDD 2To 7200RPM Disque dur Seagate 2To 7200RPM SATA III stockage masse donnees multimedia,40
Crucial SSD 512Go SATA III,Disque SSD Crucial 512Go SATA III 550Mo/s lecture rapide fiable stockage,126.62,informatique,myStore,0,Crucial SSD 512Go SATA III Disque SSD Crucial 512Go SATA III 550Mo/s lecture rapide fiable stockage,17
Disque externe 1To,Disque dur externe Toshiba 1To USB 3.0 portable sauvegarde automatique,135.1,stockage,myStore,0,Disque externe 1To Disque dur externe Toshiba 1To USB 3.0 portable sauvegarde automatique,49
Realme Reno 6 6Go/256Go,Smartphone Realme 6Go RAM 256Go camera 50MP batterie 5000mAh AMOLED charge rapide Android,570.85,telephone portable,myStore,6,Realme Reno 6 6Go/256Go Smartphone Realme 6Go RAM 256Go camera 50MP batterie 5000mAh AMOLED charge rapide Android,49
iPhone 14 512Go,Smartphone Apple puce A-series 512Go ecran Super Retina camera avancee Face ID iOS rapide,1965.49,telephone portable,myStore,0,iPhone 14 512Go Smartphone Apple puce A-series 512Go ecran Super Retina camera avancee Face ID iOS rapide,33
Redmi 10 6Go/128Go,Smartphone Xiaomi MIUI 6Go RAM 128Go camera 108MP batterie 4500mAh charge rapide AMOLED,259.08,telephone portable,myStore,6,Redmi 10 6Go/128Go Smartphone Xiaomi MIUI 6Go RAM 128Go camera 108MP batterie 4500mAh charge rapide AMOLED,31
Jabra Ecouteurs Bluetooth,Ecouteurs Jabra Bluetooth reduction bruit active ANC 8h autonomie qualite sonore premium,371.85,electronique,myStore,0,Jabra Ecouteurs Bluetooth Ecouteurs Jabra Bluetooth reduction bruit active ANC 8h autonomie qualite sonore premium,40
G.Skill RAM 32Go DDR4 3600MHz,Memoire RAM G.Skill 32Go DDR4 3600MHz compatible Intel AMD gaming overclocking,327.15,informatique,myStore,0,G.Skill RAM 32Go DDR4 3600MHz Memoire RAM G.Skill 32Go DDR4 3600MHz compatible Intel AMD gaming overclocking,15
Vivo Nord 2T 3Go/256Go,Smartphone Vivo 3Go RAM 256Go camera 50MP batterie 3000mAh AMOLED charge rapide Android,1052.69,telephone portable,myStore,3,Vivo Nord 2T 3Go/256Go Smartphone Vivo 3Go RAM 256Go camera 50MP batterie 3000mAh AMOLED charge rapide Android,17
HP Yoga 16 Gaming,Ordinateur portable gaming i5 32Go RAM SSD 128Go RTX 3070 ecran 16 pouces 144Hz performance,2055.14,informatique,myStore,32,HP Yoga 16 Gaming Ordinateur portable gaming i5 32Go RAM SSD 128Go RTX 3070 ecran 16 pouces 144Hz performance,28
Point acces WiFi Pro,Point acces WiFi D-Link 802.11ax dual-band 1200Mbps PoE entreprise couverture,315.83,reseau,myStore,0,Point acces WiFi Pro Point acces WiFi D-Link 802.11ax dual-band 1200Mbps PoE entreprise couverture,4
Point acces WiFi Pro,Point acces WiFi Huawei 802.11ax dual-band 1200Mbps PoE entreprise couverture,270.81,reseau,myStore,0,Point acces WiFi Pro Point acces WiFi Huawei 802.11ax dual-band 1200Mbps PoE entreprise couverture,45
Four micro-ondes 28L,Four micro-ondes Whirlpool 28L grill combine inox programmes automatiques rapide,91.98,electromenager,myStore,0,Four micro-ondes 28L Four micro-ondes Whirlpool 28L grill combine inox programmes automatiques rapide,18
Realme Reno 6 8Go/512Go,Smartphone Realme 8Go RAM 512Go camera 108MP batterie 6000mAh AMOLED charge rapide Android,191.31,telephone portable,myStore,8,Realme Reno 6 8Go/512Go Smartphone Realme 8Go RAM 512Go camera 108MP batterie 6000mAh AMOLED charge rapide Android,15
Xiaomi Galaxy Tab A8 6Go/32Go,Tablette Xiaomi 6Go RAM 32Go ecran haute resolution WiFi Bluetooth multimedia travail,561.87,electronique,myStore,6,Xiaomi Galaxy Tab A8 6Go/32Go Tablette Xiaomi 6Go RAM 32Go ecran haute resolution WiFi Bluetooth multimedia travail,17
Lave-linge 8kg,Lave-linge Siemens 8kg moteur inverter 1400tr/min vapeur A+++ silencieux,583.3,electromenager,myStore,0,Lave-linge 8kg Lave-linge Siemens 8kg moteur inverter 1400tr/min vapeur A+++ silencieux,21
Huawei ROG Strix 14,Ordinateur portable i7 4Go RAM SSD 128Go ecran Full HD 14 pouces bureautique leger rapide,974.79,informatique,myStore,4,Huawei ROG Strix 14 Ordinateur portable i7 4Go RAM SSD 128Go ecran Full HD 14 pouces bureautique leger rapide,20
Friteuse sans huile 4L,Friteuse sans huile Samsung 4L technologie air chaud 80% moins matiere grasse,163.53,electromenager,myStore,0,Friteuse sans huile 4L Friteuse sans huile Samsung 4L technologie air chaud 80% moins matiere grasse,34
Lenovo Tab M10 4Go/256Go,Tablette Lenovo 4Go RAM 256Go ecran haute resolution WiFi Bluetooth multimedia travail,489.49,electronique,myStore,4,Lenovo Tab M10 4Go/256Go Tablette Lenovo 4Go RAM 256Go ecran haute resolution WiFi Bluetooth multimedia travail,5
Machine cafe capsules,Machine cafe Whirlpool capsules pression 19 bars reservoir 1.5L rapide compacte,215.86,electromenager,myStore,0,Machine cafe capsules Machine cafe Whirlpool capsules pression 19 bars reservoir 1.5L rapide compacte,8
Redmi Note 11 12Go/256Go,Smartphone Xiaomi MIUI 12Go RAM 256Go camera 64MP batterie 4000mAh charge rapide AMOLED,223.97,telephone portable,myStore,12,Redmi Note 11 12Go/256Go Smartphone Xiaomi MIUI 12Go RAM 256Go camera 64MP batterie 4000mAh charge rapide AMOLED,9
Lenovo IdeaPad 14,Ordinateur portable Ryzen 5 8Go RAM SSD 512Go ecran Full HD 14 pouces multimedia leger rapide,929.26,informatique,myStore,8,Lenovo IdeaPad 14 Ordinateur portable Ryzen 5 8Go RAM SSD 512Go ecran Full HD 14 pouces multimedia leger rapide,14
LG ThinkPad 17,Ordinateur portable i7 4Go RAM SSD 512Go ecran Full HD 17 pouces etudiant leger rapide,958.1,informatique,myStore,4,LG ThinkPad 17 Ordinateur portable i7 4Go RAM SSD 512Go ecran Full HD 17 pouces etudiant leger rapide,24
Poco X4 3Go/256Go,Smartphone Xiaomi MIUI 3Go RAM 256Go camera 64MP batterie 4500mAh charge rapide AMOLED,107.76,telephone portable,myStore,3,Poco X4 3Go/256Go Smartphone Xiaomi MIUI 3Go RAM 256Go camera 64MP batterie 4500mAh charge rapide AMOLED,44
Asus VivoBook 17,Ordinateur portable Ryzen 3 16Go RAM SSD 512Go ecran Full HD 17 pouces professionnel leger rapide,1211.58,informatique,myStore,16,Asus VivoBook 17 Ordinateur portable Ryzen 3 16Go RAM SSD 512Go ecran Full HD 17 pouces professionnel leger rapide,9
MicroSD 128Go,Carte microSD Toshiba 128Go Class10 A1 V10 rapide smartphone tablette drone,47.17,stockage,myStore,0,MicroSD 128Go Carte microSD Toshiba 128Go Class10 A1 V10 rapide smartphone tablette drone,45
iPhone 12 Pro 128Go,Smartphone Apple puce A-series 128Go ecran Super Retina camera avancee Face ID iOS rapide,794.39,telephone portable,myStore,0,iPhone 12 Pro 128Go Smartphone Apple puce A-series 128Go ecran Super Retina camera avancee Face ID iOS rapide,13
Anker Casque Bluetooth,Casque Anker Bluetooth reduction bruit active ANC 30h autonomie qualite sonore premium,202.0,electronique,myStore,0,Anker Casque Bluetooth Casque Anker Bluetooth reduction bruit active ANC 30h autonomie qualite sonore premium,4
Samsung Tab M10 3Go/64Go,Tablette Samsung 3Go RAM 64Go ecran haute resolution WiFi Bluetooth multimedia travail,1062.47,electronique,myStore,3,Samsung Tab M10 3Go/64Go Tablette Samsung 3Go RAM 64Go ecran haute resolution WiFi Bluetooth multimedia travail,26
Philips Bravia OLED 85 pouces 4K,Television Philips Bravia OLED 85 pouces 4K UHD HDR Smart TV 144Hz WiFi HDMI streaming,740.7,electronique,myStore,0,Philips Bravia OLED 85 pouces 4K Television Philips Bravia OLED 85 pouces 4K UHD HDR Smart TV 144Hz WiFi HDMI streaming,26
Aspirateur robot WiFi,Aspirateur robot LG capteurs laser cartographie WiFi App programmable maison,209.88,electromenager,myStore,0,Aspirateur robot WiFi Aspirateur robot LG capteurs laser cartographie WiFi App programmable maison,21
Lave-vaisselle 15 couverts,Lave-vaisselle Siemens 15 couverts SilencePlus A+++ economie eau energie,359.35,electromenager,myStore,0,Lave-vaisselle 15 couverts Lave-vaisselle Siemens 15 couverts SilencePlus A+++ economie eau energie,34
Acer Nitro 15,Ordinateur portable i9 8Go RAM SSD 512Go ecran Full HD 15 pouces professionnel leger rapide,475.98,informatique,myStore,8,Acer Nitro 15 Ordinateur portable i9 8Go RAM SSD 512Go ecran Full HD 15 pouces professionnel leger rapide,29
Sennheiser Casque Bluetooth,Casque Sennheiser Bluetooth son haute fidelite 12h autonomie qualite sonore premium,390.27,electronique,myStore,0,Sennheiser Casque Bluetooth Casque Sennheiser Bluetooth son haute fidelite 12h autonomie qualite sonore premium,26
Redmi Note 12 4Go/64Go,Smartphone Xiaomi MIUI 4Go RAM 64Go camera 48MP batterie 4000mAh charge rapide AMOLED,407.89,telephone portable,myStore,4,Redmi Note 12 4Go/64Go Smartphone Xiaomi MIUI 4Go RAM 64Go camera 48MP batterie 4000mAh charge rapide AMOLED,3
Vivo GT 2 Pro 6Go/256Go,Smartphone Vivo 6Go RAM 256Go camera 48MP batterie 4000mAh AMOLED charge rapide Android,469.36,telephone portable,myStore,6,Vivo GT 2 Pro 6Go/256Go Smartphone Vivo 6Go RAM 256Go camera 48MP batterie 4000mAh AMOLED charge rapide Android,13
Asus TUF Gaming 16,Ordinateur portable Ryzen 3 24Go RAM SSD 512Go ecran Full HD 16 pouces multimedia leger rapide,1379.26,informatique,myStore,24,Asus TUF Gaming 16 Ordinateur portable Ryzen 3 24Go RAM SSD 512Go ecran Full HD 16 pouces multimedia leger rapide,26
Cle USB 16Go,Cle USB WD 16Go USB 3.0 lecture rapide compact metal design portable,38.28,stockage,myStore,0,Cle USB 16Go Cle USB WD 16Go USB 3.0 lecture rapide compact metal design portable,24
Seagate HDD 2To 5400RPM,Disque dur Seagate 2To 5400RPM SATA III stockage masse donnees multimedia,69.98,informatique,myStore,0,Seagate HDD 2To 5400RPM Disque dur Seagate 2To 5400RPM SATA III stockage masse donnees multimedia,49
HP ROG Strix 17 Gaming,Ordinateur portable gaming i3 32Go RAM SSD 512Go RX 6600 ecran 17 pouces 144Hz performance,931.38,informatique,myStore,32,HP ROG Strix 17 Gaming Ordinateur portable gaming i3 32Go RAM SSD 512Go RX 6600 ecran 17 pouces 144Hz performance,37
SSD externe 2000Go,Disque SSD externe Samsung 2000Go USB 3.2 1000Mo/s compact robuste rapide,191.33,stockage,myStore,0,SSD externe 2000Go Disque SSD externe Samsung 2000Go USB 3.2 1000Mo/s compact robuste rapide,44
AMD Ryzen 9 5900X,Processeur AMD Ryzen 9 12 coeurs 24 threads 4.8GHz workstation,333.18,informatique,myStore,0,AMD Ryzen 9 5900X Processeur AMD Ryzen 9 12 coeurs 24 threads 4.8GHz workstation,1
Samsung Casque Bluetooth,Casque Samsung Bluetooth reduction bruit active ANC 30h autonomie qualite sonore premium,164.76,electronique,myStore,0,Samsung Casque Bluetooth Casque Samsung Bluetooth reduction bruit active ANC 30h autonomie qualite sonore premium,48
AMD Ryzen 9 5900X,Processeur AMD Ryzen 9 12 coeurs 24 threads 4.8GHz workstation,389.48,informatique,myStore,0,AMD Ryzen 9 5900X Processeur AMD Ryzen 9 12 coeurs 24 threads 4.8GHz workstation,36
NAS 4To WiFi,Disque NAS Transcend 4To WiFi acces distant sauvegarde bureau maison cloud,496.01,stockage,myStore,0,NAS 4To WiFi Disque NAS Transcend 4To WiFi acces distant sauvegarde bureau maison cloud,24
Crucial RAM 8Go DDR5 5600MHz,Memoire RAM Crucial 8Go DDR5 5600MHz compatible Intel AMD gaming overclocking,55.43,informatique,myStore,0,Crucial RAM 8Go DDR5 5600MHz Memoire RAM Crucial 8Go DDR5 5600MHz compatible Intel AMD gaming overclocking,30
Disque externe 2To,Disque dur externe WD 2To USB 3.0 portable sauvegarde automatique,94.47,stockage,myStore,0,Disque externe 2To Disque dur externe WD 2To USB 3.0 portable sauvegarde automatique,0
Apple Enceinte Bluetooth,Enceinte Apple Bluetooth son haute fidelite 8h autonomie qualite sonore premium,272.25,electronique,myStore,0,Apple Enceinte Bluetooth Enceinte Apple Bluetooth son haute fidelite 8h autonomie qualite sonore premium,22
Galaxy M53 5G 6Go/32Go,Smartphone Samsung AMOLED 6Go RAM 32Go camera 50MP batterie 5500mAh 5G charge rapide Android,778.57,telephone portable,myStore,6,Galaxy M53 5G 6Go/32Go Smartphone Samsung AMOLED 6Go RAM 32Go camera 50MP batterie 5500mAh 5G charge rapide Android,19
Huawei Galaxy Tab S7 3Go/32Go,Tablette Huawei 3Go RAM 32Go ecran haute resolution WiFi Bluetooth multimedia travail,277.13,electronique,myStore,3,Huawei Galaxy Tab S7 3Go/32Go Tablette Huawei 3Go RAM 32Go ecran haute resolution WiFi Bluetooth multimedia travail,48
Redmi Note 12 6Go/256Go,Smartphone Xiaomi MIUI 6Go RAM 256Go camera 108MP batterie 4000mAh charge rapide AMOLED,784.0,telephone portable,myStore,6,Redmi Note 12 6Go/256Go Smartphone Xiaomi MIUI 6Go RAM 256Go camera 108MP batterie 4000mAh charge rapide AMOLED,24
Switch 5 ports Gigabit,Switch reseau Huawei 5 ports Gigabit manageable PoE+ entreprise fiable,299.99,reseau,myStore,0,Switch 5 ports Gigabit Switch reseau Huawei 5 ports Gigabit manageable PoE+ entreprise fiable,26
TCL OLED 55 pouces 4K,Television TCL OLED 55 pouces 4K UHD HDR Smart TV 100Hz WiFi HDMI streaming,183.83,electronique,myStore,0,TCL OLED 55 pouces 4K Television TCL OLED 55 pouces 4K UHD HDR Smart TV 100Hz WiFi HDMI streaming,34
Seagate SSD 256Go NVMe M.2,Disque SSD Seagate 256Go NVMe M.2 3500Mo/s lecture rapide fiable stockage,88.57,informatique,myStore,0,Seagate SSD 256Go NVMe M.2 Disque SSD Seagate 256Go NVMe M.2 3500Mo/s lecture rapide fiable stockage,47
Routeur WiFi 6 1800Mbps,Routeur WiFi 6 Huawei 1800Mbps double bande MU-MIMO 4 antennes rapide securise,130.12,reseau,myStore,0,Routeur WiFi 6 1800Mbps Routeur WiFi 6 Huawei 1800Mbps double bande MU-MIMO 4 antennes rapide securise,47
Disque externe 2To,Disque dur externe Samsung 2To USB 3.0 portable sauvegarde automatique,114.11,stockage,myStore,0,Disque externe 2To Disque dur externe Samsung 2To USB 3.0 portable sauvegarde automatique,34
Samsung Enceinte Bluetooth,Enceinte Samsung Bluetooth son haute fidelite 24h autonomie qualite sonore premium,251.48,electronique,myStore,0,Samsung Enceinte Bluetooth Enceinte Samsung Bluetooth son haute fidelite 24h autonomie qualite sonore premium,38
Realme 10 Pro 3Go/256Go,Smartphone Realme 3Go RAM 256Go camera 64MP batterie 6000mAh AMOLED charge rapide Android,681.07,telephone portable,myStore,3,Realme 10 Pro 3Go/256Go Smartphone Realme 3Go RAM 256Go camera 64MP batterie 6000mAh AMOLED charge rapide Android,14
Climatiseur 18000 BTU inverter,Climatiseur Midea 18000 BTU inverter A++ WiFi Smart silencieux ecologique R-32,869.24,electromenager,myStore,0,Climatiseur 18000 BTU inverter Climatiseur Midea 18000 BTU inverter A++ WiFi Smart silencieux ecologique R-32,31
Crucial RAM 64Go DDR4 3600MHz,Memoire RAM Crucial 64Go DDR4 3600MHz compatible Intel AMD gaming overclocking,92.1,informatique,myStore,0,Crucial RAM 64Go DDR4 3600MHz Memoire RAM Crucial 64Go DDR4 3600MHz compatible Intel AMD gaming overclocking,14
Routeur WiFi 6 1800Mbps,Routeur WiFi 6 Ubiquiti 1800Mbps double bande MU-MIMO 4 antennes rapide securise,72.03,reseau,myStore,0,Routeur WiFi 6 1800Mbps Routeur WiFi 6 Ubiquiti 1800Mbps double bande MU-MIMO 4 antennes rapide securise,17
Lenovo ZenBook 17,Ordinateur portable i3 8Go RAM SSD 1To ecran Full HD 17 pouces multimedia leger rapide,1311.88,informatique,myStore,8,Lenovo ZenBook 17 Ordinateur portable i3 8Go RAM SSD 1To ecran Full HD 17 pouces multimedia leger rapide,27
Jabra Ecouteurs Bluetooth,Ecouteurs Jabra Bluetooth reduction bruit active ANC 30h autonomie qualite sonore premium,398.13,electronique,myStore,0,Jabra Ecouteurs Bluetooth Ecouteurs Jabra Bluetooth reduction bruit active ANC 30h autonomie qualite sonore premium,31
Intel Core i7-12700,Processeur Intel i7 12 coeurs 20 threads 4.9GHz overclocking puissant,192.81,informatique,myStore,0,Intel Core i7-12700 Processeur Intel i7 12 coeurs 20 threads 4.9GHz overclocking puissant,1
Four micro-ondes 20L,Four micro-ondes Carrier 20L grill combine inox programmes automatiques rapide,167.95,electromenager,myStore,0,Four micro-ondes 20L Four micro-ondes Carrier 20L grill combine inox programmes automatiques rapide,24
Huawei ROG Strix 17 Gaming,Ordinateur portable gaming Ryzen 7 8Go RAM SSD 256Go RTX 3070 ecran 17 pouces 144Hz performance,778.27,informatique,myStore,8,Huawei ROG Strix 17 Gaming Ordinateur portable gaming Ryzen 7 8Go RAM SSD 256Go RTX 3070 ecran 17 pouces 144Hz performance,21
Lave-vaisselle 12 couverts,Lave-vaisselle Carrier 12 couverts SilencePlus A+++ economie eau energie,718.18,electromenager,myStore,0,Lave-vaisselle 12 couverts Lave-vaisselle Carrier 12 couverts SilencePlus A+++ economie eau energie,42
Intel Core i5-10400,Processeur Intel i5 6 coeurs 12 threads 4.3GHz gaming bureautique,116.24,informatique,myStore,0,Intel Core i5-10400 Processeur Intel i5 6 coeurs 12 threads 4.3GHz gaming bureautique,43
Samsung VivoBook 17 Gaming,Ordinateur portable gaming Ryzen 3 32Go RAM SSD 512Go GTX 1660Ti ecran 17 pouces 144Hz performance,768.74,informatique,myStore,32,Samsung VivoBook 17 Gaming Ordinateur portable gaming Ryzen 3 32Go RAM SSD 512Go GTX 1660Ti ecran 17 pouces 144Hz performance,25
Dell ProBook 17 Gaming,Ordinateur portable gaming Ryzen 9 4Go RAM SSD 128Go RTX 3050 ecran 17 pouces 144Hz performance,1166.13,informatique,myStore,4,Dell ProBook 17 Gaming Ordinateur portable gaming Ryzen 9 4Go RAM SSD 128Go RTX 3050 ecran 17 pouces 144Hz performance,46
Friteuse sans huile 5L,Friteuse sans huile Beko 5L technologie air chaud 80% moins matiere grasse,140.8,electromenager,myStore,0,Friteuse sans huile 5L Friteuse sans huile Beko 5L technologie air chaud 80% moins matiere grasse,10
Intel Core i5-10400,Processeur Intel i5 6 coeurs 12 threads 4.3GHz gaming bureautique,112.69,informatique,myStore,0,Intel Core i5-10400 Processeur Intel i5 6 coeurs 12 threads 4.3GHz gaming bureautique,29
Routeur WiFi 6 1200Mbps,Routeur WiFi 6 Cisco 1200Mbps double bande MU-MIMO 4 antennes rapide securise,250.29,reseau,myStore,0,Routeur WiFi 6 1200Mbps Routeur WiFi 6 Cisco 1200Mbps double bande MU-MIMO 4 antennes rapide securise,8
Kingston RAM 8Go DDR5 3200MHz,Memoire RAM Kingston 8Go DDR5 3200MHz compatible Intel AMD gaming overclocking,94.01,informatique,myStore,0,Kingston RAM 8Go DDR5 3200MHz Memoire RAM Kingston 8Go DDR5 3200MHz compatible Intel AMD gaming overclocking,39
Four micro-ondes 28L,Four micro-ondes Ariston 28L grill combine inox programmes automatiques rapide,78.97,electromenager,myStore,0,Four micro-ondes 28L Four micro-ondes Ariston 28L grill combine inox programmes automatiques rapide,34
Refrigerateur No Frost 350L,Refrigerateur Midea No Frost 350L Total Cooling inverter A++ economie energie,938.58,electromenager,myStore,0,Refrigerateur No Frost 350L Refrigerateur Midea No Frost 350L Total Cooling inverter A++ economie energie,1
Intel Core i5-12400,Processeur Intel i5 12eme generation 6 coeurs 4.4GHz performance,93.48,informatique,myStore,0,Intel Core i5-12400 Processeur Intel i5 12eme generation 6 coeurs 4.4GHz performance,25
Huawei Edge 30 4Go/512Go,Smartphone Huawei 4Go RAM 512Go camera 108MP batterie 4000mAh AMOLED charge rapide Android,480.28,telephone portable,myStore,4,Huawei Edge 30 4Go/512Go Smartphone Huawei 4Go RAM 512Go camera 108MP batterie 4000mAh AMOLED charge rapide Android,37
Crucial RAM 4Go DDR4 3600MHz,Memoire RAM Crucial 4Go DDR4 3600MHz compatible Intel AMD gaming overclocking,33.27,informatique,myStore,0,Crucial RAM 4Go DDR4 3600MHz Memoire RAM Crucial 4Go DDR4 3600MHz compatible Intel AMD gaming overclocking,36
Cle USB 128Go,Cle USB WD 128Go USB 3.0 lecture rapide compact metal design portable,59.27,stockage,myStore,0,Cle USB 128Go Cle USB WD 128Go USB 3.0 lecture rapide compact metal design portable,42
Corsair RAM 4Go DDR4 3600MHz,Memoire RAM Corsair 4Go DDR4 3600MHz compatible Intel AMD gaming overclocking,164.11,informatique,myStore,0,Corsair RAM 4Go DDR4 3600MHz Memoire RAM Corsair 4Go DDR4 3600MHz compatible Intel AMD gaming overclocking,1
Repeteur WiFi 1800Mbps,Repeteur WiFi Netgear 1800Mbps double bande port Gigabit facile installer,70.91,reseau,myStore,0,Repeteur WiFi 1800Mbps Repeteur WiFi Netgear 1800Mbps double bande port Gigabit facile installer,5
Disque externe 5To,Disque dur externe SanDisk 5To USB 3.0 portable sauvegarde automatique,188.32,stockage,myStore,0,Disque externe 5To Disque dur externe SanDisk 5To USB 3.0 portable sauvegarde automatique,41
NAS 6To WiFi,Disque NAS WD 6To WiFi acces distant sauvegarde bureau maison cloud,272.95,stockage,myStore,0,NAS 6To WiFi Disque NAS WD 6To WiFi acces distant sauvegarde bureau maison cloud,27
Realme Xperia 5 IV 12Go/256Go,Smartphone Realme 12Go RAM 256Go camera 12MP batterie 6000mAh AMOLED charge rapide Android,877.97,telephone portable,myStore,12,Realme Xperia 5 IV 12Go/256Go Smartphone Realme 12Go RAM 256Go camera 12MP batterie 6000mAh AMOLED charge rapide Android,8
Lenovo Aspire 14,Ordinateur portable i7 12Go RAM SSD 256Go ecran Full HD 14 pouces professionnel leger rapide,1331.47,informatique,myStore,12,Lenovo Aspire 14 Ordinateur portable i7 12Go RAM SSD 256Go ecran Full HD 14 pouces professionnel leger rapide,29
Seagate SSD 128Go NVMe M.2,Disque SSD Seagate 128Go NVMe M.2 3500Mo/s lecture rapide fiable stockage,213.53,informatique,myStore,0,Seagate SSD 128Go NVMe M.2 Disque SSD Seagate 128Go NVMe M.2 3500Mo/s lecture rapide fiable stockage,11
Galaxy S23 4G 4Go/64Go,Smartphone Samsung AMOLED 4Go RAM 64Go camera 48MP batterie 4000mAh 4G charge rapide Android,168.22,telephone portable,myStore,4,Galaxy S23 4G 4Go/64Go Smartphone Samsung AMOLED 4Go RAM 64Go camera 48MP batterie 4000mAh 4G charge rapide Android,3
Galaxy A33 5G 3Go/256Go,Smartphone Samsung AMOLED 3Go RAM 256Go camera 108MP batterie 5000mAh 5G charge rapide Android,324.82,telephone portable,myStore,3,Galaxy A33 5G 3Go/256Go Smartphone Samsung AMOLED 3Go RAM 256Go camera 108MP batterie 5000mAh 5G charge rapide Android,16
Switch 8 ports Gigabit,Switch reseau Huawei 8 ports Gigabit manageable PoE+ entreprise fiable,580.92,reseau,myStore,0,Switch 8 ports Gigabit Switch reseau Huawei 8 ports Gigabit manageable PoE+ entreprise fiable,24
Lenovo Swift 14,Ordinateur portable i9 32Go RAM SSD 1To ecran Full HD 14 pouces multimedia leger rapide,968.73,informatique,myStore,32,Lenovo Swift 14 Ordinateur portable i9 32Go RAM SSD 1To ecran Full HD 14 pouces multimedia leger rapide,20
Xiaomi MatePad 11 3Go/64Go,Tablette Xiaomi 3Go RAM 64Go ecran haute resolution WiFi Bluetooth multimedia travail,981.41,electronique,myStore,3,Xiaomi MatePad 11 3Go/64Go Tablette Xiaomi 3Go RAM 64Go ecran haute resolution WiFi Bluetooth multimedia travail,13
Microsoft Nitro 13 Gaming,Ordinateur portable gaming i3 16Go RAM SSD 512Go GTX 1660Ti ecran 13 pouces 144Hz performance,767.93,informatique,myStore,16,Microsoft Nitro 13 Gaming Ordinateur portable gaming i3 16Go RAM SSD 512Go GTX 1660Ti ecran 13 pouces 144Hz performance,29
Intel Core i7-12700,Processeur Intel i7 12 coeurs 20 threads 4.9GHz overclocking puissant,237.57,informatique,myStore,0,Intel Core i7-12700 Processeur Intel i7 12 coeurs 20 threads 4.9GHz overclocking puissant,20
Corsair RAM 16Go DDR4 3200MHz,Memoire RAM Corsair 16Go DDR4 3200MHz compatible Intel AMD gaming overclocking,129.22,informatique,myStore,0,Corsair RAM 16Go DDR4 3200MHz Memoire RAM Corsair 16Go DDR4 3200MHz compatible Intel AMD gaming overclocking,21
AMD Ryzen 9 5950X,Processeur AMD Ryzen 9 16 coeurs 32 threads 4.9GHz createur contenu,547.11,informatique,myStore,0,AMD Ryzen 9 5950X Processeur AMD Ryzen 9 16 coeurs 32 threads 4.9GHz createur contenu,48
LG Latitude 13,Ordinateur portable Ryzen 9 32Go RAM SSD 1To ecran Full HD 13 pouces bureautique leger rapide,908.82,informatique,myStore,32,LG Latitude 13 Ordinateur portable Ryzen 9 32Go RAM SSD 1To ecran Full HD 13 pouces bureautique leger rapide,24
Apple iPad Pro 11 6Go/32Go,Tablette Apple 6Go RAM 32Go ecran haute resolution WiFi Bluetooth multimedia travail,475.32,electronique,myStore,6,Apple iPad Pro 11 6Go/32Go Tablette Apple 6Go RAM 32Go ecran haute resolution WiFi Bluetooth multimedia travail,17
Redmi 9 3Go/512Go,Smartphone Xiaomi MIUI 3Go RAM 512Go camera 108MP batterie 3000mAh charge rapide AMOLED,541.8,telephone portable,myStore,3,Redmi 9 3Go/512Go Smartphone Xiaomi MIUI 3Go RAM 512Go camera 108MP batterie 3000mAh charge rapide AMOLED,48
Galaxy M33 5G 4Go/512Go,Smartphone Samsung AMOLED 4Go RAM 512Go camera 48MP batterie 5000mAh 5G charge rapide Android,318.38,telephone portable,myStore,4,Galaxy M33 5G 4Go/512Go Smartphone Samsung AMOLED 4Go RAM 512Go camera 48MP batterie 5000mAh 5G charge rapide Android,26
Switch 24 ports Gigabit,Switch reseau Huawei 24 ports Gigabit manageable PoE+ entreprise fiable,309.56,reseau,myStore,0,Switch 24 ports Gigabit Switch reseau Huawei 24 ports Gigabit manageable PoE+ entreprise fiable,16
iPhone SE 2022 64Go,Smartphone Apple puce A-series 64Go ecran Super Retina camera avancee Face ID iOS rapide,683.56,telephone portable,myStore,0,iPhone SE 2022 64Go Smartphone Apple puce A-series 64Go ecran Super Retina camera avancee Face ID iOS rapide,5
AMD Ryzen 3 3300X,Processeur AMD Ryzen 3 4 coeurs 8 threads 4.3GHz rapport qualite prix,59.5,informatique,myStore,0,AMD Ryzen 3 3300X Processeur AMD Ryzen 3 4 coeurs 8 threads 4.3GHz rapport qualite prix,30
Marshall Ecouteurs Bluetooth,Ecouteurs Marshall Bluetooth son haute fidelite 12h autonomie qualite sonore premium,324.14,electronique,myStore,0,Marshall Ecouteurs Bluetooth Ecouteurs Marshall Bluetooth son haute fidelite 12h autonomie qualite sonore premium,1
AMD Ryzen 9 5950X,Processeur AMD Ryzen 9 16 coeurs 32 threads 4.9GHz createur contenu,488.02,informatique,myStore,0,AMD Ryzen 9 5950X Processeur AMD Ryzen 9 16 coeurs 32 threads 4.9GHz createur contenu,47
Philips Bravia OLED 43 pouces 4K,Television Philips Bravia OLED 43 pouces 4K UHD HDR Smart TV 60Hz WiFi HDMI streaming,400.68,electronique,myStore,0,Philips Bravia OLED 43 pouces 4K Television Philips Bravia OLED 43 pouces 4K UHD HDR Smart TV 60Hz WiFi HDMI streaming,34
Lave-linge 11kg,Lave-linge Beko 11kg moteur inverter 1400tr/min vapeur A+++ silencieux,492.6,electromenager,myStore,0,Lave-linge 11kg Lave-linge Beko 11kg moteur inverter 1400tr/min vapeur A+++ silencieux,3
G.Skill RAM 64Go DDR4 5600MHz,Memoire RAM G.Skill 64Go DDR4 5600MHz compatible Intel AMD gaming overclocking,140.27,informatique,myStore,0,G.Skill RAM 64Go DDR4 5600MHz Memoire RAM G.Skill 64Go DDR4 5600MHz compatible Intel AMD gaming overclocking,22
Lave-vaisselle 13 couverts,Lave-vaisselle Beko 13 couverts SilencePlus A+++ economie eau energie,448.12,electromenager,myStore,0,Lave-vaisselle 13 couverts Lave-vaisselle Beko 13 couverts SilencePlus A+++ economie eau energie,14
Aspirateur robot WiFi,Aspirateur robot Midea capteurs laser cartographie WiFi App programmable maison,559.28,electromenager,myStore,0,Aspirateur robot WiFi Aspirateur robot Midea capteurs laser cartographie WiFi App programmable maison,41
NAS 2To WiFi,Disque NAS WD 2To WiFi acces distant sauvegarde bureau maison cloud,483.46,stockage,myStore,0,NAS 2To WiFi Disque NAS WD 2To WiFi acces distant sauvegarde bureau maison cloud,4
MicroSD 64Go,Carte microSD Seagate 64Go Class10 A1 V10 rapide smartphone tablette drone,19.28,stockage,myStore,0,MicroSD 64Go Carte microSD Seagate 64Go Class10 A1 V10 rapide smartphone tablette drone,49
MSI Aspire 17,Ordinateur portable i9 16Go RAM SSD 128Go ecran Full HD 17 pouces etudiant leger rapide,694.41,informatique,myStore,16,MSI Aspire 17 Ordinateur portable i9 16Go RAM SSD 128Go ecran Full HD 17 pouces etudiant leger rapide,41
Carte SD 128Go,Carte memoire Kingston 128Go UHS-I U3 V30 4K 160Mo/s appareil photo drone,73.6,stockage,myStore,0,Carte SD 128Go Carte memoire Kingston 128Go UHS-I U3 V30 4K 160Mo/s appareil photo drone,2
HP Modern 15,Ordinateur portable Ryzen 3 4Go RAM SSD 128Go ecran Full HD 15 pouces etudiant leger rapide,1061.21,informatique,myStore,4,HP Modern 15 Ordinateur portable Ryzen 3 4Go RAM SSD 128Go ecran Full HD 15 pouces etudiant leger rapide,48
Aspirateur robot WiFi,Aspirateur robot LG capteurs laser cartographie WiFi App programmable maison,467.03,electromenager,myStore,0,Aspirateur robot WiFi Aspirateur robot LG capteurs laser cartographie WiFi App programmable maison,1
MSI ThinkPad 16 Gaming,Ordinateur portable gaming Ryzen 9 4Go RAM SSD 512Go RTX 3050 ecran 16 pouces 144Hz performance,845.22,informatique,myStore,4,MSI ThinkPad 16 Gaming Ordinateur portable gaming Ryzen 9 4Go RAM SSD 512Go RTX 3050 ecran 16 pouces 144Hz performance,15
Seagate HDD 2To 7200RPM,Disque dur Seagate 2To 7200RPM SATA III stockage masse donnees multimedia,153.25,informatique,myStore,0,Seagate HDD 2To 7200RPM Disque dur Seagate 2To 7200RPM SATA III stockage masse donnees multimedia,12
Anker Ecouteurs Bluetooth,Ecouteurs Anker Bluetooth reduction bruit active ANC 8h autonomie qualite sonore premium,169.13,electronique,myStore,0,Anker Ecouteurs Bluetooth Ecouteurs Anker Bluetooth reduction bruit active ANC 8h autonomie qualite sonore premium,1
Refrigerateur No Frost 300L,Refrigerateur Beko No Frost 300L Total Cooling inverter A++ economie energie,595.52,electromenager,myStore,0,Refrigerateur No Frost 300L Refrigerateur Beko No Frost 300L Total Cooling inverter A++ economie energie,39
Asus ThinkPad 14 Gaming,Ordinateur portable gaming i5 8Go RAM SSD 512Go RTX 3050 ecran 14 pouces 144Hz performance,1840.32,informatique,myStore,8,Asus ThinkPad 14 Gaming Ordinateur portable gaming i5 8Go RAM SSD 512Go RTX 3050 ecran 14 pouces 144Hz performance,9
Kingston SSD 2To SATA III,Disque SSD Kingston 2To SATA III 550Mo/s lecture rapide fiable stockage,167.53,informatique,myStore,0,Kingston SSD 2To SATA III Disque SSD Kingston 2To SATA III 550Mo/s lecture rapide fiable stockage,15
Galaxy A33 5G 8Go/32Go,Smartphone Samsung AMOLED 8Go RAM 32Go camera 48MP batterie 5500mAh 5G charge rapide Android,835.84,telephone portable,myStore,8,Galaxy A33 5G 8Go/32Go Smartphone Samsung AMOLED 8Go RAM 32Go camera 48MP batterie 5500mAh 5G charge rapide Android,8
Routeur WiFi 6 1800Mbps,Routeur WiFi 6 Netgear 1800Mbps double bande MU-MIMO 4 antennes rapide securise,313.51,reseau,myStore,0,Routeur WiFi 6 1800Mbps Routeur WiFi 6 Netgear 1800Mbps double bande MU-MIMO 4 antennes rapide securise,30
OnePlus Reno 7 8Go/256Go,Smartphone OnePlus 8Go RAM 256Go camera 50MP batterie 4500mAh AMOLED charge rapide Android,330.97,telephone portable,myStore,8,OnePlus Reno 7 8Go/256Go Smartphone OnePlus 8Go RAM 256Go camera 50MP batterie 4500mAh AMOLED charge rapide Android,42
SSD externe 250Go,Disque SSD externe Seagate 250Go USB 3.2 1000Mo/s compact robuste rapide,107.01,stockage,myStore,0,SSD externe 250Go Disque SSD externe Seagate 250Go USB 3.2 1000Mo/s compact robuste rapide,7
Seagate HDD 1To 5400RPM,Disque dur Seagate 1To 5400RPM SATA III stockage masse donnees multimedia,127.09,informatique,myStore,0,Seagate HDD 1To 5400RPM Disque dur Seagate 1To 5400RPM SATA III stockage masse donnees multimedia,36
Poco X4 8Go/256Go,Smartphone Xiaomi MIUI 8Go RAM 256Go camera 48MP batterie 4000mAh charge rapide AMOLED,826.08,telephone portable,myStore,8,Poco X4 8Go/256Go Smartphone Xiaomi MIUI 8Go RAM 256Go camera 48MP batterie 4000mAh charge rapide AMOLED,13
Galaxy M23 5G 8Go/64Go,Smartphone Samsung AMOLED 8Go RAM 64Go camera 108MP batterie 6000mAh 5G charge rapide Android,903.02,telephone portable,myStore,8,Galaxy M23 5G 8Go/64Go Smartphone Samsung AMOLED 8Go RAM 64Go camera 108MP batterie 6000mAh 5G charge rapide Android,29
iPhone 14 128Go,Smartphone Apple puce A-series 128Go ecran Super Retina camera avancee Face ID iOS rapide,568.49,telephone portable,myStore,0,iPhone 14 128Go Smartphone Apple puce A-series 128Go ecran Super Retina camera avancee Face ID iOS rapide,44
Dell Nitro 16,Ordinateur portable i5 24Go RAM SSD 1To ecran Full HD 16 pouces professionnel leger rapide,1352.34,informatique,myStore,24,Dell Nitro 16 Ordinateur portable i5 24Go RAM SSD 1To ecran Full HD 16 pouces professionnel leger rapide,16
Sony ULED 32 pouces 4K,Television Sony ULED 32 pouces 4K UHD HDR Smart TV 100Hz WiFi HDMI streaming,1301.86,electronique,myStore,0,Sony ULED 32 pouces 4K Television Sony ULED 32 pouces 4K UHD HDR Smart TV 100Hz WiFi HDMI streaming,49
Friteuse sans huile 7L,Friteuse sans huile Siemens 7L technologie air chaud 80% moins matiere grasse,190.1,electromenager,myStore,0,Friteuse sans huile 7L Friteuse sans huile Siemens 7L technologie air chaud 80% moins matiere grasse,23
Seagate HDD 4To 5400RPM,Disque dur Seagate 4To 5400RPM SATA III stockage masse donnees multimedia,151.3,informatique,myStore,0,Seagate HDD 4To 5400RPM Disque dur Seagate 4To 5400RPM SATA III stockage masse donnees multimedia,10
iPhone 11 512Go,Smartphone Apple puce A-series 512Go ecran Super Retina camera avancee Face ID iOS rapide,750.12,telephone portable,myStore,0,iPhone 11 512Go Smartphone Apple puce A-series 512Go ecran Super Retina camera avancee Face ID iOS rapide,38
Machine cafe capsules,Machine cafe Samsung capsules pression 19 bars reservoir 1.5L rapide compacte,205.39,electromenager,myStore,0,Machine cafe capsules Machine cafe Samsung capsules pression 19 bars reservoir 1.5L rapide compacte,38
iPhone SE 2022 256Go,Smartphone Apple puce A-series 256Go ecran Super Retina camera avancee Face ID iOS rapide,1071.42,telephone portable,myStore,0,iPhone SE 2022 256Go Smartphone Apple puce A-series 256Go ecran Super Retina camera avancee Face ID iOS rapide,47
MSI Modern 15,Ordinateur portable Ryzen 5 12Go RAM SSD 256Go ecran Full HD 15 pouces bureautique leger rapide,989.59,informatique,myStore,12,MSI Modern 15 Ordinateur portable Ryzen 5 12Go RAM SSD 256Go ecran Full HD 15 pouces bureautique leger rapide,45
Mi 11 6Go/256Go,Smartphone Xiaomi MIUI 6Go RAM 256Go camera 64MP batterie 5500mAh charge rapide AMOLED,105.61,telephone portable,myStore,6,Mi 11 6Go/256Go Smartphone Xiaomi MIUI 6Go RAM 256Go camera 64MP batterie 5500mAh charge rapide AMOLED,7
Carte SD 64Go,Carte memoire Toshiba 64Go UHS-I U3 V30 4K 160Mo/s appareil photo drone,12.54,stockage,myStore,0,Carte SD 64Go Carte memoire Toshiba 64Go UHS-I U3 V30 4K 160Mo/s appareil photo drone,49
Routeur WiFi 6 1800Mbps,Routeur WiFi 6 TP-Link 1800Mbps double bande MU-MIMO 4 antennes rapide securise,238.37,reseau,myStore,0,Routeur WiFi 6 1800Mbps Routeur WiFi 6 TP-Link 1800Mbps double bande MU-MIMO 4 antennes rapide securise,10
Galaxy A14 4G 3Go/32Go,Smartphone Samsung AMOLED 3Go RAM 32Go camera 12MP batterie 6000mAh 4G charge rapide Android,590.96,telephone portable,myStore,3,Galaxy A14 4G 3Go/32Go Smartphone Samsung AMOLED 3Go RAM 32Go camera 12MP batterie 6000mAh 4G charge rapide Android,19
NAS 6To WiFi,Disque NAS Transcend 6To WiFi acces distant sauvegarde bureau maison cloud,113.66,stockage,myStore,0,NAS 6To WiFi Disque NAS Transcend 6To WiFi acces distant sauvegarde bureau maison cloud,6
WD SSD 256Go NVMe M.2,Disque SSD WD 256Go NVMe M.2 3500Mo/s lecture rapide fiable stockage,147.8,informatique,myStore,0,WD SSD 256Go NVMe M.2 Disque SSD WD 256Go NVMe M.2 3500Mo/s lecture rapide fiable stockage,37
TCL NanoCell 55 pouces 4K,Television TCL NanoCell 55 pouces 4K UHD HDR Smart TV 100Hz WiFi HDMI streaming,2462.73,electronique,myStore,0,TCL NanoCell 55 pouces 4K Television TCL NanoCell 55 pouces 4K UHD HDR Smart TV 100Hz WiFi HDMI streaming,1
iPhone 12 64Go,Smartphone Apple puce A-series 64Go ecran Super Retina camera avancee Face ID iOS rapide,1621.41,telephone portable,myStore,0,iPhone 12 64Go Smartphone Apple puce A-series 64Go ecran Super Retina camera avancee Face ID iOS rapide,19
WD HDD 4To 7200RPM,Disque dur WD 4To 7200RPM SATA III stockage masse donnees multimedia,88.26,informatique,myStore,0,WD HDD 4To 7200RPM Disque dur WD 4To 7200RPM SATA III stockage masse donnees multimedia,36
Carte SD 32Go,Carte memoire SanDisk 32Go UHS-I U3 V30 4K 160Mo/s appareil photo drone,60.17,stockage,myStore,0,Carte SD 32Go Carte memoire SanDisk 32Go UHS-I U3 V30 4K 160Mo/s appareil photo drone,43
Cle USB 32Go,Cle USB Transcend 32Go USB 3.0 lecture rapide compact metal design portable,27.74,stockage,myStore,0,Cle USB 32Go Cle USB Transcend 32Go USB 3.0 lecture rapide compact metal design portable,24
Routeur WiFi 6 1800Mbps,Routeur WiFi 6 Ubiquiti 1800Mbps double bande MU-MIMO 4 antennes rapide securise,281.66,reseau,myStore,0,Routeur WiFi 6 1800Mbps Routeur WiFi 6 Ubiquiti 1800Mbps double bande MU-MIMO 4 antennes rapide securise,25
Aspirateur robot WiFi,Aspirateur robot Midea capteurs laser cartographie WiFi App programmable maison,505.75,electromenager,myStore,0,Aspirateur robot WiFi Aspirateur robot Midea capteurs laser cartographie WiFi App programmable maison,45
Crucial RAM 32Go DDR4 4800MHz,Memoire RAM Crucial 32Go DDR4 4800MHz compatible Intel AMD gaming overclocking,239.14,informatique,myStore,0,Crucial RAM 32Go DDR4 4800MHz Memoire RAM Crucial 32Go DDR4 4800MHz compatible Intel AMD gaming overclocking,12
MSI Swift 16,Ordinateur portable Ryzen 7 24Go RAM SSD 256Go ecran Full HD 16 pouces bureautique leger rapide,1225.38,informatique,myStore,24,MSI Swift 16 Ordinateur portable Ryzen 7 24Go RAM SSD 256Go ecran Full HD 16 pouces bureautique leger rapide,4
iPhone SE 2022 128Go,Smartphone Apple puce A-series 128Go ecran Super Retina camera avancee Face ID iOS rapide,1085.31,telephone portable,myStore,0,iPhone SE 2022 128Go Smartphone Apple puce A-series 128Go ecran Super Retina camera avancee Face ID iOS rapide,37
LG ULED 32 pouces 4K,Television LG ULED 32 pouces 4K UHD HDR Smart TV 100Hz WiFi HDMI streaming,1779.33,electronique,myStore,0,LG ULED 32 pouces 4K Television LG ULED 32 pouces 4K UHD HDR Smart TV 100Hz WiFi HDMI streaming,44
Marshall Enceinte Bluetooth,Enceinte Marshall Bluetooth son haute fidelite 24h autonomie qualite sonore premium,99.5,electronique,myStore,0,Marshall Enceinte Bluetooth Enceinte Marshall Bluetooth son haute fidelite 24h autonomie qualite sonore premium,40
Seagate SSD 1To NVMe M.2,Disque SSD Seagate 1To NVMe M.2 3500Mo/s lecture rapide fiable stockage,104.78,informatique,myStore,0,Seagate SSD 1To NVMe M.2 Disque SSD Seagate 1To NVMe M.2 3500Mo/s lecture rapide fiable stockage,15
Hisense ULED 65 pouces 4K,Television Hisense ULED 65 pouces 4K UHD HDR Smart TV 144Hz WiFi HDMI streaming,2077.25,electronique,myStore,0,Hisense ULED 65 pouces 4K Television Hisense ULED 65 pouces 4K UHD HDR Smart TV 144Hz WiFi HDMI streaming,6
Apple Ecouteurs Bluetooth,Ecouteurs Apple Bluetooth son haute fidelite 8h autonomie qualite sonore premium,61.77,electronique,myStore,0,Apple Ecouteurs Bluetooth Ecouteurs Apple Bluetooth son haute fidelite 8h autonomie qualite sonore premium,44
HyperX RAM 4Go DDR5 3200MHz,Memoire RAM HyperX 4Go DDR5 3200MHz compatible Intel AMD gaming overclocking,309.16,informatique,myStore,0,HyperX RAM 4Go DDR5 3200MHz Memoire RAM HyperX 4Go DDR5 3200MHz compatible Intel AMD gaming overclocking,49
Galaxy A23 5G 3Go/128Go,Smartphone Samsung AMOLED 3Go RAM 128Go camera 12MP batterie 4500mAh 5G charge rapide Android,1195.38,telephone portable,myStore,3,Galaxy A23 5G 3Go/128Go Smartphone Samsung AMOLED 3Go RAM 128Go camera 12MP batterie 4500mAh 5G charge rapide Android,19
Climatiseur 12000 BTU inverter,Climatiseur Ariston 12000 BTU inverter A++ WiFi Smart silencieux ecologique R-32,350.5,electromenager,myStore,0,Climatiseur 12000 BTU inverter Climatiseur Ariston 12000 BTU inverter A++ WiFi Smart silencieux ecologique R-32,43
Mi 12 8Go/128Go,Smartphone Xiaomi MIUI 8Go RAM 128Go camera 108MP batterie 6000mAh charge rapide AMOLED,863.49,telephone portable,myStore,8,Mi 12 8Go/128Go Smartphone Xiaomi MIUI 8Go RAM 128Go camera 108MP batterie 6000mAh charge rapide AMOLED,38
Dell XPS 16,Ordinateur portable Ryzen 5 16Go RAM SSD 512Go ecran Full HD 16 pouces etudiant leger rapide,697.33,informatique,myStore,16,Dell XPS 16 Ordinateur portable Ryzen 5 16Go RAM SSD 512Go ecran Full HD 16 pouces etudiant leger rapide,7
Acer Inspiron 16,Ordinateur portable i3 4Go RAM SSD 256Go ecran Full HD 16 pouces etudiant leger rapide,1242.22,informatique,myStore,4,Acer Inspiron 16 Ordinateur portable i3 4Go RAM SSD 256Go ecran Full HD 16 pouces etudiant leger rapide,50
Galaxy S22 5G 4Go/512Go,Smartphone Samsung AMOLED 4Go RAM 512Go camera 108MP batterie 6000mAh 5G charge rapide Android,163.82,telephone portable,myStore,4,Galaxy S22 5G 4Go/512Go Smartphone Samsung AMOLED 4Go RAM 512Go camera 108MP batterie 6000mAh 5G charge rapide Android,36
Huawei Enceinte Bluetooth,Enceinte Huawei Bluetooth son haute fidelite 20h autonomie qualite sonore premium,68.32,electronique,myStore,0,Huawei Enceinte Bluetooth Enceinte Huawei Bluetooth son haute fidelite 20h autonomie qualite sonore premium,50
LG Yoga 17,Ordinateur portable Ryzen 3 24Go RAM SSD 128Go ecran Full HD 17 pouces bureautique leger rapide,1344.97,informatique,myStore,24,LG Yoga 17 Ordinateur portable Ryzen 3 24Go RAM SSD 128Go ecran Full HD 17 pouces bureautique leger rapide,2
Samsung Casque Bluetooth,Casque Samsung Bluetooth reduction bruit active ANC 20h autonomie qualite sonore premium,45.29,electronique,myStore,0,Samsung Casque Bluetooth Casque Samsung Bluetooth reduction bruit active ANC 20h autonomie qualite sonore premium,22
Apple Galaxy Tab A8 4Go/64Go,Tablette Apple 4Go RAM 64Go ecran haute resolution WiFi Bluetooth multimedia travail,678.89,electronique,myStore,4,Apple Galaxy Tab A8 4Go/64Go Tablette Apple 4Go RAM 64Go ecran haute resolution WiFi Bluetooth multimedia travail,34
LG Aspire 15,Ordinateur portable i3 12Go RAM SSD 1To ecran Full HD 15 pouces bureautique leger rapide,881.26,informatique,myStore,12,LG Aspire 15 Ordinateur portable i3 12Go RAM SSD 1To ecran Full HD 15 pouces bureautique leger rapide,27
NAS 8To WiFi,Disque NAS Kingston 8To WiFi acces distant sauvegarde bureau maison cloud,183.93,stockage,myStore,0,NAS 8To WiFi Disque NAS Kingston 8To WiFi acces distant sauvegarde bureau maison cloud,42
Galaxy S21 4G 3Go/512Go,Smartphone Samsung AMOLED 3Go RAM 512Go camera 200MP batterie 5500mAh 4G charge rapide Android,1225.02,telephone portable,myStore,3,Galaxy S21 4G 3Go/512Go Smartphone Samsung AMOLED 3Go RAM 512Go camera 200MP batterie 5500mAh 4G charge rapide Android,23
Asus EliteBook 13,Ordinateur portable Ryzen 3 16Go RAM SSD 128Go ecran Full HD 13 pouces multimedia leger rapide,866.33,informatique,myStore,16,Asus EliteBook 13 Ordinateur portable Ryzen 3 16Go RAM SSD 128Go ecran Full HD 13 pouces multimedia leger rapide,4
Samsung Galaxy Tab A8 8Go/32Go,Tablette Samsung 8Go RAM 32Go ecran haute resolution WiFi Bluetooth multimedia travail,1217.88,electronique,myStore,8,Samsung Galaxy Tab A8 8Go/32Go Tablette Samsung 8Go RAM 32Go ecran haute resolution WiFi Bluetooth multimedia travail,32
Intel Core i9-12900K,Processeur Intel i9 16 coeurs 24 threads 5.2GHz premium workstation,322.82,informatique,myStore,0,Intel Core i9-12900K Processeur Intel i9 16 coeurs 24 threads 5.2GHz premium workstation,41
Lave-linge 9kg,Lave-linge Carrier 9kg moteur inverter 1400tr/min vapeur A+++ silencieux,292.96,electromenager,myStore,0,Lave-linge 9kg Lave-linge Carrier 9kg moteur inverter 1400tr/min vapeur A+++ silencieux,21
Hisense ULED 43 pouces 4K,Television Hisense ULED 43 pouces 4K UHD HDR Smart TV 60Hz WiFi HDMI streaming,1768.29,electronique,myStore,0,Hisense ULED 43 pouces 4K Television Hisense ULED 43 pouces 4K UHD HDR Smart TV 60Hz WiFi HDMI streaming,0
Motorola Pixel 7 4Go/512Go,Smartphone Motorola 4Go RAM 512Go camera 48MP batterie 5500mAh AMOLED charge rapide Android,506.31,telephone portable,myStore,4,Motorola Pixel 7 4Go/512Go Smartphone Motorola 4Go RAM 512Go camera 48MP batterie 5500mAh AMOLED charge rapide Android,26
Routeur WiFi 6 3000Mbps,Routeur WiFi 6 Asus 3000Mbps double bande MU-MIMO 4 antennes rapide securise,126.96,reseau,myStore,0,Routeur WiFi 6 3000Mbps Routeur WiFi 6 Asus 3000Mbps double bande MU-MIMO 4 antennes rapide securise,31
OnePlus Nord CE 2 8Go/64Go,Smartphone OnePlus 8Go RAM 64Go camera 108MP batterie 4500mAh AMOLED charge rapide Android,899.13,telephone portable,myStore,8,OnePlus Nord CE 2 8Go/64Go Smartphone OnePlus 8Go RAM 64Go camera 108MP batterie 4500mAh AMOLED charge rapide Android,6
NAS 4To WiFi,Disque NAS Seagate 4To WiFi acces distant sauvegarde bureau maison cloud,231.77,stockage,myStore,0,NAS 4To WiFi Disque NAS Seagate 4To WiFi acces distant sauvegarde bureau maison cloud,27
Friteuse sans huile 4L,Friteuse sans huile LG 4L technologie air chaud 80% moins matiere grasse,83.78,electromenager,myStore,0,Friteuse sans huile 4L Friteuse sans huile LG 4L technologie air chaud 80% moins matiere grasse,23
Dell TUF Gaming 13,Ordinateur portable Ryzen 9 12Go RAM SSD 128Go ecran Full HD 13 pouces multimedia leger rapide,490.63,informatique,myStore,12,Dell TUF Gaming 13 Ordinateur portable Ryzen 9 12Go RAM SSD 128Go ecran Full HD 13 pouces multimedia leger rapide,40
Xiaomi 12 4Go/32Go,Smartphone Xiaomi MIUI 4Go RAM 32Go camera 48MP batterie 4500mAh charge rapide AMOLED,505.06,telephone portable,myStore,4,Xiaomi 12 4Go/32Go Smartphone Xiaomi MIUI 4Go RAM 32Go camera 48MP batterie 4500mAh charge rapide AMOLED,29
Machine cafe capsules,Machine cafe Samsung capsules pression 19 bars reservoir 1.5L rapide compacte,238.42,electromenager,myStore,0,Machine cafe capsules Machine cafe Samsung capsules pression 19 bars reservoir 1.5L rapide compacte,45
Philips QLED 43 pouces 4K,Television Philips QLED 43 pouces 4K UHD HDR Smart TV 144Hz WiFi HDMI streaming,1772.18,electronique,myStore,0,Philips QLED 43 pouces 4K Television Philips QLED 43 pouces 4K UHD HDR Smart TV 144Hz WiFi HDMI streaming,9
Samsung QLED 65 pouces 4K,Television Samsung QLED 65 pouces 4K UHD HDR Smart TV 60Hz WiFi HDMI streaming,2264.22,electronique,myStore,0,Samsung QLED 65 pouces 4K Television Samsung QLED 65 pouces 4K UHD HDR Smart TV 60Hz WiFi HDMI streaming,27
Seagate SSD 500Go SATA III,Disque SSD Seagate 500Go SATA III 550Mo/s lecture rapide fiable stockage,177.24,informatique,myStore,0,Seagate SSD 500Go SATA III Disque SSD Seagate 500Go SATA III 550Mo/s lecture rapide fiable stockage,11
MSI Envy 16 Gaming,Ordinateur portable gaming Ryzen 5 32Go RAM SSD 1To RTX 3070 ecran 16 pouces 144Hz performance,1264.69,informatique,myStore,32,MSI Envy 16 Gaming Ordinateur portable gaming Ryzen 5 32Go RAM SSD 1To RTX 3070 ecran 16 pouces 144Hz performance,46
Hisense QLED 40 pouces 4K,Television Hisense QLED 40 pouces 4K UHD HDR Smart TV 144Hz WiFi HDMI streaming,972.33,electronique,myStore,0,Hisense QLED 40 pouces 4K Television Hisense QLED 40 pouces 4K UHD HDR Smart TV 144Hz WiFi HDMI streaming,33
Seagate HDD 6To 7200RPM,Disque dur Seagate 6To 7200RPM SATA III stockage masse donnees multimedia,98.77,informatique,myStore,0,Seagate HDD 6To 7200RPM Disque dur Seagate 6To 7200RPM SATA III stockage masse donnees multimedia,41
HyperX RAM 64Go DDR5 3200MHz,Memoire RAM HyperX 64Go DDR5 3200MHz compatible Intel AMD gaming overclocking,299.5,informatique,myStore,0,HyperX RAM 64Go DDR5 3200MHz Memoire RAM HyperX 64Go DDR5 3200MHz compatible Intel AMD gaming overclocking,17
Lave-linge 8kg,Lave-linge Beko 8kg moteur inverter 1400tr/min vapeur A+++ silencieux,639.52,electromenager,myStore,0,Lave-linge 8kg Lave-linge Beko 8kg moteur inverter 1400tr/min vapeur A+++ silencieux,39
Intel Core i5-12400,Processeur Intel i5 12eme generation 6 coeurs 4.4GHz performance,97.64,informatique,myStore,0,Intel Core i5-12400 Processeur Intel i5 12eme generation 6 coeurs 4.4GHz performance,34
Seagate SSD 500Go NVMe M.2,Disque SSD Seagate 500Go NVMe M.2 3500Mo/s lecture rapide fiable stockage,141.39,informatique,myStore,0,Seagate SSD 500Go NVMe M.2 Disque SSD Seagate 500Go NVMe M.2 3500Mo/s lecture rapide fiable stockage,49
Cle USB 16Go,Cle USB Kingston 16Go USB 3.0 lecture rapide compact metal design portable,40.57,stockage,myStore,0,Cle USB 16Go Cle USB Kingston 16Go USB 3.0 lecture rapide compact metal design portable,30
Corsair RAM 32Go DDR4 3200MHz,Memoire RAM Corsair 32Go DDR4 3200MHz compatible Intel AMD gaming overclocking,18.36,informatique,myStore,0,Corsair RAM 32Go DDR4 3200MHz Memoire RAM Corsair 32Go DDR4 3200MHz compatible Intel AMD gaming overclocking,29
iPhone 12 Pro 64Go,Smartphone Apple puce A-series 64Go ecran Super Retina camera avancee Face ID iOS rapide,566.84,telephone portable,myStore,0,iPhone 12 Pro 64Go Smartphone Apple puce A-series 64Go ecran Super Retina camera avancee Face ID iOS rapide,27
WD SSD 1To SATA III,Disque SSD WD 1To SATA III 550Mo/s lecture rapide fiable stockage,137.09,informatique,myStore,0,WD SSD 1To SATA III Disque SSD WD 1To SATA III 550Mo/s lecture rapide fiable stockage,46
Galaxy S21 4G 3Go/128Go,Smartphone Samsung AMOLED 3Go RAM 128Go camera 108MP batterie 4000mAh 4G charge rapide Android,884.73,telephone portable,myStore,3,Galaxy S21 4G 3Go/128Go Smartphone Samsung AMOLED 3Go RAM 128Go camera 108MP batterie 4000mAh 4G charge rapide Android,37
Disque externe 2To,Disque dur externe Samsung 2To USB 3.0 portable sauvegarde automatique,172.42,stockage,myStore,0,Disque externe 2To Disque dur externe Samsung 2To USB 3.0 portable sauvegarde automatique,17
Marshall Ecouteurs Bluetooth,Ecouteurs Marshall Bluetooth reduction bruit active ANC 30h autonomie qualite sonore premium,368.11,electronique,myStore,0,Marshall Ecouteurs Bluetooth Ecouteurs Marshall Bluetooth reduction bruit active ANC 30h autonomie qualite sonore premium,20
Aspirateur robot WiFi,Aspirateur robot Bosch capteurs laser cartographie WiFi App programmable maison,228.84,electromenager,myStore,0,Aspirateur robot WiFi Aspirateur robot Bosch capteurs laser cartographie WiFi App programmable maison,15
iPhone 14 Pro 64Go,Smartphone Apple puce A-series 64Go ecran Super Retina camera avancee Face ID iOS rapide,987.51,telephone portable,myStore,0,iPhone 14 Pro 64Go Smartphone Apple puce A-series 64Go ecran Super Retina camera avancee Face ID iOS rapide,5
Intel Core i7-11700,Processeur Intel i7 8 coeurs 16 threads 4.9GHz gaming puissant,183.53,informatique,myStore,0,Intel Core i7-11700 Processeur Intel i7 8 coeurs 16 threads 4.9GHz gaming puissant,17
Routeur WiFi 6 5400Mbps,Routeur WiFi 6 TP-Link 5400Mbps double bande MU-MIMO 4 antennes rapide securise,253.63,reseau,myStore,0,Routeur WiFi 6 5400Mbps Routeur WiFi 6 TP-Link 5400Mbps double bande MU-MIMO 4 antennes rapide securise,28
iPhone 12 128Go,Smartphone Apple puce A-series 128Go ecran Super Retina camera avancee Face ID iOS rapide,1532.88,telephone portable,myStore,0,iPhone 12 128Go Smartphone Apple puce A-series 128Go ecran Super Retina camera avancee Face ID iOS rapide,15
Huawei Inspiron 14,Ordinateur portable i9 16Go RAM SSD 1To ecran Full HD 14 pouces etudiant leger rapide,947.56,informatique,myStore,16,Huawei Inspiron 14 Ordinateur portable i9 16Go RAM SSD 1To ecran Full HD 14 pouces etudiant leger rapide,48
Asus Yoga 16,Ordinateur portable Ryzen 5 16Go RAM SSD 1To ecran Full HD 16 pouces multimedia leger rapide,434.26,informatique,myStore,16,Asus Yoga 16 Ordinateur portable Ryzen 5 16Go RAM SSD 1To ecran Full HD 16 pouces multimedia leger rapide,29
Lave-linge 8kg,Lave-linge LG 8kg moteur inverter 1400tr/min vapeur A+++ silencieux,364.68,electromenager,myStore,0,Lave-linge 8kg Lave-linge LG 8kg moteur inverter 1400tr/min vapeur A+++ silencieux,36
Galaxy A23 4G 8Go/32Go,Smartphone Samsung AMOLED 8Go RAM 32Go camera 108MP batterie 5500mAh 4G charge rapide Android,255.92,telephone portable,myStore,8,Galaxy A23 4G 8Go/32Go Smartphone Samsung AMOLED 8Go RAM 32Go camera 108MP batterie 5500mAh 4G charge rapide Android,39
SSD externe 2000Go,Disque SSD externe Seagate 2000Go USB 3.2 1000Mo/s compact robuste rapide,96.66,stockage,myStore,0,SSD externe 2000Go Disque SSD externe Seagate 2000Go USB 3.2 1000Mo/s compact robuste rapide,42
Dell EliteBook 17,Ordinateur portable i7 32Go RAM SSD 1To ecran Full HD 17 pouces bureautique leger rapide,1132.95,informatique,myStore,32,Dell EliteBook 17 Ordinateur portable i7 32Go RAM SSD 1To ecran Full HD 17 pouces bureautique leger rapide,24
Lenovo Latitude 17,Ordinateur portable Ryzen 9 12Go RAM SSD 256Go ecran Full HD 17 pouces professionnel leger rapide,579.95,informatique,myStore,12,Lenovo Latitude 17 Ordinateur portable Ryzen 9 12Go RAM SSD 256Go ecran Full HD 17 pouces professionnel leger rapide,21
MicroSD 256Go,Carte microSD Transcend 256Go Class10 A1 V10 rapide smartphone tablette drone,41.09,stockage,myStore,0,MicroSD 256Go Carte microSD Transcend 256Go Class10 A1 V10 rapide smartphone tablette drone,1
Dell Nitro 14 Gaming,Ordinateur portable gaming Ryzen 5 12Go RAM SSD 128Go RX 6600 ecran 14 pouces 144Hz performance,804.38,informatique,myStore,12,Dell Nitro 14 Gaming Ordinateur portable gaming Ryzen 5 12Go RAM SSD 128Go RX 6600 ecran 14 pouces 144Hz performance,31
iPhone 13 Pro 64Go,Smartphone Apple puce A-series 64Go ecran Super Retina camera avancee Face ID iOS rapide,815.87,telephone portable,myStore,0,iPhone 13 Pro 64Go Smartphone Apple puce A-series 64Go ecran Super Retina camera avancee Face ID iOS rapide,20
Lave-linge 6kg,Lave-linge Daikin 6kg moteur inverter 1400tr/min vapeur A+++ silencieux,483.51,electromenager,myStore,0,Lave-linge 6kg Lave-linge Daikin 6kg moteur inverter 1400tr/min vapeur A+++ silencieux,11
iPhone 12 64Go,Smartphone Apple puce A-series 64Go ecran Super Retina camera avancee Face ID iOS rapide,767.83,telephone portable,myStore,0,iPhone 12 64Go Smartphone Apple puce A-series 64Go ecran Super Retina camera avancee Face ID iOS rapide,31
Huawei ThinkPad 13,Ordinateur portable Ryzen 5 4Go RAM SSD 256Go ecran Full HD 13 pouces professionnel leger rapide,771.22,informatique,myStore,4,Huawei ThinkPad 13 Ordinateur portable Ryzen 5 4Go RAM SSD 256Go ecran Full HD 13 pouces professionnel leger rapide,13
Dell Aspire 14 Gaming,Ordinateur portable gaming Ryzen 3 12Go RAM SSD 256Go RX 6700 XT ecran 14 pouces 144Hz performance,929.78,informatique,myStore,12,Dell Aspire 14 Gaming Ordinateur portable gaming Ryzen 3 12Go RAM SSD 256Go RX 6700 XT ecran 14 pouces 144Hz performance,22
Four micro-ondes 30L,Four micro-ondes Bosch 30L grill combine inox programmes automatiques rapide,178.88,electromenager,myStore,0,Four micro-ondes 30L Four micro-ondes Bosch 30L grill combine inox programmes automatiques rapide,16
Galaxy M53 5G 6Go/512Go,Smartphone Samsung AMOLED 6Go RAM 512Go camera 200MP batterie 5500mAh 5G charge rapide Android,457.28,telephone portable,myStore,6,Galaxy M53 5G 6Go/512Go Smartphone Samsung AMOLED 6Go RAM 512Go camera 200MP batterie 5500mAh 5G charge rapide Android,21
Crucial RAM 64Go DDR4 3600MHz,Memoire RAM Crucial 64Go DDR4 3600MHz compatible Intel AMD gaming overclocking,196.08,informatique,myStore,0,Crucial RAM 64Go DDR4 3600MHz Memoire RAM Crucial 64Go DDR4 3600MHz compatible Intel AMD gaming overclocking,17
NAS 2To WiFi,Disque NAS Transcend 2To WiFi acces distant sauvegarde bureau maison cloud,470.62,stockage,myStore,0,NAS 2To WiFi Disque NAS Transcend 2To WiFi acces distant sauvegarde bureau maison cloud,38
Google Nord 2T 3Go/64Go,Smartphone Google 3Go RAM 64Go camera 200MP batterie 5000mAh AMOLED charge rapide Android,882.45,telephone portable,myStore,3,Google Nord 2T 3Go/64Go Smartphone Google 3Go RAM 64Go camera 200MP batterie 5000mAh AMOLED charge rapide Android,44
Cle USB 128Go,Cle USB Transcend 128Go USB 3.0 lecture rapide compact metal design portable,52.46,stockage,myStore,0,Cle USB 128Go Cle USB Transcend 128Go USB 3.0 lecture rapide compact metal design portable,17
Galaxy A73 4G 6Go/64Go,Smartphone Samsung AMOLED 6Go RAM 64Go camera 48MP batterie 5500mAh 4G charge rapide Android,1136.65,telephone portable,myStore,6,Galaxy A73 4G 6Go/64Go Smartphone Samsung AMOLED 6Go RAM 64Go camera 48MP batterie 5500mAh 4G charge rapide Android,35
LG OLED 32 pouces 4K,Television LG OLED 32 pouces 4K UHD HDR Smart TV 120Hz WiFi HDMI streaming,209.54,electronique,myStore,0,LG OLED 32 pouces 4K Television LG OLED 32 pouces 4K UHD HDR Smart TV 120Hz WiFi HDMI streaming,0
TCL ULED 40 pouces 4K,Television TCL ULED 40 pouces 4K UHD HDR Smart TV 100Hz WiFi HDMI streaming,1492.92,electronique,myStore,0,TCL ULED 40 pouces 4K Television TCL ULED 40 pouces 4K UHD HDR Smart TV 100Hz WiFi HDMI streaming,33
Poco F4 6Go/256Go,Smartphone Xiaomi MIUI 6Go RAM 256Go camera 64MP batterie 5500mAh charge rapide AMOLED,511.09,telephone portable,myStore,6,Poco F4 6Go/256Go Smartphone Xiaomi MIUI 6Go RAM 256Go camera 64MP batterie 5500mAh charge rapide AMOLED,12
iPhone 13 Pro 128Go,Smartphone Apple puce A-series 128Go ecran Super Retina camera avancee Face ID iOS rapide,2020.49,telephone portable,myStore,0,iPhone 13 Pro 128Go Smartphone Apple puce A-series 128Go ecran Super Retina camera avancee Face ID iOS rapide,5
Aspirateur robot WiFi,Aspirateur robot Carrier capteurs laser cartographie WiFi App programmable maison,181.15,electromenager,myStore,0,Aspirateur robot WiFi Aspirateur robot Carrier capteurs laser cartographie WiFi App programmable maison,15
Redmi Note 12 4Go/128Go,Smartphone Xiaomi MIUI 4Go RAM 128Go camera 64MP batterie 5500mAh charge rapide AMOLED,391.63,telephone portable,myStore,4,Redmi Note 12 4Go/128Go Smartphone Xiaomi MIUI 4Go RAM 128Go camera 64MP batterie 5500mAh charge rapide AMOLED,46
Bose Enceinte Bluetooth,Enceinte Bose Bluetooth reduction bruit active ANC 30h autonomie qualite sonore premium,92.0,electronique,myStore,0,Bose Enceinte Bluetooth Enceinte Bose Bluetooth reduction bruit active ANC 30h autonomie qualite sonore premium,26
Apple Galaxy Tab S8 8Go/256Go,Tablette Apple 8Go RAM 256Go ecran haute resolution WiFi Bluetooth multimedia travail,680.51,electronique,myStore,8,Apple Galaxy Tab S8 8Go/256Go Tablette Apple 8Go RAM 256Go ecran haute resolution WiFi Bluetooth multimedia travail,31
AMD Ryzen 9 5900X,Processeur AMD Ryzen 9 12 coeurs 24 threads 4.8GHz workstation,347.09,informatique,myStore,0,AMD Ryzen 9 5900X Processeur AMD Ryzen 9 12 coeurs 24 threads 4.8GHz workstation,35
Machine cafe capsules,Machine cafe Bosch capsules pression 19 bars reservoir 1.5L rapide compacte,85.71,electromenager,myStore,0,Machine cafe capsules Machine cafe Bosch capsules pression 19 bars reservoir 1.5L rapide compacte,48
AMD Ryzen 3 3300X,Processeur AMD Ryzen 3 4 coeurs 8 threads 4.3GHz rapport qualite prix,70.31,informatique,myStore,0,AMD Ryzen 3 3300X Processeur AMD Ryzen 3 4 coeurs 8 threads 4.3GHz rapport qualite prix,15
MSI Inspiron 16,Ordinateur portable Ryzen 9 4Go RAM SSD 1To ecran Full HD 16 pouces professionnel leger rapide,1186.15,informatique,myStore,4,MSI Inspiron 16 Ordinateur portable Ryzen 9 4Go RAM SSD 1To ecran Full HD 16 pouces professionnel leger rapide,44
Samsung Swift 15 Gaming,Ordinateur portable gaming Ryzen 5 4Go RAM SSD 128Go RTX 3070 ecran 15 pouces 144Hz performance,757.39,informatique,myStore,4,Samsung Swift 15 Gaming Ordinateur portable gaming Ryzen 5 4Go RAM SSD 128Go RTX 3070 ecran 15 pouces 144Hz performance,30
NAS 6To WiFi,Disque NAS Seagate 6To WiFi acces distant sauvegarde bureau maison cloud,97.19,stockage,myStore,0,NAS 6To WiFi Disque NAS Seagate 6To WiFi acces distant sauvegarde bureau maison cloud,41
Dell Envy 16,Ordinateur portable Ryzen 3 24Go RAM SSD 1To ecran Full HD 16 pouces bureautique leger rapide,977.94,informatique,myStore,24,Dell Envy 16 Ordinateur portable Ryzen 3 24Go RAM SSD 1To ecran Full HD 16 pouces bureautique leger rapide,45
Huawei Casque Bluetooth,Casque Huawei Bluetooth reduction bruit active ANC 24h autonomie qualite sonore premium,166.24,electronique,myStore,0,Huawei Casque Bluetooth Casque Huawei Bluetooth reduction bruit active ANC 24h autonomie qualite sonore premium,31
Samsung Latitude 13,Ordinateur portable i3 8Go RAM SSD 256Go ecran Full HD 13 pouces bureautique leger rapide,973.64,informatique,myStore,8,Samsung Latitude 13 Ordinateur portable i3 8Go RAM SSD 256Go ecran Full HD 13 pouces bureautique leger rapide,28
Galaxy A23 4G 6Go/128Go,Smartphone Samsung AMOLED 6Go RAM 128Go camera 12MP batterie 6000mAh 4G charge rapide Android,174.41,telephone portable,myStore,6,Galaxy A23 4G 6Go/128Go Smartphone Samsung AMOLED 6Go RAM 128Go camera 12MP batterie 6000mAh 4G charge rapide Android,50
Microsoft ThinkPad 17,Ordinateur portable i9 16Go RAM SSD 256Go ecran Full HD 17 pouces professionnel leger rapide,1164.29,informatique,myStore,16,Microsoft ThinkPad 17 Ordinateur portable i9 16Go RAM SSD 256Go ecran Full HD 17 pouces professionnel leger rapide,1
Google Xperia 5 IV 4Go/512Go,Smartphone Google 4Go RAM 512Go camera 50MP batterie 4500mAh AMOLED charge rapide Android,539.31,telephone portable,myStore,4,Google Xperia 5 IV 4Go/512Go Smartphone Google 4Go RAM 512Go camera 50MP batterie 4500mAh AMOLED charge rapide Android,5
Galaxy M23 5G 8Go/32Go,Smartphone Samsung AMOLED 8Go RAM 32Go camera 200MP batterie 5500mAh 5G charge rapide Android,247.15,telephone portable,myStore,8,Galaxy M23 5G 8Go/32Go Smartphone Samsung AMOLED 8Go RAM 32Go camera 200MP batterie 5500mAh 5G charge rapide Android,18
iPhone 13 Pro 64Go,Smartphone Apple puce A-series 64Go ecran Super Retina camera avancee Face ID iOS rapide,950.43,telephone portable,myStore,0,iPhone 13 Pro 64Go Smartphone Apple puce A-series 64Go ecran Super Retina camera avancee Face ID iOS rapide,14
AMD Ryzen 3 3300X,Processeur AMD Ryzen 3 4 coeurs 8 threads 4.3GHz rapport qualite prix,61.63,informatique,myStore,0,AMD Ryzen 3 3300X Processeur AMD Ryzen 3 4 coeurs 8 threads 4.3GHz rapport qualite prix,25
WD HDD 6To 7200RPM,Disque dur WD 6To 7200RPM SATA III stockage masse donnees multimedia,39.15,informatique,myStore,0,WD HDD 6To 7200RPM Disque dur WD 6To 7200RPM SATA III stockage masse donnees multimedia,44
Asus IdeaPad 15,Ordinateur portable Ryzen 7 16Go RAM SSD 1To ecran Full HD 15 pouces bureautique leger rapide,593.05,informatique,myStore,16,Asus IdeaPad 15 Ordinateur portable Ryzen 7 16Go RAM SSD 1To ecran Full HD 15 pouces bureautique leger rapide,15
Sony Casque Bluetooth,Casque Sony Bluetooth son haute fidelite 20h autonomie qualite sonore premium,103.84,electronique,myStore,0,Sony Casque Bluetooth Casque Sony Bluetooth son haute fidelite 20h autonomie qualite sonore premium,19
Redmi Note 10 8Go/256Go,Smartphone Xiaomi MIUI 8Go RAM 256Go camera 48MP batterie 5000mAh charge rapide AMOLED,695.61,telephone portable,myStore,8,Redmi Note 10 8Go/256Go Smartphone Xiaomi MIUI 8Go RAM 256Go camera 48MP batterie 5000mAh charge rapide AMOLED,42
LG ULED 40 pouces 4K,Television LG ULED 40 pouces 4K UHD HDR Smart TV 144Hz WiFi HDMI streaming,2158.48,electronique,myStore,0,LG ULED 40 pouces 4K Television LG ULED 40 pouces 4K UHD HDR Smart TV 144Hz WiFi HDMI streaming,37
Galaxy S22 5G 12Go/32Go,Smartphone Samsung AMOLED 12Go RAM 32Go camera 200MP batterie 3000mAh 5G charge rapide Android,1150.01,telephone portable,myStore,12,Galaxy S22 5G 12Go/32Go Smartphone Samsung AMOLED 12Go RAM 32Go camera 200MP batterie 3000mAh 5G charge rapide Android,23
Intel Core i5-10400,Processeur Intel i5 6 coeurs 12 threads 4.3GHz gaming bureautique,124.74,informatique,myStore,0,Intel Core i5-10400 Processeur Intel i5 6 coeurs 12 threads 4.3GHz gaming bureautique,30
Motorola Edge 30 8Go/32Go,Smartphone Motorola 8Go RAM 32Go camera 48MP batterie 4000mAh AMOLED charge rapide Android,672.47,telephone portable,myStore,8,Motorola Edge 30 8Go/32Go Smartphone Motorola 8Go RAM 32Go camera 48MP batterie 4000mAh AMOLED charge rapide Android,35
iPhone 12 64Go,Smartphone Apple puce A-series 64Go ecran Super Retina camera avancee Face ID iOS rapide,1927.37,telephone portable,myStore,0,iPhone 12 64Go Smartphone Apple puce A-series 64Go ecran Super Retina camera avancee Face ID iOS rapide,33
Seagate HDD 4To 7200RPM,Disque dur Seagate 4To 7200RPM SATA III stockage masse donnees multimedia,96.9,informatique,myStore,0,Seagate HDD 4To 7200RPM Disque dur Seagate 4To 7200RPM SATA III stockage masse donnees multimedia,22
JBL Ecouteurs Bluetooth,Ecouteurs JBL Bluetooth son haute fidelite 24h autonomie qualite sonore premium,329.26,electronique,myStore,0,JBL Ecouteurs Bluetooth Ecouteurs JBL Bluetooth son haute fidelite 24h autonomie qualite sonore premium,27
Carte SD 128Go,Carte memoire SanDisk 128Go UHS-I U3 V30 4K 160Mo/s appareil photo drone,55.03,stockage,myStore,0,Carte SD 128Go Carte memoire SanDisk 128Go UHS-I U3 V30 4K 160Mo/s appareil photo drone,47
Sony 9 Pro 5G 8Go/512Go,Smartphone Sony 8Go RAM 512Go camera 108MP batterie 6000mAh AMOLED charge rapide Android,714.12,telephone portable,myStore,8,Sony 9 Pro 5G 8Go/512Go Smartphone Sony 8Go RAM 512Go camera 108MP batterie 6000mAh AMOLED charge rapide Android,35
Sennheiser Casque Bluetooth,Casque Sennheiser Bluetooth son haute fidelite 20h autonomie qualite sonore premium,188.05,electronique,myStore,0,Sennheiser Casque Bluetooth Casque Sennheiser Bluetooth son haute fidelite 20h autonomie qualite sonore premium,21
Samsung Casque Bluetooth,Casque Samsung Bluetooth son haute fidelite 30h autonomie qualite sonore premium,213.76,electronique,myStore,0,Samsung Casque Bluetooth Casque Samsung Bluetooth son haute fidelite 30h autonomie qualite sonore premium,22
LG QLED 55 pouces 4K,Television LG QLED 55 pouces 4K UHD HDR Smart TV 120Hz WiFi HDMI streaming,1455.47,electronique,myStore,0,LG QLED 55 pouces 4K Television LG QLED 55 pouces 4K UHD HDR Smart TV 120Hz WiFi HDMI streaming,44
AMD Ryzen 7 5800X,Processeur AMD Ryzen 7 8 coeurs 16 threads 4.7GHz overclocking,197.99,informatique,myStore,0,AMD Ryzen 7 5800X Processeur AMD Ryzen 7 8 coeurs 16 threads 4.7GHz overclocking,29
Huawei Nitro 16,Ordinateur portable Ryzen 3 16Go RAM SSD 256Go ecran Full HD 16 pouces professionnel leger rapide,826.22,informatique,myStore,16,Huawei Nitro 16 Ordinateur portable Ryzen 3 16Go RAM SSD 256Go ecran Full HD 16 pouces professionnel leger rapide,17
Machine cafe capsules,Machine cafe Bosch capsules pression 19 bars reservoir 1.5L rapide compacte,107.25,electromenager,myStore,0,Machine cafe capsules Machine cafe Bosch capsules pression 19 bars reservoir 1.5L rapide compacte,19
HP EliteBook 16,Ordinateur portable i7 12Go RAM SSD 512Go ecran Full HD 16 pouces bureautique leger rapide,842.13,informatique,myStore,12,HP EliteBook 16 Ordinateur portable i7 12Go RAM SSD 512Go ecran Full HD 16 pouces bureautique leger rapide,16
Jabra Casque Bluetooth,Casque Jabra Bluetooth reduction bruit active ANC 40h autonomie qualite sonore premium,93.71,electronique,myStore,0,Jabra Casque Bluetooth Casque Jabra Bluetooth reduction bruit active ANC 40h autonomie qualite sonore premium,14
LG Legion 17 Gaming,Ordinateur portable gaming i9 12Go RAM SSD 256Go RX 6600 ecran 17 pouces 144Hz performance,1150.75,informatique,myStore,12,LG Legion 17 Gaming Ordinateur portable gaming i9 12Go RAM SSD 256Go RX 6600 ecran 17 pouces 144Hz performance,7
Dell Envy 15,Ordinateur portable Ryzen 7 8Go RAM SSD 256Go ecran Full HD 15 pouces etudiant leger rapide,1107.18,informatique,myStore,8,Dell Envy 15 Ordinateur portable Ryzen 7 8Go RAM SSD 256Go ecran Full HD 15 pouces etudiant leger rapide,46
Xiaomi 11T 8Go/512Go,Smartphone Xiaomi MIUI 8Go RAM 512Go camera 12MP batterie 5500mAh charge rapide AMOLED,914.29,telephone portable,myStore,8,Xiaomi 11T 8Go/512Go Smartphone Xiaomi MIUI 8Go RAM 512Go camera 12MP batterie 5500mAh charge rapide AMOLED,12
Oppo Pixel 7 8Go/256Go,Smartphone Oppo 8Go RAM 256Go camera 108MP batterie 5500mAh AMOLED charge rapide Android,816.25,telephone portable,myStore,8,Oppo Pixel 7 8Go/256Go Smartphone Oppo 8Go RAM 256Go camera 108MP batterie 5500mAh AMOLED charge rapide Android,20
Samsung Aspire 13,Ordinateur portable Ryzen 9 32Go RAM SSD 1To ecran Full HD 13 pouces bureautique leger rapide,688.22,informatique,myStore,32,Samsung Aspire 13 Ordinateur portable Ryzen 9 32Go RAM SSD 1To ecran Full HD 13 pouces bureautique leger rapide,7
Disque externe 2To,Disque dur externe Transcend 2To USB 3.0 portable sauvegarde automatique,129.07,stockage,myStore,0,Disque externe 2To Disque dur externe Transcend 2To USB 3.0 portable sauvegarde automatique,47
Mi 12 12Go/512Go,Smartphone Xiaomi MIUI 12Go RAM 512Go camera 50MP batterie 6000mAh charge rapide AMOLED,919.0,telephone portable,myStore,12,Mi 12 12Go/512Go Smartphone Xiaomi MIUI 12Go RAM 512Go camera 50MP batterie 6000mAh charge rapide AMOLED,34
AMD Ryzen 9 5900X,Processeur AMD Ryzen 9 12 coeurs 24 threads 4.8GHz workstation,321.35,informatique,myStore,0,AMD Ryzen 9 5900X Processeur AMD Ryzen 9 12 coeurs 24 threads 4.8GHz workstation,48
Oppo 9 Pro 5G 6Go/128Go,Smartphone Oppo 6Go RAM 128Go camera 50MP batterie 6000mAh AMOLED charge rapide Android,374.39,telephone portable,myStore,6,Oppo 9 Pro 5G 6Go/128Go Smartphone Oppo 6Go RAM 128Go camera 50MP batterie 6000mAh AMOLED charge rapide Android,44
Intel Core i5-12400,Processeur Intel i5 12eme generation 6 coeurs 4.4GHz performance,106.76,informatique,myStore,0,Intel Core i5-12400 Processeur Intel i5 12eme generation 6 coeurs 4.4GHz performance,11
TCL ULED 40 pouces 4K,Television TCL ULED 40 pouces 4K UHD HDR Smart TV 100Hz WiFi HDMI streaming,1323.33,electronique,myStore,0,TCL ULED 40 pouces 4K Television TCL ULED 40 pouces 4K UHD HDR Smart TV 100Hz WiFi HDMI streaming,12
Xiaomi iPad 9 3Go/256Go,Tablette Xiaomi 3Go RAM 256Go ecran haute resolution WiFi Bluetooth multimedia travail,201.72,electronique,myStore,3,Xiaomi iPad 9 3Go/256Go Tablette Xiaomi 3Go RAM 256Go ecran haute resolution WiFi Bluetooth multimedia travail,13
Intel Core i9-12900K,Processeur Intel i9 16 coeurs 24 threads 5.2GHz premium workstation,419.55,informatique,myStore,0,Intel Core i9-12900K Processeur Intel i9 16 coeurs 24 threads 5.2GHz premium workstation,47
LG IdeaPad 15,Ordinateur portable Ryzen 7 16Go RAM SSD 128Go ecran Full HD 15 pouces professionnel leger rapide,1141.15,informatique,myStore,16,LG IdeaPad 15 Ordinateur portable Ryzen 7 16Go RAM SSD 128Go ecran Full HD 15 pouces professionnel leger rapide,30
Samsung SSD 2To NVMe M.2,Disque SSD Samsung 2To NVMe M.2 3500Mo/s lecture rapide fiable stockage,102.14,informatique,myStore,0,Samsung SSD 2To NVMe M.2 Disque SSD Samsung 2To NVMe M.2 3500Mo/s lecture rapide fiable stockage,17
Galaxy M33 4G 4Go/512Go,Smartphone Samsung AMOLED 4Go RAM 512Go camera 12MP batterie 5000mAh 4G charge rapide Android,494.22,telephone portable,myStore,4,Galaxy M33 4G 4Go/512Go Smartphone Samsung AMOLED 4Go RAM 512Go camera 12MP batterie 5000mAh 4G charge rapide Android,46
Lave-linge 7kg,Lave-linge Beko 7kg moteur inverter 1400tr/min vapeur A+++ silencieux,253.86,electromenager,myStore,0,Lave-linge 7kg Lave-linge Beko 7kg moteur inverter 1400tr/min vapeur A+++ silencieux,37
Acer ProBook 17,Ordinateur portable i7 16Go RAM SSD 256Go ecran Full HD 17 pouces etudiant leger rapide,1133.61,informatique,myStore,16,Acer ProBook 17 Ordinateur portable i7 16Go RAM SSD 256Go ecran Full HD 17 pouces etudiant leger rapide,48
Point acces WiFi Pro,Point acces WiFi Netgear 802.11ax dual-band 1200Mbps PoE entreprise couverture,321.47,reseau,myStore,0,Point acces WiFi Pro Point acces WiFi Netgear 802.11ax dual-band 1200Mbps PoE entreprise couverture,33
Acer Envy 16,Ordinateur portable Ryzen 9 4Go RAM SSD 256Go ecran Full HD 16 pouces etudiant leger rapide,726.91,informatique,myStore,4,Acer Envy 16 Ordinateur portable Ryzen 9 4Go RAM SSD 256Go ecran Full HD 16 pouces etudiant leger rapide,38
Acer ThinkPad 15 Gaming,Ordinateur portable gaming Ryzen 9 12Go RAM SSD 256Go GTX 1660Ti ecran 15 pouces 144Hz performance,748.33,informatique,myStore,12,Acer ThinkPad 15 Gaming Ordinateur portable gaming Ryzen 9 12Go RAM SSD 256Go GTX 1660Ti ecran 15 pouces 144Hz performance,18
NAS 8To WiFi,Disque NAS Samsung 8To WiFi acces distant sauvegarde bureau maison cloud,308.62,stockage,myStore,0,NAS 8To WiFi Disque NAS Samsung 8To WiFi acces distant sauvegarde bureau maison cloud,6
LG XPS 17 Gaming,Ordinateur portable gaming i9 8Go RAM SSD 128Go RTX 3060 ecran 17 pouces 144Hz performance,778.74,informatique,myStore,8,LG XPS 17 Gaming Ordinateur portable gaming i9 8Go RAM SSD 128Go RTX 3060 ecran 17 pouces 144Hz performance,12
Lave-linge 10kg,Lave-linge Samsung 10kg moteur inverter 1400tr/min vapeur A+++ silencieux,532.63,electromenager,myStore,0,Lave-linge 10kg Lave-linge Samsung 10kg moteur inverter 1400tr/min vapeur A+++ silencieux,18
Xiaomi Galaxy Tab S7 6Go/128Go,Tablette Xiaomi 6Go RAM 128Go ecran haute resolution WiFi Bluetooth multimedia travail,154.66,electronique,myStore,6,Xiaomi Galaxy Tab S7 6Go/128Go Tablette Xiaomi 6Go RAM 128Go ecran haute resolution WiFi Bluetooth multimedia travail,14
Repeteur WiFi 750Mbps,Repeteur WiFi Cisco 750Mbps double bande port Gigabit facile installer,39.44,reseau,myStore,0,Repeteur WiFi 750Mbps Repeteur WiFi Cisco 750Mbps double bande port Gigabit facile installer,23
Xiaomi Tab P11 6Go/64Go,Tablette Xiaomi 6Go RAM 64Go ecran haute resolution WiFi Bluetooth multimedia travail,916.38,electronique,myStore,6,Xiaomi Tab P11 6Go/64Go Tablette Xiaomi 6Go RAM 64Go ecran haute resolution WiFi Bluetooth multimedia travail,11
Kingston SSD 512Go NVMe M.2,Disque SSD Kingston 512Go NVMe M.2 3500Mo/s lecture rapide fiable stockage,92.97,informatique,myStore,0,Kingston SSD 512Go NVMe M.2 Disque SSD Kingston 512Go NVMe M.2 3500Mo/s lecture rapide fiable stockage,19
Samsung iPad Air 5 8Go/128Go,Tablette Samsung 8Go RAM 128Go ecran haute resolution WiFi Bluetooth multimedia travail,1080.81,electronique,myStore,8,Samsung iPad Air 5 8Go/128Go Tablette Samsung 8Go RAM 128Go ecran haute resolution WiFi Bluetooth multimedia travail,0
Samsung Bravia OLED 85 pouces 4K,Television Samsung Bravia OLED 85 pouces 4K UHD HDR Smart TV 60Hz WiFi HDMI streaming,1282.51,electronique,myStore,0,Samsung Bravia OLED 85 pouces 4K Television Samsung Bravia OLED 85 pouces 4K UHD HDR Smart TV 60Hz WiFi HDMI streaming,45
Intel Core i7-12700,Processeur Intel i7 12 coeurs 20 threads 4.9GHz overclocking puissant,183.81,informatique,myStore,0,Intel Core i7-12700 Processeur Intel i7 12 coeurs 20 threads 4.9GHz overclocking puissant,34
Acer Inspiron 15,Ordinateur portable Ryzen 9 8Go RAM SSD 128Go ecran Full HD 15 pouces etudiant leger rapide,735.94,informatique,myStore,8,Acer Inspiron 15 Ordinateur portable Ryzen 9 8Go RAM SSD 128Go ecran Full HD 15 pouces etudiant leger rapide,8
Point acces WiFi Pro,Point acces WiFi Asus 802.11ax dual-band 1200Mbps PoE entreprise couverture,309.59,reseau,myStore,0,Point acces WiFi Pro Point acces WiFi Asus 802.11ax dual-band 1200Mbps PoE entreprise couverture,17
Redmi Note 11 8Go/512Go,Smartphone Xiaomi MIUI 8Go RAM 512Go camera 64MP batterie 5000mAh charge rapide AMOLED,312.41,telephone portable,myStore,8,Redmi Note 11 8Go/512Go Smartphone Xiaomi MIUI 8Go RAM 512Go camera 64MP batterie 5000mAh charge rapide AMOLED,2
Four micro-ondes 25L,Four micro-ondes Beko 25L grill combine inox programmes automatiques rapide,175.04,electromenager,myStore,0,Four micro-ondes 25L Four micro-ondes Beko 25L grill combine inox programmes automatiques rapide,3
Redmi 10 12Go/128Go,Smartphone Xiaomi MIUI 12Go RAM 128Go camera 64MP batterie 4000mAh charge rapide AMOLED,538.92,telephone portable,myStore,12,Redmi 10 12Go/128Go Smartphone Xiaomi MIUI 12Go RAM 128Go camera 64MP batterie 4000mAh charge rapide AMOLED,35
NAS 4To WiFi,Disque NAS Transcend 4To WiFi acces distant sauvegarde bureau maison cloud,157.65,stockage,myStore,0,NAS 4To WiFi Disque NAS Transcend 4To WiFi acces distant sauvegarde bureau maison cloud,18
Galaxy M33 5G 6Go/128Go,Smartphone Samsung AMOLED 6Go RAM 128Go camera 108MP batterie 3000mAh 5G charge rapide Android,1190.74,telephone portable,myStore,6,Galaxy M33 5G 6Go/128Go Smartphone Samsung AMOLED 6Go RAM 128Go camera 108MP batterie 3000mAh 5G charge rapide Android,44
Acer ThinkPad 15 Gaming,Ordinateur portable gaming Ryzen 5 8Go RAM SSD 128Go RTX 3050 ecran 15 pouces 144Hz performance,1510.32,informatique,myStore,8,Acer ThinkPad 15 Gaming Ordinateur portable gaming Ryzen 5 8Go RAM SSD 128Go RTX 3050 ecran 15 pouces 144Hz performance,8
Seagate SSD 256Go NVMe M.2,Disque SSD Seagate 256Go NVMe M.2 3500Mo/s lecture rapide fiable stockage,140.48,informatique,myStore,0,Seagate SSD 256Go NVMe M.2 Disque SSD Seagate 256Go NVMe M.2 3500Mo/s lecture rapide fiable stockage,40
Lave-vaisselle 12 couverts,Lave-vaisselle Ariston 12 couverts SilencePlus A+++ economie eau energie,383.15,electromenager,myStore,0,Lave-vaisselle 12 couverts Lave-vaisselle Ariston 12 couverts SilencePlus A+++ economie eau energie,48
Huawei Nord 2T 8Go/256Go,Smartphone Huawei 8Go RAM 256Go camera 50MP batterie 6000mAh AMOLED charge rapide Android,1039.4,telephone portable,myStore,8,Huawei Nord 2T 8Go/256Go Smartphone Huawei 8Go RAM 256Go camera 50MP batterie 6000mAh AMOLED charge rapide Android,31
Machine cafe capsules,Machine cafe Bosch capsules pression 19 bars reservoir 1.5L rapide compacte,107.02,electromenager,myStore,0,Machine cafe capsules Machine cafe Bosch capsules pression 19 bars reservoir 1.5L rapide compacte,6
Carte SD 512Go,Carte memoire Transcend 512Go UHS-I U3 V30 4K 160Mo/s appareil photo drone,35.56,stockage,myStore,0,Carte SD 512Go Carte memoire Transcend 512Go UHS-I U3 V30 4K 160Mo/s appareil photo drone,0
Sony Xperia 5 IV 12Go/64Go,Smartphone Sony 12Go RAM 64Go camera 48MP batterie 5000mAh AMOLED charge rapide Android,694.25,telephone portable,myStore,12,Sony Xperia 5 IV 12Go/64Go Smartphone Sony 12Go RAM 64Go camera 48MP batterie 5000mAh AMOLED charge rapide Android,36
Four micro-ondes 20L,Four micro-ondes Midea 20L grill combine inox programmes automatiques rapide,103.81,electromenager,myStore,0,Four micro-ondes 20L Four micro-ondes Midea 20L grill combine inox programmes automatiques rapide,18
Intel Core i9-12900K,Processeur Intel i9 16 coeurs 24 threads 5.2GHz premium workstation,325.33,informatique,myStore,0,Intel Core i9-12900K Processeur Intel i9 16 coeurs 24 threads 5.2GHz premium workstation,30
Huawei Pad 5 8Go/128Go,Tablette Huawei 8Go RAM 128Go ecran haute resolution WiFi Bluetooth multimedia travail,979.54,electronique,myStore,8,Huawei Pad 5 8Go/128Go Tablette Huawei 8Go RAM 128Go ecran haute resolution WiFi Bluetooth multimedia travail,30
Seagate HDD 1To 5400RPM,Disque dur Seagate 1To 5400RPM SATA III stockage masse donnees multimedia,59.66,informatique,myStore,0,Seagate HDD 1To 5400RPM Disque dur Seagate 1To 5400RPM SATA III stockage masse donnees multimedia,28
NAS 4To WiFi,Disque NAS Kingston 4To WiFi acces distant sauvegarde bureau maison cloud,304.52,stockage,myStore,0,NAS 4To WiFi Disque NAS Kingston 4To WiFi acces distant sauvegarde bureau maison cloud,21
Acer Yoga 16,Ordinateur portable Ryzen 5 16Go RAM SSD 1To ecran Full HD 16 pouces bureautique leger rapide,678.18,informatique,myStore,16,Acer Yoga 16 Ordinateur portable Ryzen 5 16Go RAM SSD 1To ecran Full HD 16 pouces bureautique leger rapide,11
Motorola Reno 6 4Go/32Go,Smartphone Motorola 4Go RAM 32Go camera 12MP batterie 5500mAh AMOLED charge rapide Android,326.64,telephone portable,myStore,4,Motorola Reno 6 4Go/32Go Smartphone Motorola 4Go RAM 32Go camera 12MP batterie 5500mAh AMOLED charge rapide Android,3
JBL Casque Bluetooth,Casque JBL Bluetooth son haute fidelite 8h autonomie qualite sonore premium,230.11,electronique,myStore,0,JBL Casque Bluetooth Casque JBL Bluetooth son haute fidelite 8h autonomie qualite sonore premium,16
Galaxy A23 4G 6Go/64Go,Smartphone Samsung AMOLED 6Go RAM 64Go camera 64MP batterie 4000mAh 4G charge rapide Android,738.16,telephone portable,myStore,6,Galaxy A23 4G 6Go/64Go Smartphone Samsung AMOLED 6Go RAM 64Go camera 64MP batterie 4000mAh 4G charge rapide Android,30
iPhone 13 Pro 128Go,Smartphone Apple puce A-series 128Go ecran Super Retina camera avancee Face ID iOS rapide,1404.88,telephone portable,myStore,0,iPhone 13 Pro 128Go Smartphone Apple puce A-series 128Go ecran Super Retina camera avancee Face ID iOS rapide,7
WD SSD 1To SATA III,Disque SSD WD 1To SATA III 550Mo/s lecture rapide fiable stockage,218.01,informatique,myStore,0,WD SSD 1To SATA III Disque SSD WD 1To SATA III 550Mo/s lecture rapide fiable stockage,4
Carte SD 128Go,Carte memoire Seagate 128Go UHS-I U3 V30 4K 160Mo/s appareil photo drone,52.75,stockage,myStore,0,Carte SD 128Go Carte memoire Seagate 128Go UHS-I U3 V30 4K 160Mo/s appareil photo drone,25
Kingston SSD 1To SATA III,Disque SSD Kingston 1To SATA III 550Mo/s lecture rapide fiable stockage,77.24,informatique,myStore,0,Kingston SSD 1To SATA III Disque SSD Kingston 1To SATA III 550Mo/s lecture rapide fiable stockage,31
Galaxy M23 4G 4Go/128Go,Smartphone Samsung AMOLED 4Go RAM 128Go camera 12MP batterie 5000mAh 4G charge rapide Android,957.24,telephone portable,myStore,4,Galaxy M23 4G 4Go/128Go Smartphone Samsung AMOLED 4Go RAM 128Go camera 12MP batterie 5000mAh 4G charge rapide Android,4
Microsoft Aspire 15,Ordinateur portable Ryzen 9 12Go RAM SSD 256Go ecran Full HD 15 pouces professionnel leger rapide,784.63,informatique,myStore,12,Microsoft Aspire 15 Ordinateur portable Ryzen 9 12Go RAM SSD 256Go ecran Full HD 15 pouces professionnel leger rapide,36
Routeur WiFi 6 1200Mbps,Routeur WiFi 6 Ubiquiti 1200Mbps double bande MU-MIMO 4 antennes rapide securise,140.07,reseau,myStore,0,Routeur WiFi 6 1200Mbps Routeur WiFi 6 Ubiquiti 1200Mbps double bande MU-MIMO 4 antennes rapide securise,40
Acer ProBook 17,Ordinateur portable Ryzen 3 12Go RAM SSD 256Go ecran Full HD 17 pouces etudiant leger rapide,1361.92,informatique,myStore,12,Acer ProBook 17 Ordinateur portable Ryzen 3 12Go RAM SSD 256Go ecran Full HD 17 pouces etudiant leger rapide,43
Crucial RAM 16Go DDR4 3200MHz,Memoire RAM Crucial 16Go DDR4 3200MHz compatible Intel AMD gaming overclocking,324.3,informatique,myStore,0,Crucial RAM 16Go DDR4 3200MHz Memoire RAM Crucial 16Go DDR4 3200MHz compatible Intel AMD gaming overclocking,3
Asus TUF Gaming 16,Ordinateur portable i5 4Go RAM SSD 512Go ecran Full HD 16 pouces multimedia leger rapide,812.49,informatique,myStore,4,Asus TUF Gaming 16 Ordinateur portable i5 4Go RAM SSD 512Go ecran Full HD 16 pouces multimedia leger rapide,9
MSI Inspiron 14,Ordinateur portable i3 12Go RAM SSD 512Go ecran Full HD 14 pouces multimedia leger rapide,1379.86,informatique,myStore,12,MSI Inspiron 14 Ordinateur portable i3 12Go RAM SSD 512Go ecran Full HD 14 pouces multimedia leger rapide,9
Samsung Casque Bluetooth,Casque Samsung Bluetooth son haute fidelite 20h autonomie qualite sonore premium,115.62,electronique,myStore,0,Samsung Casque Bluetooth Casque Samsung Bluetooth son haute fidelite 20h autonomie qualite sonore premium,36
LG QLED 43 pouces 4K,Television LG QLED 43 pouces 4K UHD HDR Smart TV 144Hz WiFi HDMI streaming,2261.57,electronique,myStore,0,LG QLED 43 pouces 4K Television LG QLED 43 pouces 4K UHD HDR Smart TV 144Hz WiFi HDMI streaming,19
iPhone 13 Pro 128Go,Smartphone Apple puce A-series 128Go ecran Super Retina camera avancee Face ID iOS rapide,976.89,telephone portable,myStore,0,iPhone 13 Pro 128Go Smartphone Apple puce A-series 128Go ecran Super Retina camera avancee Face ID iOS rapide,5
Galaxy A23 5G 6Go/64Go,Smartphone Samsung AMOLED 6Go RAM 64Go camera 64MP batterie 4500mAh 5G charge rapide Android,644.63,telephone portable,myStore,6,Galaxy A23 5G 6Go/64Go Smartphone Samsung AMOLED 6Go RAM 64Go camera 64MP batterie 4500mAh 5G charge rapide Android,15
Samsung QLED 55 pouces 4K,Television Samsung QLED 55 pouces 4K UHD HDR Smart TV 60Hz WiFi HDMI streaming,1577.69,electronique,myStore,0,Samsung QLED 55 pouces 4K Television Samsung QLED 55 pouces 4K UHD HDR Smart TV 60Hz WiFi HDMI streaming,7
LG Latitude 17,Ordinateur portable i3 4Go RAM SSD 256Go ecran Full HD 17 pouces etudiant leger rapide,577.87,informatique,myStore,4,LG Latitude 17 Ordinateur portable i3 4Go RAM SSD 256Go ecran Full HD 17 pouces etudiant leger rapide,35
Sony Casque Bluetooth,Casque Sony Bluetooth reduction bruit active ANC 50h autonomie qualite sonore premium,358.95,electronique,myStore,0,Sony Casque Bluetooth Casque Sony Bluetooth reduction bruit active ANC 50h autonomie qualite sonore premium,48
Machine cafe capsules,Machine cafe Samsung capsules pression 19 bars reservoir 1.5L rapide compacte,116.14,electromenager,myStore,0,Machine cafe capsules Machine cafe Samsung capsules pression 19 bars reservoir 1.5L rapide compacte,26
Samsung Latitude 16,Ordinateur portable i9 24Go RAM SSD 1To ecran Full HD 16 pouces multimedia leger rapide,662.22,informatique,myStore,24,Samsung Latitude 16 Ordinateur portable i9 24Go RAM SSD 1To ecran Full HD 16 pouces multimedia leger rapide,38
Galaxy A73 5G 8Go/128Go,Smartphone Samsung AMOLED 8Go RAM 128Go camera 50MP batterie 4500mAh 5G charge rapide Android,644.05,telephone portable,myStore,8,Galaxy A73 5G 8Go/128Go Smartphone Samsung AMOLED 8Go RAM 128Go camera 50MP batterie 4500mAh 5G charge rapide Android,38
Disque externe 5To,Disque dur externe WD 5To USB 3.0 portable sauvegarde automatique,69.02,stockage,myStore,0,Disque externe 5To Disque dur externe WD 5To USB 3.0 portable sauvegarde automatique,50
HP IdeaPad 14,Ordinateur portable Ryzen 3 8Go RAM SSD 256Go ecran Full HD 14 pouces bureautique leger rapide,1060.53,informatique,myStore,8,HP IdeaPad 14 Ordinateur portable Ryzen 3 8Go RAM SSD 256Go ecran Full HD 14 pouces bureautique leger rapide,39
Machine cafe capsules,Machine cafe Whirlpool capsules pression 19 bars reservoir 1.5L rapide compacte,236.39,electromenager,myStore,0,Machine cafe capsules Machine cafe Whirlpool capsules pression 19 bars reservoir 1.5L rapide compacte,14
Switch 5 ports Gigabit,Switch reseau Netgear 5 ports Gigabit manageable PoE+ entreprise fiable,386.16,reseau,myStore,0,Switch 5 ports Gigabit Switch reseau Netgear 5 ports Gigabit manageable PoE+ entreprise fiable,49
iPhone 12 Pro 128Go,Smartphone Apple puce A-series 128Go ecran Super Retina camera avancee Face ID iOS rapide,921.18,telephone portable,myStore,0,iPhone 12 Pro 128Go Smartphone Apple puce A-series 128Go ecran Super Retina camera avancee Face ID iOS rapide,33
Samsung Galaxy Tab S6 6Go/256Go,Tablette Samsung 6Go RAM 256Go ecran haute resolution WiFi Bluetooth multimedia travail,1110.06,electronique,myStore,6,Samsung Galaxy Tab S6 6Go/256Go Tablette Samsung 6Go RAM 256Go ecran haute resolution WiFi Bluetooth multimedia travail,24
Sony QLED 32 pouces 4K,Television Sony QLED 32 pouces 4K UHD HDR Smart TV 144Hz WiFi HDMI streaming,2231.28,electronique,myStore,0,Sony QLED 32 pouces 4K Television Sony QLED 32 pouces 4K UHD HDR Smart TV 144Hz WiFi HDMI streaming,28
Refrigerateur No Frost 400L,Refrigerateur Carrier No Frost 400L Total Cooling inverter A++ economie energie,497.69,electromenager,myStore,0,Refrigerateur No Frost 400L Refrigerateur Carrier No Frost 400L Total Cooling inverter A++ economie energie,28
HP Modern 17,Ordinateur portable Ryzen 9 16Go RAM SSD 1To ecran Full HD 17 pouces etudiant leger rapide,689.37,informatique,myStore,16,HP Modern 17 Ordinateur portable Ryzen 9 16Go RAM SSD 1To ecran Full HD 17 pouces etudiant leger rapide,19
Dell Envy 15,Ordinateur portable Ryzen 5 8Go RAM SSD 1To ecran Full HD 15 pouces professionnel leger rapide,1149.29,informatique,myStore,8,Dell Envy 15 Ordinateur portable Ryzen 5 8Go RAM SSD 1To ecran Full HD 15 pouces professionnel leger rapide,37
Toshiba HDD 4To 5400RPM,Disque dur Toshiba 4To 5400RPM SATA III stockage masse donnees multimedia,62.25,informatique,myStore,0,Toshiba HDD 4To 5400RPM Disque dur Toshiba 4To 5400RPM SATA III stockage masse donnees multimedia,27
Huawei Galaxy Tab A8 8Go/128Go,Tablette Huawei 8Go RAM 128Go ecran haute resolution WiFi Bluetooth multimedia travail,625.49,electronique,myStore,8,Huawei Galaxy Tab A8 8Go/128Go Tablette Huawei 8Go RAM 128Go ecran haute resolution WiFi Bluetooth multimedia travail,19
Four micro-ondes 25L,Four micro-ondes Beko 25L grill combine inox programmes automatiques rapide,56.62,electromenager,myStore,0,Four micro-ondes 25L Four micro-ondes Beko 25L grill combine inox programmes automatiques rapide,36
WD SSD 1To NVMe M.2,Disque SSD WD 1To NVMe M.2 3500Mo/s lecture rapide fiable stockage,141.41,informatique,myStore,0,WD SSD 1To NVMe M.2 Disque SSD WD 1To NVMe M.2 3500Mo/s lecture rapide fiable stockage,39
Microsoft ZenBook 15,Ordinateur portable Ryzen 5 12Go RAM SSD 128Go ecran Full HD 15 pouces professionnel leger rapide,1077.41,informatique,myStore,12,Microsoft ZenBook 15 Ordinateur portable Ryzen 5 12Go RAM SSD 128Go ecran Full HD 15 pouces professionnel leger rapide,3
Microsoft Inspiron 17,Ordinateur portable Ryzen 7 8Go RAM SSD 512Go ecran Full HD 17 pouces etudiant leger rapide,1163.37,informatique,myStore,8,Microsoft Inspiron 17 Ordinateur portable Ryzen 7 8Go RAM SSD 512Go ecran Full HD 17 pouces etudiant leger rapide,39
Lave-linge 7kg,Lave-linge Bosch 7kg moteur inverter 1400tr/min vapeur A+++ silencieux,487.86,electromenager,myStore,0,Lave-linge 7kg Lave-linge Bosch 7kg moteur inverter 1400tr/min vapeur A+++ silencieux,47
Galaxy S23 5G 12Go/128Go,Smartphone Samsung AMOLED 12Go RAM 128Go camera 200MP batterie 3000mAh 5G charge rapide Android,1040.91,telephone portable,myStore,12,Galaxy S23 5G 12Go/128Go Smartphone Samsung AMOLED 12Go RAM 128Go camera 200MP batterie 3000mAh 5G charge rapide Android,6
Sony Pixel 7 4Go/512Go,Smartphone Sony 4Go RAM 512Go camera 200MP batterie 5500mAh AMOLED charge rapide Android,648.04,telephone portable,myStore,4,Sony Pixel 7 4Go/512Go Smartphone Sony 4Go RAM 512Go camera 200MP batterie 5500mAh AMOLED charge rapide Android,48
HP Pavilion 16,Ordinateur portable Ryzen 5 8Go RAM SSD 1To ecran Full HD 16 pouces multimedia leger rapide,500.02,informatique,myStore,8,HP Pavilion 16 Ordinateur portable Ryzen 5 8Go RAM SSD 1To ecran Full HD 16 pouces multimedia leger rapide,13
Intel Core i7-11700,Processeur Intel i7 8 coeurs 16 threads 4.9GHz gaming puissant,200.46,informatique,myStore,0,Intel Core i7-11700 Processeur Intel i7 8 coeurs 16 threads 4.9GHz gaming puissant,40
Marshall Casque Bluetooth,Casque Marshall Bluetooth reduction bruit active ANC 20h autonomie qualite sonore premium,42.42,electronique,myStore,0,Marshall Casque Bluetooth Casque Marshall Bluetooth reduction bruit active ANC 20h autonomie qualite sonore premium,13
Samsung Enceinte Bluetooth,Enceinte Samsung Bluetooth son haute fidelite 50h autonomie qualite sonore premium,99.98,electronique,myStore,0,Samsung Enceinte Bluetooth Enceinte Samsung Bluetooth son haute fidelite 50h autonomie qualite sonore premium,16
WD SSD 1To SATA III,Disque SSD WD 1To SATA III 550Mo/s lecture rapide fiable stockage,183.68,informatique,myStore,0,WD SSD 1To SATA III Disque SSD WD 1To SATA III 550Mo/s lecture rapide fiable stockage,42
NAS 2To WiFi,Disque NAS Kingston 2To WiFi acces distant sauvegarde bureau maison cloud,501.85,stockage,myStore,0,NAS 2To WiFi Disque NAS Kingston 2To WiFi acces distant sauvegarde bureau maison cloud,5
TCL NanoCell 55 pouces 4K,Television TCL NanoCell 55 pouces 4K UHD HDR Smart TV 120Hz WiFi HDMI streaming,214.37,electronique,myStore,0,TCL NanoCell 55 pouces 4K Television TCL NanoCell 55 pouces 4K UHD HDR Smart TV 120Hz WiFi HDMI streaming,10
Routeur WiFi 6 3000Mbps,Routeur WiFi 6 D-Link 3000Mbps double bande MU-MIMO 4 antennes rapide securise,78.75,reseau,myStore,0,Routeur WiFi 6 3000Mbps Routeur WiFi 6 D-Link 3000Mbps double bande MU-MIMO 4 antennes rapide securise,15
Apple Ecouteurs Bluetooth,Ecouteurs Apple Bluetooth son haute fidelite 8h autonomie qualite sonore premium,243.08,electronique,myStore,0,Apple Ecouteurs Bluetooth Ecouteurs Apple Bluetooth son haute fidelite 8h autonomie qualite sonore premium,11
Apple Ecouteurs Bluetooth,Ecouteurs Apple Bluetooth reduction bruit active ANC 40h autonomie qualite sonore premium,201.38,electronique,myStore,0,Apple Ecouteurs Bluetooth Ecouteurs Apple Bluetooth reduction bruit active ANC 40h autonomie qualite sonore premium,35
Samsung Ecouteurs Bluetooth,Ecouteurs Samsung Bluetooth son haute fidelite 20h autonomie qualite sonore premium,221.43,electronique,myStore,0,Samsung Ecouteurs Bluetooth Ecouteurs Samsung Bluetooth son haute fidelite 20h autonomie qualite sonore premium,4
MicroSD 64Go,Carte microSD SanDisk 64Go Class10 A1 V10 rapide smartphone tablette drone,42.75,stockage,myStore,0,MicroSD 64Go Carte microSD SanDisk 64Go Class10 A1 V10 rapide smartphone tablette drone,10
Xiaomi 12 4Go/256Go,Smartphone Xiaomi MIUI 4Go RAM 256Go camera 12MP batterie 4000mAh charge rapide AMOLED,458.29,telephone portable,myStore,4,Xiaomi 12 4Go/256Go Smartphone Xiaomi MIUI 4Go RAM 256Go camera 12MP batterie 4000mAh charge rapide AMOLED,0
AMD Ryzen 9 5900X,Processeur AMD Ryzen 9 12 coeurs 24 threads 4.8GHz workstation,412.62,informatique,myStore,0,AMD Ryzen 9 5900X Processeur AMD Ryzen 9 12 coeurs 24 threads 4.8GHz workstation,26
Acer Latitude 13,Ordinateur portable Ryzen 3 32Go RAM SSD 256Go ecran Full HD 13 pouces bureautique leger rapide,674.38,informatique,myStore,32,Acer Latitude 13 Ordinateur portable Ryzen 3 32Go RAM SSD 256Go ecran Full HD 13 pouces bureautique leger rapide,28
Point acces WiFi Pro,Point acces WiFi Ubiquiti 802.11ax dual-band 1200Mbps PoE entreprise couverture,236.31,reseau,myStore,0,Point acces WiFi Pro Point acces WiFi Ubiquiti 802.11ax dual-band 1200Mbps PoE entreprise couverture,44
Microsoft Modern 13,Ordinateur portable i7 4Go RAM SSD 1To ecran Full HD 13 pouces professionnel leger rapide,561.67,informatique,myStore,4,Microsoft Modern 13 Ordinateur portable i7 4Go RAM SSD 1To ecran Full HD 13 pouces professionnel leger rapide,38
Lenovo VivoBook 14,Ordinateur portable i9 24Go RAM SSD 128Go ecran Full HD 14 pouces multimedia leger rapide,1276.36,informatique,myStore,24,Lenovo VivoBook 14 Ordinateur portable i9 24Go RAM SSD 128Go ecran Full HD 14 pouces multimedia leger rapide,30
Galaxy M33 4G 4Go/128Go,Smartphone Samsung AMOLED 4Go RAM 128Go camera 200MP batterie 6000mAh 4G charge rapide Android,895.54,telephone portable,myStore,4,Galaxy M33 4G 4Go/128Go Smartphone Samsung AMOLED 4Go RAM 128Go camera 200MP batterie 6000mAh 4G charge rapide Android,18
Marshall Enceinte Bluetooth,Enceinte Marshall Bluetooth reduction bruit active ANC 8h autonomie qualite sonore premium,378.03,electronique,myStore,0,Marshall Enceinte Bluetooth Enceinte Marshall Bluetooth reduction bruit active ANC 8h autonomie qualite sonore premium,2
Philips NanoCell 32 pouces 4K,Television Philips NanoCell 32 pouces 4K UHD HDR Smart TV 100Hz WiFi HDMI streaming,1577.3,electronique,myStore,0,Philips NanoCell 32 pouces 4K Television Philips NanoCell 32 pouces 4K UHD HDR Smart TV 100Hz WiFi HDMI streaming,14
SSD externe 1000Go,Disque SSD externe Seagate 1000Go USB 3.2 1000Mo/s compact robuste rapide,55.48,stockage,myStore,0,SSD externe 1000Go Disque SSD externe Seagate 1000Go USB 3.2 1000Mo/s compact robuste rapide,18
Intel Core i7-11700,Processeur Intel i7 8 coeurs 16 threads 4.9GHz gaming puissant,182.05,informatique,myStore,0,Intel Core i7-11700 Processeur Intel i7 8 coeurs 16 threads 4.9GHz gaming puissant,45
Lenovo Yoga 14,Ordinateur portable i3 16Go RAM SSD 512Go ecran Full HD 14 pouces multimedia leger rapide,1394.25,informatique,myStore,16,Lenovo Yoga 14 Ordinateur portable i3 16Go RAM SSD 512Go ecran Full HD 14 pouces multimedia leger rapide,18
Xiaomi Galaxy Tab A8 4Go/256Go,Tablette Xiaomi 4Go RAM 256Go ecran haute resolution WiFi Bluetooth multimedia travail,952.76,electronique,myStore,4,Xiaomi Galaxy Tab A8 4Go/256Go Tablette Xiaomi 4Go RAM 256Go ecran haute resolution WiFi Bluetooth multimedia travail,44
Hisense Neo QLED 32 pouces 4K,Television Hisense Neo QLED 32 pouces 4K UHD HDR Smart TV 120Hz WiFi HDMI streaming,1026.15,electronique,myStore,0,Hisense Neo QLED 32 pouces 4K Television Hisense Neo QLED 32 pouces 4K UHD HDR Smart TV 120Hz WiFi HDMI streaming,29
Microsoft ThinkPad 15 Gaming,Ordinateur portable gaming i9 16Go RAM SSD 512Go RTX 3060 ecran 15 pouces 144Hz performance,735.5,informatique,myStore,16,Microsoft ThinkPad 15 Gaming Ordinateur portable gaming i9 16Go RAM SSD 512Go RTX 3060 ecran 15 pouces 144Hz performance,4
Apple Galaxy Tab A7 6Go/128Go,Tablette Apple 6Go RAM 128Go ecran haute resolution WiFi Bluetooth multimedia travail,645.0,electronique,myStore,6,Apple Galaxy Tab A7 6Go/128Go Tablette Apple 6Go RAM 128Go ecran haute resolution WiFi Bluetooth multimedia travail,43
Carte SD 512Go,Carte memoire Seagate 512Go UHS-I U3 V30 4K 160Mo/s appareil photo drone,18.23,stockage,myStore,0,Carte SD 512Go Carte memoire Seagate 512Go UHS-I U3 V30 4K 160Mo/s appareil photo drone,14
Panasonic QLED 43 pouces 4K,Television Panasonic QLED 43 pouces 4K UHD HDR Smart TV 100Hz WiFi HDMI streaming,1933.46,electronique,myStore,0,Panasonic QLED 43 pouces 4K Television Panasonic QLED 43 pouces 4K UHD HDR Smart TV 100Hz WiFi HDMI streaming,16
Dell Nitro 15,Ordinateur portable i9 32Go RAM SSD 1To ecran Full HD 15 pouces multimedia leger rapide,716.24,informatique,myStore,32,Dell Nitro 15 Ordinateur portable i9 32Go RAM SSD 1To ecran Full HD 15 pouces multimedia leger rapide,50
LG ProBook 13 Gaming,Ordinateur portable gaming Ryzen 5 4Go RAM SSD 1To RX 6600 ecran 13 pouces 144Hz performance,1583.31,informatique,myStore,4,LG ProBook 13 Gaming Ordinateur portable gaming Ryzen 5 4Go RAM SSD 1To RX 6600 ecran 13 pouces 144Hz performance,50
MSI Swift 17,Ordinateur portable Ryzen 5 8Go RAM SSD 256Go ecran Full HD 17 pouces etudiant leger rapide,771.46,informatique,myStore,8,MSI Swift 17 Ordinateur portable Ryzen 5 8Go RAM SSD 256Go ecran Full HD 17 pouces etudiant leger rapide,40
HP Pavilion 16 Gaming,Ordinateur portable gaming i3 16Go RAM SSD 512Go RX 6600 ecran 16 pouces 144Hz performance,1735.75,informatique,myStore,16,HP Pavilion 16 Gaming Ordinateur portable gaming i3 16Go RAM SSD 512Go RX 6600 ecran 16 pouces 144Hz performance,37
Lenovo ThinkPad 13,Ordinateur portable i5 4Go RAM SSD 512Go ecran Full HD 13 pouces etudiant leger rapide,599.9,informatique,myStore,4,Lenovo ThinkPad 13 Ordinateur portable i5 4Go RAM SSD 512Go ecran Full HD 13 pouces etudiant leger rapide,42
iPhone 12 Pro 128Go,Smartphone Apple puce A-series 128Go ecran Super Retina camera avancee Face ID iOS rapide,1213.95,telephone portable,myStore,0,iPhone 12 Pro 128Go Smartphone Apple puce A-series 128Go ecran Super Retina camera avancee Face ID iOS rapide,12
Realme Reno 6 8Go/256Go,Smartphone Realme 8Go RAM 256Go camera 108MP batterie 5500mAh AMOLED charge rapide Android,629.49,telephone portable,myStore,8,Realme Reno 6 8Go/256Go Smartphone Realme 8Go RAM 256Go camera 108MP batterie 5500mAh AMOLED charge rapide Android,27
Galaxy M53 4G 6Go/256Go,Smartphone Samsung AMOLED 6Go RAM 256Go camera 12MP batterie 4500mAh 4G charge rapide Android,401.98,telephone portable,myStore,6,Galaxy M53 4G 6Go/256Go Smartphone Samsung AMOLED 6Go RAM 256Go camera 12MP batterie 4500mAh 4G charge rapide Android,7
Mi 12 4Go/128Go,Smartphone Xiaomi MIUI 4Go RAM 128Go camera 64MP batterie 4000mAh charge rapide AMOLED,873.57,telephone portable,myStore,4,Mi 12 4Go/128Go Smartphone Xiaomi MIUI 4Go RAM 128Go camera 64MP batterie 4000mAh charge rapide AMOLED,34
Disque externe 4To,Disque dur externe Kingston 4To USB 3.0 portable sauvegarde automatique,189.69,stockage,myStore,0,Disque externe 4To Disque dur externe Kingston 4To USB 3.0 portable sauvegarde automatique,14
Lave-linge 10kg,Lave-linge Beko 10kg moteur inverter 1400tr/min vapeur A+++ silencieux,335.94,electromenager,myStore,0,Lave-linge 10kg Lave-linge Beko 10kg moteur inverter 1400tr/min vapeur A+++ silencieux,41
Disque externe 4To,Disque dur externe Kingston 4To USB 3.0 portable sauvegarde automatique,42.96,stockage,myStore,0,Disque externe 4To Disque dur externe Kingston 4To USB 3.0 portable sauvegarde automatique,9
Intel Core i3-10100,Processeur Intel i3 4 coeurs 8 threads 4.3GHz bureautique entre de gamme,58.58,informatique,myStore,0,Intel Core i3-10100 Processeur Intel i3 4 coeurs 8 threads 4.3GHz bureautique entre de gamme,17
Galaxy A33 4G 3Go/256Go,Smartphone Samsung AMOLED 3Go RAM 256Go camera 50MP batterie 6000mAh 4G charge rapide Android,474.16,telephone portable,myStore,3,Galaxy A33 4G 3Go/256Go Smartphone Samsung AMOLED 3Go RAM 256Go camera 50MP batterie 6000mAh 4G charge rapide Android,9
Cle USB 16Go,Cle USB Transcend 16Go USB 3.0 lecture rapide compact metal design portable,30.05,stockage,myStore,0,Cle USB 16Go Cle USB Transcend 16Go USB 3.0 lecture rapide compact metal design portable,4
Xiaomi 12 6Go/32Go,Smartphone Xiaomi MIUI 6Go RAM 32Go camera 108MP batterie 4000mAh charge rapide AMOLED,505.07,telephone portable,myStore,6,Xiaomi 12 6Go/32Go Smartphone Xiaomi MIUI 6Go RAM 32Go camera 108MP batterie 4000mAh charge rapide AMOLED,3
Realme iPad 9 4Go/128Go,Tablette Realme 4Go RAM 128Go ecran haute resolution WiFi Bluetooth multimedia travail,517.83,electronique,myStore,4,Realme iPad 9 4Go/128Go Tablette Realme 4Go RAM 128Go ecran haute resolution WiFi Bluetooth multimedia travail,10
Lenovo Latitude 13,Ordinateur portable Ryzen 9 12Go RAM SSD 256Go ecran Full HD 13 pouces etudiant leger rapide,854.47,informatique,myStore,12,Lenovo Latitude 13 Ordinateur portable Ryzen 9 12Go RAM SSD 256Go ecran Full HD 13 pouces etudiant leger rapide,50
Samsung Legion 16 Gaming,Ordinateur portable gaming Ryzen 7 32Go RAM SSD 256Go GTX 1650 ecran 16 pouces 144Hz performance,2060.39,informatique,myStore,32,Samsung Legion 16 Gaming Ordinateur portable gaming Ryzen 7 32Go RAM SSD 256Go GTX 1650 ecran 16 pouces 144Hz performance,19
SSD externe 250Go,Disque SSD externe Transcend 250Go USB 3.2 1000Mo/s compact robuste rapide,219.87,stockage,myStore,0,SSD externe 250Go Disque SSD externe Transcend 250Go USB 3.2 1000Mo/s compact robuste rapide,38
Mi 11 6Go/256Go,Smartphone Xiaomi MIUI 6Go RAM 256Go camera 50MP batterie 5000mAh charge rapide AMOLED,252.91,telephone portable,myStore,6,Mi 11 6Go/256Go Smartphone Xiaomi MIUI 6Go RAM 256Go camera 50MP batterie 5000mAh charge rapide AMOLED,47
Intel Core i7-11700,Processeur Intel i7 8 coeurs 16 threads 4.9GHz gaming puissant,171.0,informatique,myStore,0,Intel Core i7-11700 Processeur Intel i7 8 coeurs 16 threads 4.9GHz gaming puissant,36
Realme Nord CE 2 3Go/64Go,Smartphone Realme 3Go RAM 64Go camera 64MP batterie 3000mAh AMOLED charge rapide Android,332.04,telephone portable,myStore,3,Realme Nord CE 2 3Go/64Go Smartphone Realme 3Go RAM 64Go camera 64MP batterie 3000mAh AMOLED charge rapide Android,18
iPhone 13 256Go,Smartphone Apple puce A-series 256Go ecran Super Retina camera avancee Face ID iOS rapide,1029.71,telephone portable,myStore,0,iPhone 13 256Go Smartphone Apple puce A-series 256Go ecran Super Retina camera avancee Face ID iOS rapide,28
Sony ULED 32 pouces 4K,Television Sony ULED 32 pouces 4K UHD HDR Smart TV 144Hz WiFi HDMI streaming,1278.76,electronique,myStore,0,Sony ULED 32 pouces 4K Television Sony ULED 32 pouces 4K UHD HDR Smart TV 144Hz WiFi HDMI streaming,7
LG ROG Strix 14,Ordinateur portable i7 12Go RAM SSD 512Go ecran Full HD 14 pouces multimedia leger rapide,1390.15,informatique,myStore,12,LG ROG Strix 14 Ordinateur portable i7 12Go RAM SSD 512Go ecran Full HD 14 pouces multimedia leger rapide,29
Anker Ecouteurs Bluetooth,Ecouteurs Anker Bluetooth reduction bruit active ANC 24h autonomie qualite sonore premium,391.12,electronique,myStore,0,Anker Ecouteurs Bluetooth Ecouteurs Anker Bluetooth reduction bruit active ANC 24h autonomie qualite sonore premium,44
Intel Core i5-10400,Processeur Intel i5 6 coeurs 12 threads 4.3GHz gaming bureautique,98.06,informatique,myStore,0,Intel Core i5-10400 Processeur Intel i5 6 coeurs 12 threads 4.3GHz gaming bureautique,19
Samsung QLED 75 pouces 4K,Television Samsung QLED 75 pouces 4K UHD HDR Smart TV 100Hz WiFi HDMI streaming,570.43,electronique,myStore,0,Samsung QLED 75 pouces 4K Television Samsung QLED 75 pouces 4K UHD HDR Smart TV 100Hz WiFi HDMI streaming,44
iPhone 11 512Go,Smartphone Apple puce A-series 512Go ecran Super Retina camera avancee Face ID iOS rapide,1531.48,telephone portable,myStore,0,iPhone 11 512Go Smartphone Apple puce A-series 512Go ecran Super Retina camera avancee Face ID iOS rapide,25
Asus Swift 14,Ordinateur portable Ryzen 7 4Go RAM SSD 512Go ecran Full HD 14 pouces professionnel leger rapide,477.94,informatique,myStore,4,Asus Swift 14 Ordinateur portable Ryzen 7 4Go RAM SSD 512Go ecran Full HD 14 pouces professionnel leger rapide,17
Huawei Swift 14 Gaming,Ordinateur portable gaming Ryzen 7 16Go RAM SSD 512Go RX 6600 ecran 14 pouces 144Hz performance,1050.34,informatique,myStore,16,Huawei Swift 14 Gaming Ordinateur portable gaming Ryzen 7 16Go RAM SSD 512Go RX 6600 ecran 14 pouces 144Hz performance,32
Xiaomi iPad Pro 11 8Go/64Go,Tablette Xiaomi 8Go RAM 64Go ecran haute resolution WiFi Bluetooth multimedia travail,499.41,electronique,myStore,8,Xiaomi iPad Pro 11 8Go/64Go Tablette Xiaomi 8Go RAM 64Go ecran haute resolution WiFi Bluetooth multimedia travail,34
Climatiseur 24000 BTU inverter,Climatiseur Siemens 24000 BTU inverter A++ WiFi Smart silencieux ecologique R-32,790.52,electromenager,myStore,0,Climatiseur 24000 BTU inverter Climatiseur Siemens 24000 BTU inverter A++ WiFi Smart silencieux ecologique R-32,31
Xiaomi MatePad 11 4Go/64Go,Tablette Xiaomi 4Go RAM 64Go ecran haute resolution WiFi Bluetooth multimedia travail,998.48,electronique,myStore,4,Xiaomi MatePad 11 4Go/64Go Tablette Xiaomi 4Go RAM 64Go ecran haute resolution WiFi Bluetooth multimedia travail,28
Lave-linge 8kg,Lave-linge Midea 8kg moteur inverter 1400tr/min vapeur A+++ silencieux,514.77,electromenager,myStore,0,Lave-linge 8kg Lave-linge Midea 8kg moteur inverter 1400tr/min vapeur A+++ silencieux,5
Switch 5 ports Gigabit,Switch reseau Ubiquiti 5 ports Gigabit manageable PoE+ entreprise fiable,522.72,reseau,myStore,0,Switch 5 ports Gigabit Switch reseau Ubiquiti 5 ports Gigabit manageable PoE+ entreprise fiable,38
iPhone 14 256Go,Smartphone Apple puce A-series 256Go ecran Super Retina camera avancee Face ID iOS rapide,1279.15,telephone portable,myStore,0,iPhone 14 256Go Smartphone Apple puce A-series 256Go ecran Super Retina camera avancee Face ID iOS rapide,2
NAS 2To WiFi,Disque NAS SanDisk 2To WiFi acces distant sauvegarde bureau maison cloud,323.93,stockage,myStore,0,NAS 2To WiFi Disque NAS SanDisk 2To WiFi acces distant sauvegarde bureau maison cloud,27
MicroSD 32Go,Carte microSD Transcend 32Go Class10 A1 V10 rapide smartphone tablette drone,22.45,stockage,myStore,0,MicroSD 32Go Carte microSD Transcend 32Go Class10 A1 V10 rapide smartphone tablette drone,47
Samsung SSD 256Go NVMe M.2,Disque SSD Samsung 256Go NVMe M.2 3500Mo/s lecture rapide fiable stockage,192.9,informatique,myStore,0,Samsung SSD 256Go NVMe M.2 Disque SSD Samsung 256Go NVMe M.2 3500Mo/s lecture rapide fiable stockage,20
Aspirateur robot WiFi,Aspirateur robot Siemens capteurs laser cartographie WiFi App programmable maison,373.24,electromenager,myStore,0,Aspirateur robot WiFi Aspirateur robot Siemens capteurs laser cartographie WiFi App programmable maison,38
Huawei Galaxy Tab A8 6Go/256Go,Tablette Huawei 6Go RAM 256Go ecran haute resolution WiFi Bluetooth multimedia travail,750.41,electronique,myStore,6,Huawei Galaxy Tab A8 6Go/256Go Tablette Huawei 6Go RAM 256Go ecran haute resolution WiFi Bluetooth multimedia travail,16
Lenovo Galaxy Tab S7 3Go/32Go,Tablette Lenovo 3Go RAM 32Go ecran haute resolution WiFi Bluetooth multimedia travail,719.17,electronique,myStore,3,Lenovo Galaxy Tab S7 3Go/32Go Tablette Lenovo 3Go RAM 32Go ecran haute resolution WiFi Bluetooth multimedia travail,1
Panasonic QLED 43 pouces 4K,Television Panasonic QLED 43 pouces 4K UHD HDR Smart TV 144Hz WiFi HDMI streaming,556.03,electronique,myStore,0,Panasonic QLED 43 pouces 4K Television Panasonic QLED 43 pouces 4K UHD HDR Smart TV 144Hz WiFi HDMI streaming,5
Oppo Edge 30 6Go/64Go,Smartphone Oppo 6Go RAM 64Go camera 50MP batterie 4000mAh AMOLED charge rapide Android,498.73,telephone portable,myStore,6,Oppo Edge 30 6Go/64Go Smartphone Oppo 6Go RAM 64Go camera 50MP batterie 4000mAh AMOLED charge rapide Android,14
Point acces WiFi Pro,Point acces WiFi Netgear 802.11ax dual-band 1200Mbps PoE entreprise couverture,419.45,reseau,myStore,0,Point acces WiFi Pro Point acces WiFi Netgear 802.11ax dual-band 1200Mbps PoE entreprise couverture,43
Intel Core i7-12700,Processeur Intel i7 12 coeurs 20 threads 4.9GHz overclocking puissant,236.6,informatique,myStore,0,Intel Core i7-12700 Processeur Intel i7 12 coeurs 20 threads 4.9GHz overclocking puissant,36
Huawei Nord CE 2 8Go/64Go,Smartphone Huawei 8Go RAM 64Go camera 108MP batterie 6000mAh AMOLED charge rapide Android,1021.26,telephone portable,myStore,8,Huawei Nord CE 2 8Go/64Go Smartphone Huawei 8Go RAM 64Go camera 108MP batterie 6000mAh AMOLED charge rapide Android,37
Galaxy S22 4G 8Go/256Go,Smartphone Samsung AMOLED 8Go RAM 256Go camera 64MP batterie 3000mAh 4G charge rapide Android,723.17,telephone portable,myStore,8,Galaxy S22 4G 8Go/256Go Smartphone Samsung AMOLED 8Go RAM 256Go camera 64MP batterie 3000mAh 4G charge rapide Android,1
Cle USB 32Go,Cle USB Samsung 32Go USB 3.0 lecture rapide compact metal design portable,22.05,stockage,myStore,0,Cle USB 32Go Cle USB Samsung 32Go USB 3.0 lecture rapide compact metal design portable,48
Galaxy A33 5G 8Go/64Go,Smartphone Samsung AMOLED 8Go RAM 64Go camera 200MP batterie 6000mAh 5G charge rapide Android,240.87,telephone portable,myStore,8,Galaxy A33 5G 8Go/64Go Smartphone Samsung AMOLED 8Go RAM 64Go camera 200MP batterie 6000mAh 5G charge rapide Android,43
Huawei ROG Strix 14,Ordinateur portable i9 24Go RAM SSD 256Go ecran Full HD 14 pouces professionnel leger rapide,1247.21,informatique,myStore,24,Huawei ROG Strix 14 Ordinateur portable i9 24Go RAM SSD 256Go ecran Full HD 14 pouces professionnel leger rapide,17
MSI ThinkPad 17,Ordinateur portable Ryzen 7 8Go RAM SSD 128Go ecran Full HD 17 pouces professionnel leger rapide,421.06,informatique,myStore,8,MSI ThinkPad 17 Ordinateur portable Ryzen 7 8Go RAM SSD 128Go ecran Full HD 17 pouces professionnel leger rapide,36
Mi 11 3Go/512Go,Smartphone Xiaomi MIUI 3Go RAM 512Go camera 50MP batterie 5500mAh charge rapide AMOLED,791.18,telephone portable,myStore,3,Mi 11 3Go/512Go Smartphone Xiaomi MIUI 3Go RAM 512Go camera 50MP batterie 5500mAh charge rapide AMOLED,2
Bose Ecouteurs Bluetooth,Ecouteurs Bose Bluetooth son haute fidelite 24h autonomie qualite sonore premium,402.49,electronique,myStore,0,Bose Ecouteurs Bluetooth Ecouteurs Bose Bluetooth son haute fidelite 24h autonomie qualite sonore premium,48
Cle USB 32Go,Cle USB SanDisk 32Go USB 3.0 lecture rapide compact metal design portable,23.7,stockage,myStore,0,Cle USB 32Go Cle USB SanDisk 32Go USB 3.0 lecture rapide compact metal design portable,48
Galaxy M33 4G 3Go/64Go,Smartphone Samsung AMOLED 3Go RAM 64Go camera 200MP batterie 6000mAh 4G charge rapide Android,216.85,telephone portable,myStore,3,Galaxy M33 4G 3Go/64Go Smartphone Samsung AMOLED 3Go RAM 64Go camera 200MP batterie 6000mAh 4G charge rapide Android,11
Galaxy S21 4G 12Go/256Go,Smartphone Samsung AMOLED 12Go RAM 256Go camera 108MP batterie 4000mAh 4G charge rapide Android,1070.1,telephone portable,myStore,12,Galaxy S21 4G 12Go/256Go Smartphone Samsung AMOLED 12Go RAM 256Go camera 108MP batterie 4000mAh 4G charge rapide Android,30
Samsung Casque Bluetooth,Casque Samsung Bluetooth reduction bruit active ANC 30h autonomie qualite sonore premium,56.78,electronique,myStore,0,Samsung Casque Bluetooth Casque Samsung Bluetooth reduction bruit active ANC 30h autonomie qualite sonore premium,33
Carte SD 512Go,Carte memoire Transcend 512Go UHS-I U3 V30 4K 160Mo/s appareil photo drone,30.27,stockage,myStore,0,Carte SD 512Go Carte memoire Transcend 512Go UHS-I U3 V30 4K 160Mo/s appareil photo drone,41
Mi 11 4Go/32Go,Smartphone Xiaomi MIUI 4Go RAM 32Go camera 48MP batterie 3000mAh charge rapide AMOLED,947.29,telephone portable,myStore,4,Mi 11 4Go/32Go Smartphone Xiaomi MIUI 4Go RAM 32Go camera 48MP batterie 3000mAh charge rapide AMOLED,28
Mi 12 6Go/256Go,Smartphone Xiaomi MIUI 6Go RAM 256Go camera 64MP batterie 5500mAh charge rapide AMOLED,270.26,telephone portable,myStore,6,Mi 12 6Go/256Go Smartphone Xiaomi MIUI 6Go RAM 256Go camera 64MP batterie 5500mAh charge rapide AMOLED,17
Aspirateur robot WiFi,Aspirateur robot Samsung capteurs laser cartographie WiFi App programmable maison,551.67,electromenager,myStore,0,Aspirateur robot WiFi Aspirateur robot Samsung capteurs laser cartographie WiFi App programmable maison,11
Aspirateur robot WiFi,Aspirateur robot Carrier capteurs laser cartographie WiFi App programmable maison,142.57,electromenager,myStore,0,Aspirateur robot WiFi Aspirateur robot Carrier capteurs laser cartographie WiFi App programmable maison,37
NAS 8To WiFi,Disque NAS Kingston 8To WiFi acces distant sauvegarde bureau maison cloud,167.45,stockage,myStore,0,NAS 8To WiFi Disque NAS Kingston 8To WiFi acces distant sauvegarde bureau maison cloud,27
iPhone 12 128Go,Smartphone Apple puce A-series 128Go ecran Super Retina camera avancee Face ID iOS rapide,1165.49,telephone portable,myStore,0,iPhone 12 128Go Smartphone Apple puce A-series 128Go ecran Super Retina camera avancee Face ID iOS rapide,40
Poco X4 12Go/128Go,Smartphone Xiaomi MIUI 12Go RAM 128Go camera 50MP batterie 4500mAh charge rapide AMOLED,292.35,telephone portable,myStore,12,Poco X4 12Go/128Go Smartphone Xiaomi MIUI 12Go RAM 128Go camera 50MP batterie 4500mAh charge rapide AMOLED,31
JBL Casque Bluetooth,Casque JBL Bluetooth reduction bruit active ANC 12h autonomie qualite sonore premium,390.45,electronique,myStore,0,JBL Casque Bluetooth Casque JBL Bluetooth reduction bruit active ANC 12h autonomie qualite sonore premium,5
Lenovo Spectre 13,Ordinateur portable i9 32Go RAM SSD 256Go ecran Full HD 13 pouces professionnel leger rapide,1169.12,informatique,myStore,32,Lenovo Spectre 13 Ordinateur portable i9 32Go RAM SSD 256Go ecran Full HD 13 pouces professionnel leger rapide,30
AMD Ryzen 7 5800X,Processeur AMD Ryzen 7 8 coeurs 16 threads 4.7GHz overclocking,213.17,informatique,myStore,0,AMD Ryzen 7 5800X Processeur AMD Ryzen 7 8 coeurs 16 threads 4.7GHz overclocking,22
Galaxy M53 4G 8Go/128Go,Smartphone Samsung AMOLED 8Go RAM 128Go camera 108MP batterie 4500mAh 4G charge rapide Android,1069.92,telephone portable,myStore,8,Galaxy M53 4G 8Go/128Go Smartphone Samsung AMOLED 8Go RAM 128Go camera 108MP batterie 4500mAh 4G charge rapide Android,26
Redmi 9 3Go/32Go,Smartphone Xiaomi MIUI 3Go RAM 32Go camera 108MP batterie 4500mAh charge rapide AMOLED,717.22,telephone portable,myStore,3,Redmi 9 3Go/32Go Smartphone Xiaomi MIUI 3Go RAM 32Go camera 108MP batterie 4500mAh charge rapide AMOLED,21
Panasonic QLED 50 pouces 4K,Television Panasonic QLED 50 pouces 4K UHD HDR Smart TV 60Hz WiFi HDMI streaming,1253.93,electronique,myStore,0,Panasonic QLED 50 pouces 4K Television Panasonic QLED 50 pouces 4K UHD HDR Smart TV 60Hz WiFi HDMI streaming,20
Intel Core i7-12700,Processeur Intel i7 12 coeurs 20 threads 4.9GHz overclocking puissant,211.16,informatique,myStore,0,Intel Core i7-12700 Processeur Intel i7 12 coeurs 20 threads 4.9GHz overclocking puissant,42
Samsung ROG Strix 16,Ordinateur portable i3 32Go RAM SSD 1To ecran Full HD 16 pouces bureautique leger rapide,546.96,informatique,myStore,32,Samsung ROG Strix 16 Ordinateur portable i3 32Go RAM SSD 1To ecran Full HD 16 pouces bureautique leger rapide,6
Kingston RAM 16Go DDR4 5600MHz,Memoire RAM Kingston 16Go DDR4 5600MHz compatible Intel AMD gaming overclocking,90.32,informatique,myStore,0,Kingston RAM 16Go DDR4 5600MHz Memoire RAM Kingston 16Go DDR4 5600MHz compatible Intel AMD gaming overclocking,10
Samsung SSD 256Go NVMe M.2,Disque SSD Samsung 256Go NVMe M.2 3500Mo/s lecture rapide fiable stockage,189.19,informatique,myStore,0,Samsung SSD 256Go NVMe M.2 Disque SSD Samsung 256Go NVMe M.2 3500Mo/s lecture rapide fiable stockage,21
Cle USB 32Go,Cle USB SanDisk 32Go USB 3.0 lecture rapide compact metal design portable,29.79,stockage,myStore,0,Cle USB 32Go Cle USB SanDisk 32Go USB 3.0 lecture rapide compact metal design portable,26
Carte SD 256Go,Carte memoire Kingston 256Go UHS-I U3 V30 4K 160Mo/s appareil photo drone,11.22,stockage,myStore,0,Carte SD 256Go Carte memoire Kingston 256Go UHS-I U3 V30 4K 160Mo/s appareil photo drone,44
Climatiseur 12000 BTU inverter,Climatiseur Siemens 12000 BTU inverter A++ WiFi Smart silencieux ecologique R-32,630.47,electromenager,myStore,0,Climatiseur 12000 BTU inverter Climatiseur Siemens 12000 BTU inverter A++ WiFi Smart silencieux ecologique R-32,31
Poco F4 3Go/128Go,Smartphone Xiaomi MIUI 3Go RAM 128Go camera 12MP batterie 4000mAh charge rapide AMOLED,481.82,telephone portable,myStore,3,Poco F4 3Go/128Go Smartphone Xiaomi MIUI 3Go RAM 128Go camera 12MP batterie 4000mAh charge rapide AMOLED,18
Galaxy M23 4G 12Go/32Go,Smartphone Samsung AMOLED 12Go RAM 32Go camera 48MP batterie 4000mAh 4G charge rapide Android,1065.78,telephone portable,myStore,12,Galaxy M23 4G 12Go/32Go Smartphone Samsung AMOLED 12Go RAM 32Go camera 48MP batterie 4000mAh 4G charge rapide Android,42
Samsung Neo QLED 75 pouces 4K,Television Samsung Neo QLED 75 pouces 4K UHD HDR Smart TV 100Hz WiFi HDMI streaming,1885.32,electronique,myStore,0,Samsung Neo QLED 75 pouces 4K Television Samsung Neo QLED 75 pouces 4K UHD HDR Smart TV 100Hz WiFi HDMI streaming,25
Seagate SSD 500Go SATA III,Disque SSD Seagate 500Go SATA III 550Mo/s lecture rapide fiable stockage,173.2,informatique,myStore,0,Seagate SSD 500Go SATA III Disque SSD Seagate 500Go SATA III 550Mo/s lecture rapide fiable stockage,48
Hisense ULED 85 pouces 4K,Television Hisense ULED 85 pouces 4K UHD HDR Smart TV 144Hz WiFi HDMI streaming,2135.31,electronique,myStore,0,Hisense ULED 85 pouces 4K Television Hisense ULED 85 pouces 4K UHD HDR Smart TV 144Hz WiFi HDMI streaming,35
Samsung Enceinte Bluetooth,Enceinte Samsung Bluetooth reduction bruit active ANC 20h autonomie qualite sonore premium,186.61,electronique,myStore,0,Samsung Enceinte Bluetooth Enceinte Samsung Bluetooth reduction bruit active ANC 20h autonomie qualite sonore premium,2
Galaxy A14 4G 12Go/256Go,Smartphone Samsung AMOLED 12Go RAM 256Go camera 108MP batterie 3000mAh 4G charge rapide Android,800.7,telephone portable,myStore,12,Galaxy A14 4G 12Go/256Go Smartphone Samsung AMOLED 12Go RAM 256Go camera 108MP batterie 3000mAh 4G charge rapide Android,29
Realme Galaxy Tab S8 4Go/256Go,Tablette Realme 4Go RAM 256Go ecran haute resolution WiFi Bluetooth multimedia travail,595.28,electronique,myStore,4,Realme Galaxy Tab S8 4Go/256Go Tablette Realme 4Go RAM 256Go ecran haute resolution WiFi Bluetooth multimedia travail,5
Samsung Bravia OLED 85 pouces 4K,Television Samsung Bravia OLED 85 pouces 4K UHD HDR Smart TV 60Hz WiFi HDMI streaming,1613.03,electronique,myStore,0,Samsung Bravia OLED 85 pouces 4K Television Samsung Bravia OLED 85 pouces 4K UHD HDR Smart TV 60Hz WiFi HDMI streaming,20
Switch 5 ports Gigabit,Switch reseau Cisco 5 ports Gigabit manageable PoE+ entreprise fiable,322.38,reseau,myStore,0,Switch 5 ports Gigabit Switch reseau Cisco 5 ports Gigabit manageable PoE+ entreprise fiable,16
Galaxy A53 5G 3Go/256Go,Smartphone Samsung AMOLED 3Go RAM 256Go camera 64MP batterie 5500mAh 5G charge rapide Android,219.46,telephone portable,myStore,3,Galaxy A53 5G 3Go/256Go Smartphone Samsung AMOLED 3Go RAM 256Go camera 64MP batterie 5500mAh 5G charge rapide Android,20
Friteuse sans huile 6L,Friteuse sans huile Midea 6L technologie air chaud 80% moins matiere grasse,191.81,electromenager,myStore,0,Friteuse sans huile 6L Friteuse sans huile Midea 6L technologie air chaud 80% moins matiere grasse,7
Samsung IdeaPad 17,Ordinateur portable i3 24Go RAM SSD 512Go ecran Full HD 17 pouces professionnel leger rapide,368.0,informatique,myStore,24,Samsung IdeaPad 17 Ordinateur portable i3 24Go RAM SSD 512Go ecran Full HD 17 pouces professionnel leger rapide,49
MicroSD 256Go,Carte microSD Kingston 256Go Class10 A1 V10 rapide smartphone tablette drone,9.78,stockage,myStore,0,MicroSD 256Go Carte microSD Kingston 256Go Class10 A1 V10 rapide smartphone tablette drone,25
NAS 4To WiFi,Disque NAS Samsung 4To WiFi acces distant sauvegarde bureau maison cloud,253.65,stockage,myStore,0,NAS 4To WiFi Disque NAS Samsung 4To WiFi acces distant sauvegarde bureau maison cloud,32
Nokia Nord 2T 4Go/128Go,Smartphone Nokia 4Go RAM 128Go camera 200MP batterie 5000mAh AMOLED charge rapide Android,280.4,telephone portable,myStore,4,Nokia Nord 2T 4Go/128Go Smartphone Nokia 4Go RAM 128Go camera 200MP batterie 5000mAh AMOLED charge rapide Android,0
Routeur WiFi 6 3000Mbps,Routeur WiFi 6 Ubiquiti 3000Mbps double bande MU-MIMO 4 antennes rapide securise,161.54,reseau,myStore,0,Routeur WiFi 6 3000Mbps Routeur WiFi 6 Ubiquiti 3000Mbps double bande MU-MIMO 4 antennes rapide securise,42
Samsung SSD 256Go SATA III,Disque SSD Samsung 256Go SATA III 550Mo/s lecture rapide fiable stockage,182.06,informatique,myStore,0,Samsung SSD 256Go SATA III Disque SSD Samsung 256Go SATA III 550Mo/s lecture rapide fiable stockage,34
Switch 5 ports Gigabit,Switch reseau TP-Link 5 ports Gigabit manageable PoE+ entreprise fiable,67.45,reseau,myStore,0,Switch 5 ports Gigabit Switch reseau TP-Link 5 ports Gigabit manageable PoE+ entreprise fiable,29
Acer VivoBook 17,Ordinateur portable i7 4Go RAM SSD 256Go ecran Full HD 17 pouces multimedia leger rapide,741.86,informatique,myStore,4,Acer VivoBook 17 Ordinateur portable i7 4Go RAM SSD 256Go ecran Full HD 17 pouces multimedia leger rapide,26
Galaxy S22 4G 6Go/512Go,Smartphone Samsung AMOLED 6Go RAM 512Go camera 12MP batterie 6000mAh 4G charge rapide Android,665.88,telephone portable,myStore,6,Galaxy S22 4G 6Go/512Go Smartphone Samsung AMOLED 6Go RAM 512Go camera 12MP batterie 6000mAh 4G charge rapide Android,3
Google 9 Pro 5G 4Go/256Go,Smartphone Google 4Go RAM 256Go camera 64MP batterie 5000mAh AMOLED charge rapide Android,280.64,telephone portable,myStore,4,Google 9 Pro 5G 4Go/256Go Smartphone Google 4Go RAM 256Go camera 64MP batterie 5000mAh AMOLED charge rapide Android,12
Huawei Ecouteurs Bluetooth,Ecouteurs Huawei Bluetooth reduction bruit active ANC 40h autonomie qualite sonore premium,195.19,electronique,myStore,0,Huawei Ecouteurs Bluetooth Ecouteurs Huawei Bluetooth reduction bruit active ANC 40h autonomie qualite sonore premium,33
Dell ThinkPad 13,Ordinateur portable i3 8Go RAM SSD 128Go ecran Full HD 13 pouces multimedia leger rapide,1206.82,informatique,myStore,8,Dell ThinkPad 13 Ordinateur portable i3 8Go RAM SSD 128Go ecran Full HD 13 pouces multimedia leger rapide,23
Redmi 9 8Go/32Go,Smartphone Xiaomi MIUI 8Go RAM 32Go camera 50MP batterie 3000mAh charge rapide AMOLED,425.27,telephone portable,myStore,8,Redmi 9 8Go/32Go Smartphone Xiaomi MIUI 8Go RAM 32Go camera 50MP batterie 3000mAh charge rapide AMOLED,39
Huawei ThinkPad 14,Ordinateur portable i5 8Go RAM SSD 256Go ecran Full HD 14 pouces multimedia leger rapide,377.6,informatique,myStore,8,Huawei ThinkPad 14 Ordinateur portable i5 8Go RAM SSD 256Go ecran Full HD 14 pouces multimedia leger rapide,48
Crucial SSD 256Go NVMe M.2,Disque SSD Crucial 256Go NVMe M.2 3500Mo/s lecture rapide fiable stockage,120.44,informatique,myStore,0,Crucial SSD 256Go NVMe M.2 Disque SSD Crucial 256Go NVMe M.2 3500Mo/s lecture rapide fiable stockage,31
Lenovo Tab M10 6Go/256Go,Tablette Lenovo 6Go RAM 256Go ecran haute resolution WiFi Bluetooth multimedia travail,743.17,electronique,myStore,6,Lenovo Tab M10 6Go/256Go Tablette Lenovo 6Go RAM 256Go ecran haute resolution WiFi Bluetooth multimedia travail,40
Sony OLED 55 pouces 4K,Television Sony OLED 55 pouces 4K UHD HDR Smart TV 100Hz WiFi HDMI streaming,1353.5,electronique,myStore,0,Sony OLED 55 pouces 4K Television Sony OLED 55 pouces 4K UHD HDR Smart TV 100Hz WiFi HDMI streaming,28
LG Latitude 16,Ordinateur portable i5 12Go RAM SSD 512Go ecran Full HD 16 pouces etudiant leger rapide,900.53,informatique,myStore,12,LG Latitude 16 Ordinateur portable i5 12Go RAM SSD 512Go ecran Full HD 16 pouces etudiant leger rapide,48
iPhone 13 64Go,Smartphone Apple puce A-series 64Go ecran Super Retina camera avancee Face ID iOS rapide,1382.55,telephone portable,myStore,0,iPhone 13 64Go Smartphone Apple puce A-series 64Go ecran Super Retina camera avancee Face ID iOS rapide,3
Galaxy A73 5G 3Go/512Go,Smartphone Samsung AMOLED 3Go RAM 512Go camera 48MP batterie 5500mAh 5G charge rapide Android,575.7,telephone portable,myStore,3,Galaxy A73 5G 3Go/512Go Smartphone Samsung AMOLED 3Go RAM 512Go camera 48MP batterie 5500mAh 5G charge rapide Android,13
Nokia Edge 30 6Go/256Go,Smartphone Nokia 6Go RAM 256Go camera 12MP batterie 6000mAh AMOLED charge rapide Android,463.74,telephone portable,myStore,6,Nokia Edge 30 6Go/256Go Smartphone Nokia 6Go RAM 256Go camera 12MP batterie 6000mAh AMOLED charge rapide Android,17
Poco F4 8Go/32Go,Smartphone Xiaomi MIUI 8Go RAM 32Go camera 12MP batterie 4500mAh charge rapide AMOLED,288.5,telephone portable,myStore,8,Poco F4 8Go/32Go Smartphone Xiaomi MIUI 8Go RAM 32Go camera 12MP batterie 4500mAh charge rapide AMOLED,35
Cle USB 256Go,Cle USB WD 256Go USB 3.0 lecture rapide compact metal design portable,62.81,stockage,myStore,0,Cle USB 256Go Cle USB WD 256Go USB 3.0 lecture rapide compact metal design portable,8
JBL Enceinte Bluetooth,Enceinte JBL Bluetooth reduction bruit active ANC 8h autonomie qualite sonore premium,173.77,electronique,myStore,0,JBL Enceinte Bluetooth Enceinte JBL Bluetooth reduction bruit active ANC 8h autonomie qualite sonore premium,18
Huawei Galaxy Tab S8 8Go/32Go,Tablette Huawei 8Go RAM 32Go ecran haute resolution WiFi Bluetooth multimedia travail,1046.22,electronique,myStore,8,Huawei Galaxy Tab S8 8Go/32Go Tablette Huawei 8Go RAM 32Go ecran haute resolution WiFi Bluetooth multimedia travail,28
MSI XPS 15,Ordinateur portable Ryzen 3 32Go RAM SSD 1To ecran Full HD 15 pouces multimedia leger rapide,1237.57,informatique,myStore,32,MSI XPS 15 Ordinateur portable Ryzen 3 32Go RAM SSD 1To ecran Full HD 15 pouces multimedia leger rapide,44
Galaxy S23 4G 4Go/512Go,Smartphone Samsung AMOLED 4Go RAM 512Go camera 48MP batterie 4500mAh 4G charge rapide Android,524.45,telephone portable,myStore,4,Galaxy S23 4G 4Go/512Go Smartphone Samsung AMOLED 4Go RAM 512Go camera 48MP batterie 4500mAh 4G charge rapide Android,31
Switch 24 ports Gigabit,Switch reseau Ubiquiti 24 ports Gigabit manageable PoE+ entreprise fiable,615.47,reseau,myStore,0,Switch 24 ports Gigabit Switch reseau Ubiquiti 24 ports Gigabit manageable PoE+ entreprise fiable,7
Marshall Ecouteurs Bluetooth,Ecouteurs Marshall Bluetooth son haute fidelite 50h autonomie qualite sonore premium,358.21,electronique,myStore,0,Marshall Ecouteurs Bluetooth Ecouteurs Marshall Bluetooth son haute fidelite 50h autonomie qualite sonore premium,1
Redmi 10 8Go/64Go,Smartphone Xiaomi MIUI 8Go RAM 64Go camera 108MP batterie 5500mAh charge rapide AMOLED,803.39,telephone portable,myStore,8,Redmi 10 8Go/64Go Smartphone Xiaomi MIUI 8Go RAM 64Go camera 108MP batterie 5500mAh charge rapide AMOLED,40
Galaxy A23 5G 4Go/32Go,Smartphone Samsung AMOLED 4Go RAM 32Go camera 50MP batterie 4500mAh 5G charge rapide Android,601.37,telephone portable,myStore,4,Galaxy A23 5G 4Go/32Go Smartphone Samsung AMOLED 4Go RAM 32Go camera 50MP batterie 4500mAh 5G charge rapide Android,38
Microsoft ZenBook 15,Ordinateur portable i7 4Go RAM SSD 512Go ecran Full HD 15 pouces etudiant leger rapide,1058.12,informatique,myStore,4,Microsoft ZenBook 15 Ordinateur portable i7 4Go RAM SSD 512Go ecran Full HD 15 pouces etudiant leger rapide,15
iPhone 12 Pro 128Go,Smartphone Apple puce A-series 128Go ecran Super Retina camera avancee Face ID iOS rapide,1677.47,telephone portable,myStore,0,iPhone 12 Pro 128Go Smartphone Apple puce A-series 128Go ecran Super Retina camera avancee Face ID iOS rapide,45
Bose Ecouteurs Bluetooth,Ecouteurs Bose Bluetooth reduction bruit active ANC 8h autonomie qualite sonore premium,85.91,electronique,myStore,0,Bose Ecouteurs Bluetooth Ecouteurs Bose Bluetooth reduction bruit active ANC 8h autonomie qualite sonore premium,10
Dell Latitude 16,Ordinateur portable i5 8Go RAM SSD 128Go ecran Full HD 16 pouces professionnel leger rapide,1184.64,informatique,myStore,8,Dell Latitude 16 Ordinateur portable i5 8Go RAM SSD 128Go ecran Full HD 16 pouces professionnel leger rapide,19
AMD Ryzen 3 3300X,Processeur AMD Ryzen 3 4 coeurs 8 threads 4.3GHz rapport qualite prix,60.95,informatique,myStore,0,AMD Ryzen 3 3300X Processeur AMD Ryzen 3 4 coeurs 8 threads 4.3GHz rapport qualite prix,35
Lenovo iPad Air 5 4Go/256Go,Tablette Lenovo 4Go RAM 256Go ecran haute resolution WiFi Bluetooth multimedia travail,1142.81,electronique,myStore,4,Lenovo iPad Air 5 4Go/256Go Tablette Lenovo 4Go RAM 256Go ecran haute resolution WiFi Bluetooth multimedia travail,0
iPhone 14 512Go,Smartphone Apple puce A-series 512Go ecran Super Retina camera avancee Face ID iOS rapide,884.56,telephone portable,myStore,0,iPhone 14 512Go Smartphone Apple puce A-series 512Go ecran Super Retina camera avancee Face ID iOS rapide,35
Machine cafe capsules,Machine cafe Midea capsules pression 19 bars reservoir 1.5L rapide compacte,111.64,electromenager,myStore,0,Machine cafe capsules Machine cafe Midea capsules pression 19 bars reservoir 1.5L rapide compacte,26
Lenovo Modern 16 Gaming,Ordinateur portable gaming Ryzen 9 16Go RAM SSD 1To RTX 3080 ecran 16 pouces 144Hz performance,1609.99,informatique,myStore,16,Lenovo Modern 16 Gaming Ordinateur portable gaming Ryzen 9 16Go RAM SSD 1To RTX 3080 ecran 16 pouces 144Hz performance,5
Lenovo ThinkPad 15,Ordinateur portable Ryzen 9 16Go RAM SSD 256Go ecran Full HD 15 pouces professionnel leger rapide,1313.83,informatique,myStore,16,Lenovo ThinkPad 15 Ordinateur portable Ryzen 9 16Go RAM SSD 256Go ecran Full HD 15 pouces professionnel leger rapide,14
Galaxy A33 5G 3Go/128Go,Smartphone Samsung AMOLED 3Go RAM 128Go camera 200MP batterie 5500mAh 5G charge rapide Android,273.28,telephone portable,myStore,3,Galaxy A33 5G 3Go/128Go Smartphone Samsung AMOLED 3Go RAM 128Go camera 200MP batterie 5500mAh 5G charge rapide Android,7
Xiaomi iPad Air 5 4Go/32Go,Tablette Xiaomi 4Go RAM 32Go ecran haute resolution WiFi Bluetooth multimedia travail,925.36,electronique,myStore,4,Xiaomi iPad Air 5 4Go/32Go Tablette Xiaomi 4Go RAM 32Go ecran haute resolution WiFi Bluetooth multimedia travail,29
Seagate HDD 1To 5400RPM,Disque dur Seagate 1To 5400RPM SATA III stockage masse donnees multimedia,39.25,informatique,myStore,0,Seagate HDD 1To 5400RPM Disque dur Seagate 1To 5400RPM SATA III stockage masse donnees multimedia,7
Kingston SSD 512Go NVMe M.2,Disque SSD Kingston 512Go NVMe M.2 3500Mo/s lecture rapide fiable stockage,160.47,informatique,myStore,0,Kingston SSD 512Go NVMe M.2 Disque SSD Kingston 512Go NVMe M.2 3500Mo/s lecture rapide fiable stockage,41
Kingston RAM 16Go DDR5 4800MHz,Memoire RAM Kingston 16Go DDR5 4800MHz compatible Intel AMD gaming overclocking,280.64,informatique,myStore,0,Kingston RAM 16Go DDR5 4800MHz Memoire RAM Kingston 16Go DDR5 4800MHz compatible Intel AMD gaming overclocking,9
Vivo Xperia 5 IV 8Go/64Go,Smartphone Vivo 8Go RAM 64Go camera 108MP batterie 4000mAh AMOLED charge rapide Android,774.03,telephone portable,myStore,8,Vivo Xperia 5 IV 8Go/64Go Smartphone Vivo 8Go RAM 64Go camera 108MP batterie 4000mAh AMOLED charge rapide Android,31
Samsung Casque Bluetooth,Casque Samsung Bluetooth son haute fidelite 24h autonomie qualite sonore premium,251.79,electronique,myStore,0,Samsung Casque Bluetooth Casque Samsung Bluetooth son haute fidelite 24h autonomie qualite sonore premium,45
SSD externe 2000Go,Disque SSD externe Samsung 2000Go USB 3.2 1000Mo/s compact robuste rapide,37.11,stockage,myStore,0,SSD externe 2000Go Disque SSD externe Samsung 2000Go USB 3.2 1000Mo/s compact robuste rapide,18
Poco X3 8Go/64Go,Smartphone Xiaomi MIUI 8Go RAM 64Go camera 48MP batterie 5000mAh charge rapide AMOLED,610.71,telephone portable,myStore,8,Poco X3 8Go/64Go Smartphone Xiaomi MIUI 8Go RAM 64Go camera 48MP batterie 5000mAh charge rapide AMOLED,32
Lave-vaisselle 15 couverts,Lave-vaisselle Carrier 15 couverts SilencePlus A+++ economie eau energie,684.78,electromenager,myStore,0,Lave-vaisselle 15 couverts Lave-vaisselle Carrier 15 couverts SilencePlus A+++ economie eau energie,45
Disque externe 2To,Disque dur externe SanDisk 2To USB 3.0 portable sauvegarde automatique,123.74,stockage,myStore,0,Disque externe 2To Disque dur externe SanDisk 2To USB 3.0 portable sauvegarde automatique,17
Samsung Pad 5 3Go/64Go,Tablette Samsung 3Go RAM 64Go ecran haute resolution WiFi Bluetooth multimedia travail,248.02,electronique,myStore,3,Samsung Pad 5 3Go/64Go Tablette Samsung 3Go RAM 64Go ecran haute resolution WiFi Bluetooth multimedia travail,26
Huawei Ecouteurs Bluetooth,Ecouteurs Huawei Bluetooth son haute fidelite 24h autonomie qualite sonore premium,141.63,electronique,myStore,0,Huawei Ecouteurs Bluetooth Ecouteurs Huawei Bluetooth son haute fidelite 24h autonomie qualite sonore premium,30
Crucial SSD 512Go NVMe M.2,Disque SSD Crucial 512Go NVMe M.2 3500Mo/s lecture rapide fiable stockage,88.82,informatique,myStore,0,Crucial SSD 512Go NVMe M.2 Disque SSD Crucial 512Go NVMe M.2 3500Mo/s lecture rapide fiable stockage,30
iPhone 13 256Go,Smartphone Apple puce A-series 256Go ecran Super Retina camera avancee Face ID iOS rapide,1218.1,telephone portable,myStore,0,iPhone 13 256Go Smartphone Apple puce A-series 256Go ecran Super Retina camera avancee Face ID iOS rapide,15
Microsoft Pavilion 13,Ordinateur portable i9 8Go RAM SSD 256Go ecran Full HD 13 pouces professionnel leger rapide,1236.65,informatique,myStore,8,Microsoft Pavilion 13 Ordinateur portable i9 8Go RAM SSD 256Go ecran Full HD 13 pouces professionnel leger rapide,29
Four micro-ondes 28L,Four micro-ondes LG 28L grill combine inox programmes automatiques rapide,136.93,electromenager,myStore,0,Four micro-ondes 28L Four micro-ondes LG 28L grill combine inox programmes automatiques rapide,35
Apple Casque Bluetooth,Casque Apple Bluetooth son haute fidelite 24h autonomie qualite sonore premium,249.86,electronique,myStore,0,Apple Casque Bluetooth Casque Apple Bluetooth son haute fidelite 24h autonomie qualite sonore premium,9
Microsoft Latitude 16,Ordinateur portable i3 8Go RAM SSD 128Go ecran Full HD 16 pouces multimedia leger rapide,596.06,informatique,myStore,8,Microsoft Latitude 16 Ordinateur portable i3 8Go RAM SSD 128Go ecran Full HD 16 pouces multimedia leger rapide,24
Microsoft Pavilion 17,Ordinateur portable i9 24Go RAM SSD 512Go ecran Full HD 17 pouces professionnel leger rapide,494.14,informatique,myStore,24,Microsoft Pavilion 17 Ordinateur portable i9 24Go RAM SSD 512Go ecran Full HD 17 pouces professionnel leger rapide,12
Refrigerateur No Frost 200L,Refrigerateur Midea No Frost 200L Total Cooling inverter A++ economie energie,317.07,electromenager,myStore,0,Refrigerateur No Frost 200L Refrigerateur Midea No Frost 200L Total Cooling inverter A++ economie energie,38
WD HDD 6To 5400RPM,Disque dur WD 6To 5400RPM SATA III stockage masse donnees multimedia,131.58,informatique,myStore,0,WD HDD 6To 5400RPM Disque dur WD 6To 5400RPM SATA III stockage masse donnees multimedia,32
Crucial SSD 1To SATA III,Disque SSD Crucial 1To SATA III 550Mo/s lecture rapide fiable stockage,51.44,informatique,myStore,0,Crucial SSD 1To SATA III Disque SSD Crucial 1To SATA III 550Mo/s lecture rapide fiable stockage,47
Galaxy A14 4G 4Go/64Go,Smartphone Samsung AMOLED 4Go RAM 64Go camera 200MP batterie 4500mAh 4G charge rapide Android,655.13,telephone portable,myStore,4,Galaxy A14 4G 4Go/64Go Smartphone Samsung AMOLED 4Go RAM 64Go camera 200MP batterie 4500mAh 4G charge rapide Android,8
Mi 12 4Go/128Go,Smartphone Xiaomi MIUI 4Go RAM 128Go camera 64MP batterie 4500mAh charge rapide AMOLED,190.6,telephone portable,myStore,4,Mi 12 4Go/128Go Smartphone Xiaomi MIUI 4Go RAM 128Go camera 64MP batterie 4500mAh charge rapide AMOLED,4
Galaxy S22 5G 8Go/512Go,Smartphone Samsung AMOLED 8Go RAM 512Go camera 200MP batterie 4000mAh 5G charge rapide Android,569.59,telephone portable,myStore,8,Galaxy S22 5G 8Go/512Go Smartphone Samsung AMOLED 8Go RAM 512Go camera 200MP batterie 4000mAh 5G charge rapide Android,17
Intel Core i5-10400,Processeur Intel i5 6 coeurs 12 threads 4.3GHz gaming bureautique,105.04,informatique,myStore,0,Intel Core i5-10400 Processeur Intel i5 6 coeurs 12 threads 4.3GHz gaming bureautique,49
HP ProBook 16,Ordinateur portable Ryzen 7 32Go RAM SSD 256Go ecran Full HD 16 pouces multimedia leger rapide,769.64,informatique,myStore,32,HP ProBook 16 Ordinateur portable Ryzen 7 32Go RAM SSD 256Go ecran Full HD 16 pouces multimedia leger rapide,50
Nokia Reno 6 6Go/64Go,Smartphone Nokia 6Go RAM 64Go camera 200MP batterie 5500mAh AMOLED charge rapide Android,217.33,telephone portable,myStore,6,Nokia Reno 6 6Go/64Go Smartphone Nokia 6Go RAM 64Go camera 200MP batterie 5500mAh AMOLED charge rapide Android,26
Microsoft Pavilion 16 Gaming,Ordinateur portable gaming i5 8Go RAM SSD 128Go RX 6700 XT ecran 16 pouces 144Hz performance,2195.89,informatique,myStore,8,Microsoft Pavilion 16 Gaming Ordinateur portable gaming i5 8Go RAM SSD 128Go RX 6700 XT ecran 16 pouces 144Hz performance,21
HP Nitro 14,Ordinateur portable Ryzen 7 32Go RAM SSD 512Go ecran Full HD 14 pouces etudiant leger rapide,448.13,informatique,myStore,32,HP Nitro 14 Ordinateur portable Ryzen 7 32Go RAM SSD 512Go ecran Full HD 14 pouces etudiant leger rapide,50
Climatiseur 12000 BTU inverter,Climatiseur LG 12000 BTU inverter A++ WiFi Smart silencieux ecologique R-32,354.98,electromenager,myStore,0,Climatiseur 12000 BTU inverter Climatiseur LG 12000 BTU inverter A++ WiFi Smart silencieux ecologique R-32,32
WD SSD 256Go SATA III,Disque SSD WD 256Go SATA III 550Mo/s lecture rapide fiable stockage,183.97,informatique,myStore,0,WD SSD 256Go SATA III Disque SSD WD 256Go SATA III 550Mo/s lecture rapide fiable stockage,17
Switch 8 ports Gigabit,Switch reseau Netgear 8 ports Gigabit manageable PoE+ entreprise fiable,307.29,reseau,myStore,0,Switch 8 ports Gigabit Switch reseau Netgear 8 ports Gigabit manageable PoE+ entreprise fiable,0
Corsair RAM 32Go DDR5 4800MHz,Memoire RAM Corsair 32Go DDR5 4800MHz compatible Intel AMD gaming overclocking,73.43,informatique,myStore,0,Corsair RAM 32Go DDR5 4800MHz Memoire RAM Corsair 32Go DDR5 4800MHz compatible Intel AMD gaming overclocking,18
Sony Ecouteurs Bluetooth,Ecouteurs Sony Bluetooth reduction bruit active ANC 12h autonomie qualite sonore premium,342.84,electronique,myStore,0,Sony Ecouteurs Bluetooth Ecouteurs Sony Bluetooth reduction bruit active ANC 12h autonomie qualite sonore premium,46
Repeteur WiFi 1200Mbps,Repeteur WiFi D-Link 1200Mbps double bande port Gigabit facile installer,49.34,reseau,myStore,0,Repeteur WiFi 1200Mbps Repeteur WiFi D-Link 1200Mbps double bande port Gigabit facile installer,19
Acer Spectre 17,Ordinateur portable Ryzen 3 4Go RAM SSD 1To ecran Full HD 17 pouces multimedia leger rapide,1152.62,informatique,myStore,4,Acer Spectre 17 Ordinateur portable Ryzen 3 4Go RAM SSD 1To ecran Full HD 17 pouces multimedia leger rapide,37
Google Pixel 7 3Go/512Go,Smartphone Google 3Go RAM 512Go camera 50MP batterie 5000mAh AMOLED charge rapide Android,230.83,telephone portable,myStore,3,Google Pixel 7 3Go/512Go Smartphone Google 3Go RAM 512Go camera 50MP batterie 5000mAh AMOLED charge rapide Android,37
Friteuse sans huile 3L,Friteuse sans huile Whirlpool 3L technologie air chaud 80% moins matiere grasse,144.53,electromenager,myStore,0,Friteuse sans huile 3L Friteuse sans huile Whirlpool 3L technologie air chaud 80% moins matiere grasse,42
MicroSD 32Go,Carte microSD SanDisk 32Go Class10 A1 V10 rapide smartphone tablette drone,9.35,stockage,myStore,0,MicroSD 32Go Carte microSD SanDisk 32Go Class10 A1 V10 rapide smartphone tablette drone,31
Jabra Ecouteurs Bluetooth,Ecouteurs Jabra Bluetooth son haute fidelite 40h autonomie qualite sonore premium,342.96,electronique,myStore,0,Jabra Ecouteurs Bluetooth Ecouteurs Jabra Bluetooth son haute fidelite 40h autonomie qualite sonore premium,9
Routeur WiFi 6 1200Mbps,Routeur WiFi 6 Ubiquiti 1200Mbps double bande MU-MIMO 4 antennes rapide securise,316.95,reseau,myStore,0,Routeur WiFi 6 1200Mbps Routeur WiFi 6 Ubiquiti 1200Mbps double bande MU-MIMO 4 antennes rapide securise,28
Asus EliteBook 13,Ordinateur portable Ryzen 9 4Go RAM SSD 512Go ecran Full HD 13 pouces etudiant leger rapide,1028.43,informatique,myStore,4,Asus EliteBook 13 Ordinateur portable Ryzen 9 4Go RAM SSD 512Go ecran Full HD 13 pouces etudiant leger rapide,34
Philips Bravia OLED 65 pouces 4K,Television Philips Bravia OLED 65 pouces 4K UHD HDR Smart TV 120Hz WiFi HDMI streaming,1276.95,electronique,myStore,0,Philips Bravia OLED 65 pouces 4K Television Philips Bravia OLED 65 pouces 4K UHD HDR Smart TV 120Hz WiFi HDMI streaming,30
Acer Modern 13,Ordinateur portable Ryzen 7 16Go RAM SSD 512Go ecran Full HD 13 pouces multimedia leger rapide,1052.72,informatique,myStore,16,Acer Modern 13 Ordinateur portable Ryzen 7 16Go RAM SSD 512Go ecran Full HD 13 pouces multimedia leger rapide,22
Huawei VivoBook 16 Gaming,Ordinateur portable gaming i7 8Go RAM SSD 256Go RTX 3060 ecran 16 pouces 144Hz performance,796.34,informatique,myStore,8,Huawei VivoBook 16 Gaming Ordinateur portable gaming i7 8Go RAM SSD 256Go RTX 3060 ecran 16 pouces 144Hz performance,21
Hisense ULED 55 pouces 4K,Television Hisense ULED 55 pouces 4K UHD HDR Smart TV 144Hz WiFi HDMI streaming,1669.68,electronique,myStore,0,Hisense ULED 55 pouces 4K Television Hisense ULED 55 pouces 4K UHD HDR Smart TV 144Hz WiFi HDMI streaming,35
Sennheiser Ecouteurs Bluetooth,Ecouteurs Sennheiser Bluetooth son haute fidelite 30h autonomie qualite sonore premium,167.26,electronique,myStore,0,Sennheiser Ecouteurs Bluetooth Ecouteurs Sennheiser Bluetooth son haute fidelite 30h autonomie qualite sonore premium,48
Four micro-ondes 30L,Four micro-ondes Bosch 30L grill combine inox programmes automatiques rapide,156.03,electromenager,myStore,0,Four micro-ondes 30L Four micro-ondes Bosch 30L grill combine inox programmes automatiques rapide,34
Acer TUF Gaming 16,Ordinateur portable Ryzen 5 12Go RAM SSD 1To ecran Full HD 16 pouces multimedia leger rapide,526.65,informatique,myStore,12,Acer TUF Gaming 16 Ordinateur portable Ryzen 5 12Go RAM SSD 1To ecran Full HD 16 pouces multimedia leger rapide,24
AMD Ryzen 3 3300X,Processeur AMD Ryzen 3 4 coeurs 8 threads 4.3GHz rapport qualite prix,66.03,informatique,myStore,0,AMD Ryzen 3 3300X Processeur AMD Ryzen 3 4 coeurs 8 threads 4.3GHz rapport qualite prix,29
Apple iPad Pro 11 3Go/64Go,Tablette Apple 3Go RAM 64Go ecran haute resolution WiFi Bluetooth multimedia travail,1059.95,electronique,myStore,3,Apple iPad Pro 11 3Go/64Go Tablette Apple 3Go RAM 64Go ecran haute resolution WiFi Bluetooth multimedia travail,20
Galaxy M33 4G 4Go/64Go,Smartphone Samsung AMOLED 4Go RAM 64Go camera 200MP batterie 4000mAh 4G charge rapide Android,424.06,telephone portable,myStore,4,Galaxy M33 4G 4Go/64Go Smartphone Samsung AMOLED 4Go RAM 64Go camera 200MP batterie 4000mAh 4G charge rapide Android,12
SSD externe 500Go,Disque SSD externe Transcend 500Go USB 3.2 1000Mo/s compact robuste rapide,108.73,stockage,myStore,0,SSD externe 500Go Disque SSD externe Transcend 500Go USB 3.2 1000Mo/s compact robuste rapide,44
Lave-vaisselle 15 couverts,Lave-vaisselle Samsung 15 couverts SilencePlus A+++ economie eau energie,415.34,electromenager,myStore,0,Lave-vaisselle 15 couverts Lave-vaisselle Samsung 15 couverts SilencePlus A+++ economie eau energie,15
TCL OLED 50 pouces 4K,Television TCL OLED 50 pouces 4K UHD HDR Smart TV 60Hz WiFi HDMI streaming,444.51,electronique,myStore,0,TCL OLED 50 pouces 4K Television TCL OLED 50 pouces 4K UHD HDR Smart TV 60Hz WiFi HDMI streaming,36
Realme 9 Pro 5G 3Go/64Go,Smartphone Realme 3Go RAM 64Go camera 64MP batterie 4000mAh AMOLED charge rapide Android,236.83,telephone portable,myStore,3,Realme 9 Pro 5G 3Go/64Go Smartphone Realme 3Go RAM 64Go camera 64MP batterie 4000mAh AMOLED charge rapide Android,24
Disque externe 5To,Disque dur externe Kingston 5To USB 3.0 portable sauvegarde automatique,168.29,stockage,myStore,0,Disque externe 5To Disque dur externe Kingston 5To USB 3.0 portable sauvegarde automatique,14
Microsoft Yoga 17 Gaming,Ordinateur portable gaming i7 8Go RAM SSD 1To RTX 3080 ecran 17 pouces 144Hz performance,808.11,informatique,myStore,8,Microsoft Yoga 17 Gaming Ordinateur portable gaming i7 8Go RAM SSD 1To RTX 3080 ecran 17 pouces 144Hz performance,49
Apple iPad 9 4Go/256Go,Tablette Apple 4Go RAM 256Go ecran haute resolution WiFi Bluetooth multimedia travail,241.18,electronique,myStore,4,Apple iPad 9 4Go/256Go Tablette Apple 4Go RAM 256Go ecran haute resolution WiFi Bluetooth multimedia travail,26
Poco F4 6Go/256Go,Smartphone Xiaomi MIUI 6Go RAM 256Go camera 48MP batterie 5500mAh charge rapide AMOLED,338.23,telephone portable,myStore,6,Poco F4 6Go/256Go Smartphone Xiaomi MIUI 6Go RAM 256Go camera 48MP batterie 5500mAh charge rapide AMOLED,2
Sony NanoCell 40 pouces 4K,Television Sony NanoCell 40 pouces 4K UHD HDR Smart TV 100Hz WiFi HDMI streaming,858.71,electronique,myStore,0,Sony NanoCell 40 pouces 4K Television Sony NanoCell 40 pouces 4K UHD HDR Smart TV 100Hz WiFi HDMI streaming,20
Xiaomi Pad 5 8Go/128Go,Tablette Xiaomi 8Go RAM 128Go ecran haute resolution WiFi Bluetooth multimedia travail,902.85,electronique,myStore,8,Xiaomi Pad 5 8Go/128Go Tablette Xiaomi 8Go RAM 128Go ecran haute resolution WiFi Bluetooth multimedia travail,47
Corsair RAM 16Go DDR4 3600MHz,Memoire RAM Corsair 16Go DDR4 3600MHz compatible Intel AMD gaming overclocking,201.73,informatique,myStore,0,Corsair RAM 16Go DDR4 3600MHz Memoire RAM Corsair 16Go DDR4 3600MHz compatible Intel AMD gaming overclocking,30
Vivo Pixel 7 3Go/256Go,Smartphone Vivo 3Go RAM 256Go camera 50MP batterie 3000mAh AMOLED charge rapide Android,648.16,telephone portable,myStore,3,Vivo Pixel 7 3Go/256Go Smartphone Vivo 3Go RAM 256Go camera 50MP batterie 3000mAh AMOLED charge rapide Android,45
Galaxy A14 4G 12Go/256Go,Smartphone Samsung AMOLED 12Go RAM 256Go camera 108MP batterie 5000mAh 4G charge rapide Android,901.75,telephone portable,myStore,12,Galaxy A14 4G 12Go/256Go Smartphone Samsung AMOLED 12Go RAM 256Go camera 108MP batterie 5000mAh 4G charge rapide Android,24
LG EliteBook 13 Gaming,Ordinateur portable gaming i7 8Go RAM SSD 512Go GTX 1660Ti ecran 13 pouces 144Hz performance,1537.11,informatique,myStore,8,LG EliteBook 13 Gaming Ordinateur portable gaming i7 8Go RAM SSD 512Go GTX 1660Ti ecran 13 pouces 144Hz performance,24
iPhone 12 Pro 64Go,Smartphone Apple puce A-series 64Go ecran Super Retina camera avancee Face ID iOS rapide,1001.14,telephone portable,myStore,0,iPhone 12 Pro 64Go Smartphone Apple puce A-series 64Go ecran Super Retina camera avancee Face ID iOS rapide,42
Four micro-ondes 25L,Four micro-ondes Bosch 25L grill combine inox programmes automatiques rapide,195.81,electromenager,myStore,0,Four micro-ondes 25L Four micro-ondes Bosch 25L grill combine inox programmes automatiques rapide,50
HP Yoga 15 Gaming,Ordinateur portable gaming Ryzen 5 12Go RAM SSD 256Go RTX 3070 ecran 15 pouces 144Hz performance,1293.68,informatique,myStore,12,HP Yoga 15 Gaming Ordinateur portable gaming Ryzen 5 12Go RAM SSD 256Go RTX 3070 ecran 15 pouces 144Hz performance,41
Galaxy S21 5G 3Go/64Go,Smartphone Samsung AMOLED 3Go RAM 64Go camera 64MP batterie 4500mAh 5G charge rapide Android,929.82,telephone portable,myStore,3,Galaxy S21 5G 3Go/64Go Smartphone Samsung AMOLED 3Go RAM 64Go camera 64MP batterie 4500mAh 5G charge rapide Android,9
Lave-linge 8kg,Lave-linge Ariston 8kg moteur inverter 1400tr/min vapeur A+++ silencieux,562.4,electromenager,myStore,0,Lave-linge 8kg Lave-linge Ariston 8kg moteur inverter 1400tr/min vapeur A+++ silencieux,31
Lave-vaisselle 9 couverts,Lave-vaisselle LG 9 couverts SilencePlus A+++ economie eau energie,690.78,electromenager,myStore,0,Lave-vaisselle 9 couverts Lave-vaisselle LG 9 couverts SilencePlus A+++ economie eau energie,2
Intel Core i9-12900K,Processeur Intel i9 16 coeurs 24 threads 5.2GHz premium workstation,387.69,informatique,myStore,0,Intel Core i9-12900K Processeur Intel i9 16 coeurs 24 threads 5.2GHz premium workstation,8
Poco X3 12Go/32Go,Smartphone Xiaomi MIUI 12Go RAM 32Go camera 12MP batterie 5000mAh charge rapide AMOLED,545.39,telephone portable,myStore,12,Poco X3 12Go/32Go Smartphone Xiaomi MIUI 12Go RAM 32Go camera 12MP batterie 5000mAh charge rapide AMOLED,32
Philips Bravia OLED 40 pouces 4K,Television Philips Bravia OLED 40 pouces 4K UHD HDR Smart TV 120Hz WiFi HDMI streaming,1663.55,electronique,myStore,0,Philips Bravia OLED 40 pouces 4K Television Philips Bravia OLED 40 pouces 4K UHD HDR Smart TV 120Hz WiFi HDMI streaming,37
Hisense QLED 75 pouces 4K,Television Hisense QLED 75 pouces 4K UHD HDR Smart TV 60Hz WiFi HDMI streaming,888.66,electronique,myStore,0,Hisense QLED 75 pouces 4K Television Hisense QLED 75 pouces 4K UHD HDR Smart TV 60Hz WiFi HDMI streaming,21
Huawei iPad Pro 11 3Go/32Go,Tablette Huawei 3Go RAM 32Go ecran haute resolution WiFi Bluetooth multimedia travail,303.4,electronique,myStore,3,Huawei iPad Pro 11 3Go/32Go Tablette Huawei 3Go RAM 32Go ecran haute resolution WiFi Bluetooth multimedia travail,6
Realme Reno 6 6Go/64Go,Smartphone Realme 6Go RAM 64Go camera 108MP batterie 6000mAh AMOLED charge rapide Android,407.72,telephone portable,myStore,6,Realme Reno 6 6Go/64Go Smartphone Realme 6Go RAM 64Go camera 108MP batterie 6000mAh AMOLED charge rapide Android,28
Climatiseur 24000 BTU inverter,Climatiseur Bosch 24000 BTU inverter A++ WiFi Smart silencieux ecologique R-32,312.6,electromenager,myStore,0,Climatiseur 24000 BTU inverter Climatiseur Bosch 24000 BTU inverter A++ WiFi Smart silencieux ecologique R-32,6
SSD externe 250Go,Disque SSD externe WD 250Go USB 3.2 1000Mo/s compact robuste rapide,175.85,stockage,myStore,0,SSD externe 250Go Disque SSD externe WD 250Go USB 3.2 1000Mo/s compact robuste rapide,33
Galaxy A73 5G 4Go/32Go,Smartphone Samsung AMOLED 4Go RAM 32Go camera 12MP batterie 5000mAh 5G charge rapide Android,293.56,telephone portable,myStore,4,Galaxy A73 5G 4Go/32Go Smartphone Samsung AMOLED 4Go RAM 32Go camera 12MP batterie 5000mAh 5G charge rapide Android,29
Apple Ecouteurs Bluetooth,Ecouteurs Apple Bluetooth son haute fidelite 20h autonomie qualite sonore premium,84.79,electronique,myStore,0,Apple Ecouteurs Bluetooth Ecouteurs Apple Bluetooth son haute fidelite 20h autonomie qualite sonore premium,0
Asus Nitro 15,Ordinateur portable i3 12Go RAM SSD 128Go ecran Full HD 15 pouces multimedia leger rapide,1038.77,informatique,myStore,12,Asus Nitro 15 Ordinateur portable i3 12Go RAM SSD 128Go ecran Full HD 15 pouces multimedia leger rapide,46
Apple Galaxy Tab A8 8Go/32Go,Tablette Apple 8Go RAM 32Go ecran haute resolution WiFi Bluetooth multimedia travail,189.4,electronique,myStore,8,Apple Galaxy Tab A8 8Go/32Go Tablette Apple 8Go RAM 32Go ecran haute resolution WiFi Bluetooth multimedia travail,9
Huawei Pavilion 15,Ordinateur portable Ryzen 5 16Go RAM SSD 128Go ecran Full HD 15 pouces etudiant leger rapide,679.61,informatique,myStore,16,Huawei Pavilion 15 Ordinateur portable Ryzen 5 16Go RAM SSD 128Go ecran Full HD 15 pouces etudiant leger rapide,26
Huawei Yoga 16 Gaming,Ordinateur portable gaming Ryzen 7 24Go RAM SSD 256Go RTX 3070 ecran 16 pouces 144Hz performance,1005.01,informatique,myStore,24,Huawei Yoga 16 Gaming Ordinateur portable gaming Ryzen 7 24Go RAM SSD 256Go RTX 3070 ecran 16 pouces 144Hz performance,41
Xiaomi 11T 4Go/256Go,Smartphone Xiaomi MIUI 4Go RAM 256Go camera 12MP batterie 6000mAh charge rapide AMOLED,540.47,telephone portable,myStore,4,Xiaomi 11T 4Go/256Go Smartphone Xiaomi MIUI 4Go RAM 256Go camera 12MP batterie 6000mAh charge rapide AMOLED,9
Sony 10 Pro 12Go/128Go,Smartphone Sony 12Go RAM 128Go camera 108MP batterie 5000mAh AMOLED charge rapide Android,275.18,telephone portable,myStore,12,Sony 10 Pro 12Go/128Go Smartphone Sony 12Go RAM 128Go camera 108MP batterie 5000mAh AMOLED charge rapide Android,4
Acer Nitro 16,Ordinateur portable i5 8Go RAM SSD 128Go ecran Full HD 16 pouces professionnel leger rapide,826.08,informatique,myStore,8,Acer Nitro 16 Ordinateur portable i5 8Go RAM SSD 128Go ecran Full HD 16 pouces professionnel leger rapide,30
Acer Nitro 15,Ordinateur portable Ryzen 5 4Go RAM SSD 512Go ecran Full HD 15 pouces bureautique leger rapide,1189.31,informatique,myStore,4,Acer Nitro 15 Ordinateur portable Ryzen 5 4Go RAM SSD 512Go ecran Full HD 15 pouces bureautique leger rapide,50
Galaxy M23 4G 3Go/128Go,Smartphone Samsung AMOLED 3Go RAM 128Go camera 64MP batterie 3000mAh 4G charge rapide Android,958.93,telephone portable,myStore,3,Galaxy M23 4G 3Go/128Go Smartphone Samsung AMOLED 3Go RAM 128Go camera 64MP batterie 3000mAh 4G charge rapide Android,16
iPhone 12 256Go,Smartphone Apple puce A-series 256Go ecran Super Retina camera avancee Face ID iOS rapide,1574.7,telephone portable,myStore,0,iPhone 12 256Go Smartphone Apple puce A-series 256Go ecran Super Retina camera avancee Face ID iOS rapide,21
Asus TUF Gaming 13,Ordinateur portable i3 8Go RAM SSD 512Go ecran Full HD 13 pouces multimedia leger rapide,454.7,informatique,myStore,8,Asus TUF Gaming 13 Ordinateur portable i3 8Go RAM SSD 512Go ecran Full HD 13 pouces multimedia leger rapide,39
Huawei MatePad 11 6Go/64Go,Tablette Huawei 6Go RAM 64Go ecran haute resolution WiFi Bluetooth multimedia travail,114.7,electronique,myStore,6,Huawei MatePad 11 6Go/64Go Tablette Huawei 6Go RAM 64Go ecran haute resolution WiFi Bluetooth multimedia travail,44
Mi 12 8Go/64Go,Smartphone Xiaomi MIUI 8Go RAM 64Go camera 12MP batterie 3000mAh charge rapide AMOLED,272.0,telephone portable,myStore,8,Mi 12 8Go/64Go Smartphone Xiaomi MIUI 8Go RAM 64Go camera 12MP batterie 3000mAh charge rapide AMOLED,25
Poco F4 6Go/64Go,Smartphone Xiaomi MIUI 6Go RAM 64Go camera 12MP batterie 3000mAh charge rapide AMOLED,882.16,telephone portable,myStore,6,Poco F4 6Go/64Go Smartphone Xiaomi MIUI 6Go RAM 64Go camera 12MP batterie 3000mAh charge rapide AMOLED,41
iPhone 14 128Go,Smartphone Apple puce A-series 128Go ecran Super Retina camera avancee Face ID iOS rapide,1587.33,telephone portable,myStore,0,iPhone 14 128Go Smartphone Apple puce A-series 128Go ecran Super Retina camera avancee Face ID iOS rapide,5
Corsair RAM 4Go DDR4 3200MHz,Memoire RAM Corsair 4Go DDR4 3200MHz compatible Intel AMD gaming overclocking,324.98,informatique,myStore,0,Corsair RAM 4Go DDR4 3200MHz Memoire RAM Corsair 4Go DDR4 3200MHz compatible Intel AMD gaming overclocking,21
Galaxy S23 4G 8Go/64Go,Smartphone Samsung AMOLED 8Go RAM 64Go camera 12MP batterie 4000mAh 4G charge rapide Android,1229.17,telephone portable,myStore,8,Galaxy S23 4G 8Go/64Go Smartphone Samsung AMOLED 8Go RAM 64Go camera 12MP batterie 4000mAh 4G charge rapide Android,43
iPhone 13 Pro 128Go,Smartphone Apple puce A-series 128Go ecran Super Retina camera avancee Face ID iOS rapide,1012.5,telephone portable,myStore,0,iPhone 13 Pro 128Go Smartphone Apple puce A-series 128Go ecran Super Retina camera avancee Face ID iOS rapide,34
iPhone 14 64Go,Smartphone Apple puce A-series 64Go ecran Super Retina camera avancee Face ID iOS rapide,1625.98,telephone portable,myStore,0,iPhone 14 64Go Smartphone Apple puce A-series 64Go ecran Super Retina camera avancee Face ID iOS rapide,24
iPhone 14 64Go,Smartphone Apple puce A-series 64Go ecran Super Retina camera avancee Face ID iOS rapide,1754.45,telephone portable,myStore,0,iPhone 14 64Go Smartphone Apple puce A-series 64Go ecran Super Retina camera avancee Face ID iOS rapide,20
Motorola Edge 30 4Go/32Go,Smartphone Motorola 4Go RAM 32Go camera 64MP batterie 6000mAh AMOLED charge rapide Android,490.26,telephone portable,myStore,4,Motorola Edge 30 4Go/32Go Smartphone Motorola 4Go RAM 32Go camera 64MP batterie 6000mAh AMOLED charge rapide Android,40
Lenovo Galaxy Tab A7 3Go/64Go,Tablette Lenovo 3Go RAM 64Go ecran haute resolution WiFi Bluetooth multimedia travail,1072.74,electronique,myStore,3,Lenovo Galaxy Tab A7 3Go/64Go Tablette Lenovo 3Go RAM 64Go ecran haute resolution WiFi Bluetooth multimedia travail,45
iPhone 14 128Go,Smartphone Apple puce A-series 128Go ecran Super Retina camera avancee Face ID iOS rapide,2031.18,telephone portable,myStore,0,iPhone 14 128Go Smartphone Apple puce A-series 128Go ecran Super Retina camera avancee Face ID iOS rapide,48
Samsung Bravia OLED 55 pouces 4K,Television Samsung Bravia OLED 55 pouces 4K UHD HDR Smart TV 120Hz WiFi HDMI streaming,2407.33,electronique,myStore,0,Samsung Bravia OLED 55 pouces 4K Television Samsung Bravia OLED 55 pouces 4K UHD HDR Smart TV 120Hz WiFi HDMI streaming,31
Sony Bravia OLED 32 pouces 4K,Television Sony Bravia OLED 32 pouces 4K UHD HDR Smart TV 120Hz WiFi HDMI streaming,1181.56,electronique,myStore,0,Sony Bravia OLED 32 pouces 4K Television Sony Bravia OLED 32 pouces 4K UHD HDR Smart TV 120Hz WiFi HDMI streaming,34
Friteuse sans huile 6L,Friteuse sans huile LG 6L technologie air chaud 80% moins matiere grasse,117.04,electromenager,myStore,0,Friteuse sans huile 6L Friteuse sans huile LG 6L technologie air chaud 80% moins matiere grasse,2
Panasonic ULED 32 pouces 4K,Television Panasonic ULED 32 pouces 4K UHD HDR Smart TV 120Hz WiFi HDMI streaming,2561.45,electronique,myStore,0,Panasonic ULED 32 pouces 4K Television Panasonic ULED 32 pouces 4K UHD HDR Smart TV 120Hz WiFi HDMI streaming,39
Realme Tab P11 3Go/256Go,Tablette Realme 3Go RAM 256Go ecran haute resolution WiFi Bluetooth multimedia travail,236.76,electronique,myStore,3,Realme Tab P11 3Go/256Go Tablette Realme 3Go RAM 256Go ecran haute resolution WiFi Bluetooth multimedia travail,4
Repeteur WiFi 750Mbps,Repeteur WiFi TP-Link 750Mbps double bande port Gigabit facile installer,58.64,reseau,myStore,0,Repeteur WiFi 750Mbps Repeteur WiFi TP-Link 750Mbps double bande port Gigabit facile installer,15
Climatiseur 24000 BTU inverter,Climatiseur Midea 24000 BTU inverter A++ WiFi Smart silencieux ecologique R-32,357.74,electromenager,myStore,0,Climatiseur 24000 BTU inverter Climatiseur Midea 24000 BTU inverter A++ WiFi Smart silencieux ecologique R-32,40
Panasonic QLED 32 pouces 4K,Television Panasonic QLED 32 pouces 4K UHD HDR Smart TV 100Hz WiFi HDMI streaming,1302.92,electronique,myStore,0,Panasonic QLED 32 pouces 4K Television Panasonic QLED 32 pouces 4K UHD HDR Smart TV 100Hz WiFi HDMI streaming,43
Seagate SSD 128Go NVMe M.2,Disque SSD Seagate 128Go NVMe M.2 3500Mo/s lecture rapide fiable stockage,210.61,informatique,myStore,0,Seagate SSD 128Go NVMe M.2 Disque SSD Seagate 128Go NVMe M.2 3500Mo/s lecture rapide fiable stockage,18
Refrigerateur No Frost 500L,Refrigerateur Samsung No Frost 500L Total Cooling inverter A++ economie energie,847.91,electromenager,myStore,0,Refrigerateur No Frost 500L Refrigerateur Samsung No Frost 500L Total Cooling inverter A++ economie energie,14
Microsoft TUF Gaming 15 Gaming,Ordinateur portable gaming Ryzen 9 4Go RAM SSD 128Go RX 6600 ecran 15 pouces 144Hz performance,1737.68,informatique,myStore,4,Microsoft TUF Gaming 15 Gaming Ordinateur portable gaming Ryzen 9 4Go RAM SSD 128Go RX 6600 ecran 15 pouces 144Hz performance,47
Samsung Pad 5 8Go/32Go,Tablette Samsung 8Go RAM 32Go ecran haute resolution WiFi Bluetooth multimedia travail,260.34,electronique,myStore,8,Samsung Pad 5 8Go/32Go Tablette Samsung 8Go RAM 32Go ecran haute resolution WiFi Bluetooth multimedia travail,5
Four micro-ondes 28L,Four micro-ondes Beko 28L grill combine inox programmes automatiques rapide,113.0,electromenager,myStore,0,Four micro-ondes 28L Four micro-ondes Beko 28L grill combine inox programmes automatiques rapide,27
Huawei IdeaPad 15,Ordinateur portable i5 32Go RAM SSD 512Go ecran Full HD 15 pouces bureautique leger rapide,658.18,informatique,myStore,32,Huawei IdeaPad 15 Ordinateur portable i5 32Go RAM SSD 512Go ecran Full HD 15 pouces bureautique leger rapide,6
Toshiba HDD 4To 7200RPM,Disque dur Toshiba 4To 7200RPM SATA III stockage masse donnees multimedia,111.68,informatique,myStore,0,Toshiba HDD 4To 7200RPM Disque dur Toshiba 4To 7200RPM SATA III stockage masse donnees multimedia,48
Microsoft ZenBook 17 Gaming,Ordinateur portable gaming i3 16Go RAM SSD 512Go GTX 1660Ti ecran 17 pouces 144Hz performance,1362.59,informatique,myStore,16,Microsoft ZenBook 17 Gaming Ordinateur portable gaming i3 16Go RAM SSD 512Go GTX 1660Ti ecran 17 pouces 144Hz performance,40
Huawei Inspiron 17 Gaming,Ordinateur portable gaming i7 32Go RAM SSD 1To RTX 3070 ecran 17 pouces 144Hz performance,1491.51,informatique,myStore,32,Huawei Inspiron 17 Gaming Ordinateur portable gaming i7 32Go RAM SSD 1To RTX 3070 ecran 17 pouces 144Hz performance,45
Samsung Envy 14,Ordinateur portable Ryzen 9 16Go RAM SSD 512Go ecran Full HD 14 pouces multimedia leger rapide,1076.67,informatique,myStore,16,Samsung Envy 14 Ordinateur portable Ryzen 9 16Go RAM SSD 512Go ecran Full HD 14 pouces multimedia leger rapide,6
Samsung NanoCell 75 pouces 4K,Television Samsung NanoCell 75 pouces 4K UHD HDR Smart TV 100Hz WiFi HDMI streaming,1561.78,electronique,myStore,0,Samsung NanoCell 75 pouces 4K Television Samsung NanoCell 75 pouces 4K UHD HDR Smart TV 100Hz WiFi HDMI streaming,28
MicroSD 32Go,Carte microSD Seagate 32Go Class10 A1 V10 rapide smartphone tablette drone,52.78,stockage,myStore,0,MicroSD 32Go Carte microSD Seagate 32Go Class10 A1 V10 rapide smartphone tablette drone,10
G.Skill RAM 8Go DDR4 5600MHz,Memoire RAM G.Skill 8Go DDR4 5600MHz compatible Intel AMD gaming overclocking,116.12,informatique,myStore,0,G.Skill RAM 8Go DDR4 5600MHz Memoire RAM G.Skill 8Go DDR4 5600MHz compatible Intel AMD gaming overclocking,44
Realme iPad Air 5 6Go/256Go,Tablette Realme 6Go RAM 256Go ecran haute resolution WiFi Bluetooth multimedia travail,528.76,electronique,myStore,6,Realme iPad Air 5 6Go/256Go Tablette Realme 6Go RAM 256Go ecran haute resolution WiFi Bluetooth multimedia travail,19
Asus IdeaPad 14,Ordinateur portable i5 16Go RAM SSD 256Go ecran Full HD 14 pouces etudiant leger rapide,837.78,informatique,myStore,16,Asus IdeaPad 14 Ordinateur portable i5 16Go RAM SSD 256Go ecran Full HD 14 pouces etudiant leger rapide,1
iPhone 13 Pro 64Go,Smartphone Apple puce A-series 64Go ecran Super Retina camera avancee Face ID iOS rapide,1958.14,telephone portable,myStore,0,iPhone 13 Pro 64Go Smartphone Apple puce A-series 64Go ecran Super Retina camera avancee Face ID iOS rapide,2
Microsoft EliteBook 13,Ordinateur portable Ryzen 5 32Go RAM SSD 256Go ecran Full HD 13 pouces professionnel leger rapide,693.06,informatique,myStore,32,Microsoft EliteBook 13 Ordinateur portable Ryzen 5 32Go RAM SSD 256Go ecran Full HD 13 pouces professionnel leger rapide,20
Galaxy S22 4G 3Go/256Go,Smartphone Samsung AMOLED 3Go RAM 256Go camera 108MP batterie 6000mAh 4G charge rapide Android,303.8,telephone portable,myStore,3,Galaxy S22 4G 3Go/256Go Smartphone Samsung AMOLED 3Go RAM 256Go camera 108MP batterie 6000mAh 4G charge rapide Android,50
Asus Yoga 15,Ordinateur portable Ryzen 9 16Go RAM SSD 256Go ecran Full HD 15 pouces professionnel leger rapide,649.69,informatique,myStore,16,Asus Yoga 15 Ordinateur portable Ryzen 9 16Go RAM SSD 256Go ecran Full HD 15 pouces professionnel leger rapide,3
MicroSD 64Go,Carte microSD Transcend 64Go Class10 A1 V10 rapide smartphone tablette drone,16.36,stockage,myStore,0,MicroSD 64Go Carte microSD Transcend 64Go Class10 A1 V10 rapide smartphone tablette drone,18
LG EliteBook 15,Ordinateur portable Ryzen 5 24Go RAM SSD 128Go ecran Full HD 15 pouces multimedia leger rapide,824.51,informatique,myStore,24,LG EliteBook 15 Ordinateur portable Ryzen 5 24Go RAM SSD 128Go ecran Full HD 15 pouces multimedia leger rapide,22
Galaxy A73 4G 3Go/128Go,Smartphone Samsung AMOLED 3Go RAM 128Go camera 12MP batterie 5000mAh 4G charge rapide Android,304.09,telephone portable,myStore,3,Galaxy A73 4G 3Go/128Go Smartphone Samsung AMOLED 3Go RAM 128Go camera 12MP batterie 5000mAh 4G charge rapide Android,23
Carte SD 32Go,Carte memoire Toshiba 32Go UHS-I U3 V30 4K 160Mo/s appareil photo drone,73.75,stockage,myStore,0,Carte SD 32Go Carte memoire Toshiba 32Go UHS-I U3 V30 4K 160Mo/s appareil photo drone,27
AMD Ryzen 3 3300X,Processeur AMD Ryzen 3 4 coeurs 8 threads 4.3GHz rapport qualite prix,52.57,informatique,myStore,0,AMD Ryzen 3 3300X Processeur AMD Ryzen 3 4 coeurs 8 threads 4.3GHz rapport qualite prix,9
Four micro-ondes 23L,Four micro-ondes Daikin 23L grill combine inox programmes automatiques rapide,187.08,electromenager,myStore,0,Four micro-ondes 23L Four micro-ondes Daikin 23L grill combine inox programmes automatiques rapide,15
Lave-vaisselle 15 couverts,Lave-vaisselle Bosch 15 couverts SilencePlus A+++ economie eau energie,378.34,electromenager,myStore,0,Lave-vaisselle 15 couverts Lave-vaisselle Bosch 15 couverts SilencePlus A+++ economie eau energie,33
Huawei Tab M10 8Go/128Go,Tablette Huawei 8Go RAM 128Go ecran haute resolution WiFi Bluetooth multimedia travail,123.46,electronique,myStore,8,Huawei Tab M10 8Go/128Go Tablette Huawei 8Go RAM 128Go ecran haute resolution WiFi Bluetooth multimedia travail,26
Huawei Galaxy Tab S7 8Go/32Go,Tablette Huawei 8Go RAM 32Go ecran haute resolution WiFi Bluetooth multimedia travail,1066.44,electronique,myStore,8,Huawei Galaxy Tab S7 8Go/32Go Tablette Huawei 8Go RAM 32Go ecran haute resolution WiFi Bluetooth multimedia travail,36
Nokia Reno 6 6Go/64Go,Smartphone Nokia 6Go RAM 64Go camera 50MP batterie 4000mAh AMOLED charge rapide Android,170.62,telephone portable,myStore,6,Nokia Reno 6 6Go/64Go Smartphone Nokia 6Go RAM 64Go camera 50MP batterie 4000mAh AMOLED charge rapide Android,43
Cle USB 256Go,Cle USB SanDisk 256Go USB 3.0 lecture rapide compact metal design portable,15.78,stockage,myStore,0,Cle USB 256Go Cle USB SanDisk 256Go USB 3.0 lecture rapide compact metal design portable,50
Seagate HDD 2To 5400RPM,Disque dur Seagate 2To 5400RPM SATA III stockage masse donnees multimedia,153.55,informatique,myStore,0,Seagate HDD 2To 5400RPM Disque dur Seagate 2To 5400RPM SATA III stockage masse donnees multimedia,11
Intel Core i5-10400,Processeur Intel i5 6 coeurs 12 threads 4.3GHz gaming bureautique,120.95,informatique,myStore,0,Intel Core i5-10400 Processeur Intel i5 6 coeurs 12 threads 4.3GHz gaming bureautique,10
Intel Core i9-12900K,Processeur Intel i9 16 coeurs 24 threads 5.2GHz premium workstation,399.24,informatique,myStore,0,Intel Core i9-12900K Processeur Intel i9 16 coeurs 24 threads 5.2GHz premium workstation,11
MSI TUF Gaming 14,Ordinateur portable i3 24Go RAM SSD 128Go ecran Full HD 14 pouces professionnel leger rapide,1397.3,informatique,myStore,24,MSI TUF Gaming 14 Ordinateur portable i3 24Go RAM SSD 128Go ecran Full HD 14 pouces professionnel leger rapide,5
WD SSD 500Go SATA III,Disque SSD WD 500Go SATA III 550Mo/s lecture rapide fiable stockage,83.55,informatique,myStore,0,WD SSD 500Go SATA III Disque SSD WD 500Go SATA III 550Mo/s lecture rapide fiable stockage,39
Intel Core i5-12400,Processeur Intel i5 12eme generation 6 coeurs 4.4GHz performance,143.05,informatique,myStore,0,Intel Core i5-12400 Processeur Intel i5 12eme generation 6 coeurs 4.4GHz performance,24
WD SSD 512Go NVMe M.2,Disque SSD WD 512Go NVMe M.2 3500Mo/s lecture rapide fiable stockage,120.3,informatique,myStore,0,WD SSD 512Go NVMe M.2 Disque SSD WD 512Go NVMe M.2 3500Mo/s lecture rapide fiable stockage,39
Anker Ecouteurs Bluetooth,Ecouteurs Anker Bluetooth reduction bruit active ANC 50h autonomie qualite sonore premium,293.87,electronique,myStore,0,Anker Ecouteurs Bluetooth Ecouteurs Anker Bluetooth reduction bruit active ANC 50h autonomie qualite sonore premium,43
Google Reno 6 6Go/64Go,Smartphone Google 6Go RAM 64Go camera 108MP batterie 6000mAh AMOLED charge rapide Android,351.28,telephone portable,myStore,6,Google Reno 6 6Go/64Go Smartphone Google 6Go RAM 64Go camera 108MP batterie 6000mAh AMOLED charge rapide Android,15
LG Latitude 13,Ordinateur portable Ryzen 5 24Go RAM SSD 128Go ecran Full HD 13 pouces bureautique leger rapide,397.73,informatique,myStore,24,LG Latitude 13 Ordinateur portable Ryzen 5 24Go RAM SSD 128Go ecran Full HD 13 pouces bureautique leger rapide,31
Hisense NanoCell 40 pouces 4K,Television Hisense NanoCell 40 pouces 4K UHD HDR Smart TV 144Hz WiFi HDMI streaming,606.34,electronique,myStore,0,Hisense NanoCell 40 pouces 4K Television Hisense NanoCell 40 pouces 4K UHD HDR Smart TV 144Hz WiFi HDMI streaming,37
AMD Ryzen 3 3300X,Processeur AMD Ryzen 3 4 coeurs 8 threads 4.3GHz rapport qualite prix,59.97,informatique,myStore,0,AMD Ryzen 3 3300X Processeur AMD Ryzen 3 4 coeurs 8 threads 4.3GHz rapport qualite prix,9
Hisense OLED 65 pouces 4K,Television Hisense OLED 65 pouces 4K UHD HDR Smart TV 144Hz WiFi HDMI streaming,2187.29,electronique,myStore,0,Hisense OLED 65 pouces 4K Television Hisense OLED 65 pouces 4K UHD HDR Smart TV 144Hz WiFi HDMI streaming,14
Crucial SSD 256Go SATA III,Disque SSD Crucial 256Go SATA III 550Mo/s lecture rapide fiable stockage,111.93,informatique,myStore,0,Crucial SSD 256Go SATA III Disque SSD Crucial 256Go SATA III 550Mo/s lecture rapide fiable stockage,29
Acer IdeaPad 17,Ordinateur portable i3 12Go RAM SSD 1To ecran Full HD 17 pouces multimedia leger rapide,908.53,informatique,myStore,12,Acer IdeaPad 17 Ordinateur portable i3 12Go RAM SSD 1To ecran Full HD 17 pouces multimedia leger rapide,40
Intel Core i9-12900K,Processeur Intel i9 16 coeurs 24 threads 5.2GHz premium workstation,372.46,informatique,myStore,0,Intel Core i9-12900K Processeur Intel i9 16 coeurs 24 threads 5.2GHz premium workstation,16
Point acces WiFi Pro,Point acces WiFi Cisco 802.11ax dual-band 1200Mbps PoE entreprise couverture,332.1,reseau,myStore,0,Point acces WiFi Pro Point acces WiFi Cisco 802.11ax dual-band 1200Mbps PoE entreprise couverture,29
Cle USB 64Go,Cle USB Kingston 64Go USB 3.0 lecture rapide compact metal design portable,55.43,stockage,myStore,0,Cle USB 64Go Cle USB Kingston 64Go USB 3.0 lecture rapide compact metal design portable,16
Intel Core i7-12700,Processeur Intel i7 12 coeurs 20 threads 4.9GHz overclocking puissant,178.69,informatique,myStore,0,Intel Core i7-12700 Processeur Intel i7 12 coeurs 20 threads 4.9GHz overclocking puissant,42
Google 10 Pro 12Go/512Go,Smartphone Google 12Go RAM 512Go camera 12MP batterie 4000mAh AMOLED charge rapide Android,654.58,telephone portable,myStore,12,Google 10 Pro 12Go/512Go Smartphone Google 12Go RAM 512Go camera 12MP batterie 4000mAh AMOLED charge rapide Android,0
Carte SD 128Go,Carte memoire Toshiba 128Go UHS-I U3 V30 4K 160Mo/s appareil photo drone,32.48,stockage,myStore,0,Carte SD 128Go Carte memoire Toshiba 128Go UHS-I U3 V30 4K 160Mo/s appareil photo drone,29
Climatiseur 24000 BTU inverter,Climatiseur LG 24000 BTU inverter A++ WiFi Smart silencieux ecologique R-32,694.06,electromenager,myStore,0,Climatiseur 24000 BTU inverter Climatiseur LG 24000 BTU inverter A++ WiFi Smart silencieux ecologique R-32,18
Xiaomi 12 12Go/256Go,Smartphone Xiaomi MIUI 12Go RAM 256Go camera 108MP batterie 6000mAh charge rapide AMOLED,643.6,telephone portable,myStore,12,Xiaomi 12 12Go/256Go Smartphone Xiaomi MIUI 12Go RAM 256Go camera 108MP batterie 6000mAh charge rapide AMOLED,43
Huawei Ecouteurs Bluetooth,Ecouteurs Huawei Bluetooth son haute fidelite 20h autonomie qualite sonore premium,128.13,electronique,myStore,0,Huawei Ecouteurs Bluetooth Ecouteurs Huawei Bluetooth son haute fidelite 20h autonomie qualite sonore premium,34
Poco X3 6Go/128Go,Smartphone Xiaomi MIUI 6Go RAM 128Go camera 64MP batterie 4500mAh charge rapide AMOLED,232.36,telephone portable,myStore,6,Poco X3 6Go/128Go Smartphone Xiaomi MIUI 6Go RAM 128Go camera 64MP batterie 4500mAh charge rapide AMOLED,10
SSD externe 1000Go,Disque SSD externe Kingston 1000Go USB 3.2 1000Mo/s compact robuste rapide,100.49,stockage,myStore,0,SSD externe 1000Go Disque SSD externe Kingston 1000Go USB 3.2 1000Mo/s compact robuste rapide,4
Huawei XPS 15,Ordinateur portable i9 32Go RAM SSD 256Go ecran Full HD 15 pouces multimedia leger rapide,351.64,informatique,myStore,32,Huawei XPS 15 Ordinateur portable i9 32Go RAM SSD 256Go ecran Full HD 15 pouces multimedia leger rapide,28
Lenovo Modern 14 Gaming,Ordinateur portable gaming Ryzen 7 12Go RAM SSD 512Go RTX 3080 ecran 14 pouces 144Hz performance,853.32,informatique,myStore,12,Lenovo Modern 14 Gaming Ordinateur portable gaming Ryzen 7 12Go RAM SSD 512Go RTX 3080 ecran 14 pouces 144Hz performance,22
Sony OLED 43 pouces 4K,Television Sony OLED 43 pouces 4K UHD HDR Smart TV 120Hz WiFi HDMI streaming,456.99,electronique,myStore,0,Sony OLED 43 pouces 4K Television Sony OLED 43 pouces 4K UHD HDR Smart TV 120Hz WiFi HDMI streaming,37
AMD Ryzen 3 3300X,Processeur AMD Ryzen 3 4 coeurs 8 threads 4.3GHz rapport qualite prix,71.35,informatique,myStore,0,AMD Ryzen 3 3300X Processeur AMD Ryzen 3 4 coeurs 8 threads 4.3GHz rapport qualite prix,19
Samsung Latitude 17,Ordinateur portable i5 16Go RAM SSD 1To ecran Full HD 17 pouces multimedia leger rapide,905.57,informatique,myStore,16,Samsung Latitude 17 Ordinateur portable i5 16Go RAM SSD 1To ecran Full HD 17 pouces multimedia leger rapide,40
Aspirateur robot WiFi,Aspirateur robot Bosch capteurs laser cartographie WiFi App programmable maison,537.42,electromenager,myStore,0,Aspirateur robot WiFi Aspirateur robot Bosch capteurs laser cartographie WiFi App programmable maison,27
MicroSD 256Go,Carte microSD SanDisk 256Go Class10 A1 V10 rapide smartphone tablette drone,39.18,stockage,myStore,0,MicroSD 256Go Carte microSD SanDisk 256Go Class10 A1 V10 rapide smartphone tablette drone,44
WD SSD 256Go NVMe M.2,Disque SSD WD 256Go NVMe M.2 3500Mo/s lecture rapide fiable stockage,148.92,informatique,myStore,0,WD SSD 256Go NVMe M.2 Disque SSD WD 256Go NVMe M.2 3500Mo/s lecture rapide fiable stockage,16
Galaxy A14 4G 4Go/512Go,Smartphone Samsung AMOLED 4Go RAM 512Go camera 64MP batterie 4500mAh 4G charge rapide Android,318.99,telephone portable,myStore,4,Galaxy A14 4G 4Go/512Go Smartphone Samsung AMOLED 4Go RAM 512Go camera 64MP batterie 4500mAh 4G charge rapide Android,29
Samsung Nitro 14,Ordinateur portable i7 8Go RAM SSD 512Go ecran Full HD 14 pouces multimedia leger rapide,948.28,informatique,myStore,8,Samsung Nitro 14 Ordinateur portable i7 8Go RAM SSD 512Go ecran Full HD 14 pouces multimedia leger rapide,19
iPhone 13 512Go,Smartphone Apple puce A-series 512Go ecran Super Retina camera avancee Face ID iOS rapide,1837.06,telephone portable,myStore,0,iPhone 13 512Go Smartphone Apple puce A-series 512Go ecran Super Retina camera avancee Face ID iOS rapide,12
JBL Casque Bluetooth,Casque JBL Bluetooth son haute fidelite 8h autonomie qualite sonore premium,52.07,electronique,myStore,0,JBL Casque Bluetooth Casque JBL Bluetooth son haute fidelite 8h autonomie qualite sonore premium,24
Four micro-ondes 20L,Four micro-ondes Bosch 20L grill combine inox programmes automatiques rapide,107.97,electromenager,myStore,0,Four micro-ondes 20L Four micro-ondes Bosch 20L grill combine inox programmes automatiques rapide,30
Acer Spectre 14,Ordinateur portable Ryzen 3 4Go RAM SSD 512Go ecran Full HD 14 pouces etudiant leger rapide,638.17,informatique,myStore,4,Acer Spectre 14 Ordinateur portable Ryzen 3 4Go RAM SSD 512Go ecran Full HD 14 pouces etudiant leger rapide,6
Asus Spectre 14,Ordinateur portable Ryzen 3 32Go RAM SSD 1To ecran Full HD 14 pouces etudiant leger rapide,1094.28,informatique,myStore,32,Asus Spectre 14 Ordinateur portable Ryzen 3 32Go RAM SSD 1To ecran Full HD 14 pouces etudiant leger rapide,15
Poco F4 8Go/128Go,Smartphone Xiaomi MIUI 8Go RAM 128Go camera 64MP batterie 4500mAh charge rapide AMOLED,735.71,telephone portable,myStore,8,Poco F4 8Go/128Go Smartphone Xiaomi MIUI 8Go RAM 128Go camera 64MP batterie 4500mAh charge rapide AMOLED,24
Cle USB 16Go,Cle USB Seagate 16Go USB 3.0 lecture rapide compact metal design portable,25.4,stockage,myStore,0,Cle USB 16Go Cle USB Seagate 16Go USB 3.0 lecture rapide compact metal design portable,36
Machine cafe capsules,Machine cafe Beko capsules pression 19 bars reservoir 1.5L rapide compacte,93.35,electromenager,myStore,0,Machine cafe capsules Machine cafe Beko capsules pression 19 bars reservoir 1.5L rapide compacte,22
Repeteur WiFi 750Mbps,Repeteur WiFi Ubiquiti 750Mbps double bande port Gigabit facile installer,109.04,reseau,myStore,0,Repeteur WiFi 750Mbps Repeteur WiFi Ubiquiti 750Mbps double bande port Gigabit facile installer,36
Climatiseur 18000 BTU inverter,Climatiseur LG 18000 BTU inverter A++ WiFi Smart silencieux ecologique R-32,934.01,electromenager,myStore,0,Climatiseur 18000 BTU inverter Climatiseur LG 18000 BTU inverter A++ WiFi Smart silencieux ecologique R-32,18
JBL Ecouteurs Bluetooth,Ecouteurs JBL Bluetooth son haute fidelite 8h autonomie qualite sonore premium,33.94,electronique,myStore,0,JBL Ecouteurs Bluetooth Ecouteurs JBL Bluetooth son haute fidelite 8h autonomie qualite sonore premium,44
NAS 2To WiFi,Disque NAS Seagate 2To WiFi acces distant sauvegarde bureau maison cloud,209.45,stockage,myStore,0,NAS 2To WiFi Disque NAS Seagate 2To WiFi acces distant sauvegarde bureau maison cloud,18
Galaxy A33 5G 4Go/64Go,Smartphone Samsung AMOLED 4Go RAM 64Go camera 50MP batterie 5000mAh 5G charge rapide Android,281.84,telephone portable,myStore,4,Galaxy A33 5G 4Go/64Go Smartphone Samsung AMOLED 4Go RAM 64Go camera 50MP batterie 5000mAh 5G charge rapide Android,1
Climatiseur 24000 BTU inverter,Climatiseur Bosch 24000 BTU inverter A++ WiFi Smart silencieux ecologique R-32,925.79,electromenager,myStore,0,Climatiseur 24000 BTU inverter Climatiseur Bosch 24000 BTU inverter A++ WiFi Smart silencieux ecologique R-32,42
Seagate HDD 6To 5400RPM,Disque dur Seagate 6To 5400RPM SATA III stockage masse donnees multimedia,65.52,informatique,myStore,0,Seagate HDD 6To 5400RPM Disque dur Seagate 6To 5400RPM SATA III stockage masse donnees multimedia,25
Vivo GT 2 Pro 6Go/32Go,Smartphone Vivo 6Go RAM 32Go camera 50MP batterie 4000mAh AMOLED charge rapide Android,705.46,telephone portable,myStore,6,Vivo GT 2 Pro 6Go/32Go Smartphone Vivo 6Go RAM 32Go camera 50MP batterie 4000mAh AMOLED charge rapide Android,17
AMD Ryzen 9 5950X,Processeur AMD Ryzen 9 16 coeurs 32 threads 4.9GHz createur contenu,508.89,informatique,myStore,0,AMD Ryzen 9 5950X Processeur AMD Ryzen 9 16 coeurs 32 threads 4.9GHz createur contenu,0
Vivo Reno 7 4Go/32Go,Smartphone Vivo 4Go RAM 32Go camera 48MP batterie 5000mAh AMOLED charge rapide Android,474.82,telephone portable,myStore,4,Vivo Reno 7 4Go/32Go Smartphone Vivo 4Go RAM 32Go camera 48MP batterie 5000mAh AMOLED charge rapide Android,36
AMD Ryzen 9 5900X,Processeur AMD Ryzen 9 12 coeurs 24 threads 4.8GHz workstation,307.97,informatique,myStore,0,AMD Ryzen 9 5900X Processeur AMD Ryzen 9 12 coeurs 24 threads 4.8GHz workstation,43
LG ULED 40 pouces 4K,Television LG ULED 40 pouces 4K UHD HDR Smart TV 120Hz WiFi HDMI streaming,789.96,electronique,myStore,0,LG ULED 40 pouces 4K Television LG ULED 40 pouces 4K UHD HDR Smart TV 120Hz WiFi HDMI streaming,49
LG TUF Gaming 16,Ordinateur portable Ryzen 3 4Go RAM SSD 256Go ecran Full HD 16 pouces etudiant leger rapide,407.52,informatique,myStore,4,LG TUF Gaming 16 Ordinateur portable Ryzen 3 4Go RAM SSD 256Go ecran Full HD 16 pouces etudiant leger rapide,47
Lenovo iPad 9 6Go/128Go,Tablette Lenovo 6Go RAM 128Go ecran haute resolution WiFi Bluetooth multimedia travail,1224.15,electronique,myStore,6,Lenovo iPad 9 6Go/128Go Tablette Lenovo 6Go RAM 128Go ecran haute resolution WiFi Bluetooth multimedia travail,3
Aspirateur robot WiFi,Aspirateur robot Bosch capteurs laser cartographie WiFi App programmable maison,547.33,electromenager,myStore,0,Aspirateur robot WiFi Aspirateur robot Bosch capteurs laser cartographie WiFi App programmable maison,38
Xiaomi 11T 4Go/256Go,Smartphone Xiaomi MIUI 4Go RAM 256Go camera 200MP batterie 4000mAh charge rapide AMOLED,299.63,telephone portable,myStore,4,Xiaomi 11T 4Go/256Go Smartphone Xiaomi MIUI 4Go RAM 256Go camera 200MP batterie 4000mAh charge rapide AMOLED,47
Mi 11 12Go/128Go,Smartphone Xiaomi MIUI 12Go RAM 128Go camera 200MP batterie 5000mAh charge rapide AMOLED,741.73,telephone portable,myStore,12,Mi 11 12Go/128Go Smartphone Xiaomi MIUI 12Go RAM 128Go camera 200MP batterie 5000mAh charge rapide AMOLED,31
Lave-vaisselle 15 couverts,Lave-vaisselle Siemens 15 couverts SilencePlus A+++ economie eau energie,457.52,electromenager,myStore,0,Lave-vaisselle 15 couverts Lave-vaisselle Siemens 15 couverts SilencePlus A+++ economie eau energie,18
Microsoft Pavilion 16,Ordinateur portable Ryzen 5 32Go RAM SSD 1To ecran Full HD 16 pouces professionnel leger rapide,1167.03,informatique,myStore,32,Microsoft Pavilion 16 Ordinateur portable Ryzen 5 32Go RAM SSD 1To ecran Full HD 16 pouces professionnel leger rapide,49
Lenovo EliteBook 16,Ordinateur portable i3 8Go RAM SSD 512Go ecran Full HD 16 pouces etudiant leger rapide,829.84,informatique,myStore,8,Lenovo EliteBook 16 Ordinateur portable i3 8Go RAM SSD 512Go ecran Full HD 16 pouces etudiant leger rapide,14
Acer Aspire 15,Ordinateur portable i5 32Go RAM SSD 1To ecran Full HD 15 pouces multimedia leger rapide,781.66,informatique,myStore,32,Acer Aspire 15 Ordinateur portable i5 32Go RAM SSD 1To ecran Full HD 15 pouces multimedia leger rapide,38
AMD Ryzen 3 3300X,Processeur AMD Ryzen 3 4 coeurs 8 threads 4.3GHz rapport qualite prix,56.96,informatique,myStore,0,AMD Ryzen 3 3300X Processeur AMD Ryzen 3 4 coeurs 8 threads 4.3GHz rapport qualite prix,22
Climatiseur 9000 BTU inverter,Climatiseur Daikin 9000 BTU inverter A++ WiFi Smart silencieux ecologique R-32,668.93,electromenager,myStore,0,Climatiseur 9000 BTU inverter Climatiseur Daikin 9000 BTU inverter A++ WiFi Smart silencieux ecologique R-32,14
Bose Casque Bluetooth,Casque Bose Bluetooth reduction bruit active ANC 8h autonomie qualite sonore premium,36.46,electronique,myStore,0,Bose Casque Bluetooth Casque Bose Bluetooth reduction bruit active ANC 8h autonomie qualite sonore premium,40
Huawei iPad Air 5 3Go/64Go,Tablette Huawei 3Go RAM 64Go ecran haute resolution WiFi Bluetooth multimedia travail,223.99,electronique,myStore,3,Huawei iPad Air 5 3Go/64Go Tablette Huawei 3Go RAM 64Go ecran haute resolution WiFi Bluetooth multimedia travail,12
Crucial RAM 16Go DDR4 4800MHz,Memoire RAM Crucial 16Go DDR4 4800MHz compatible Intel AMD gaming overclocking,205.18,informatique,myStore,0,Crucial RAM 16Go DDR4 4800MHz Memoire RAM Crucial 16Go DDR4 4800MHz compatible Intel AMD gaming overclocking,39
Seagate HDD 1To 5400RPM,Disque dur Seagate 1To 5400RPM SATA III stockage masse donnees multimedia,50.42,informatique,myStore,0,Seagate HDD 1To 5400RPM Disque dur Seagate 1To 5400RPM SATA III stockage masse donnees multimedia,16
Intel Core i5-10400,Processeur Intel i5 6 coeurs 12 threads 4.3GHz gaming bureautique,98.65,informatique,myStore,0,Intel Core i5-10400 Processeur Intel i5 6 coeurs 12 threads 4.3GHz gaming bureautique,43
Climatiseur 9000 BTU inverter,Climatiseur Midea 9000 BTU inverter A++ WiFi Smart silencieux ecologique R-32,474.77,electromenager,myStore,0,Climatiseur 9000 BTU inverter Climatiseur Midea 9000 BTU inverter A++ WiFi Smart silencieux ecologique R-32,48
Huawei 10 Pro 3Go/128Go,Smartphone Huawei 3Go RAM 128Go camera 12MP batterie 5000mAh AMOLED charge rapide Android,1046.93,telephone portable,myStore,3,Huawei 10 Pro 3Go/128Go Smartphone Huawei 3Go RAM 128Go camera 12MP batterie 5000mAh AMOLED charge rapide Android,46
Xiaomi Pad 5 4Go/32Go,Tablette Xiaomi 4Go RAM 32Go ecran haute resolution WiFi Bluetooth multimedia travail,213.97,electronique,myStore,4,Xiaomi Pad 5 4Go/32Go Tablette Xiaomi 4Go RAM 32Go ecran haute resolution WiFi Bluetooth multimedia travail,49
WD HDD 1To 5400RPM,Disque dur WD 1To 5400RPM SATA III stockage masse donnees multimedia,171.34,informatique,myStore,0,WD HDD 1To 5400RPM Disque dur WD 1To 5400RPM SATA III stockage masse donnees multimedia,42
AMD Ryzen 3 3300X,Processeur AMD Ryzen 3 4 coeurs 8 threads 4.3GHz rapport qualite prix,63.77,informatique,myStore,0,AMD Ryzen 3 3300X Processeur AMD Ryzen 3 4 coeurs 8 threads 4.3GHz rapport qualite prix,43
Machine cafe capsules,Machine cafe LG capsules pression 19 bars reservoir 1.5L rapide compacte,264.05,electromenager,myStore,0,Machine cafe capsules Machine cafe LG capsules pression 19 bars reservoir 1.5L rapide compacte,8
Four micro-ondes 25L,Four micro-ondes Carrier 25L grill combine inox programmes automatiques rapide,160.98,electromenager,myStore,0,Four micro-ondes 25L Four micro-ondes Carrier 25L grill combine inox programmes automatiques rapide,40
Aspirateur robot WiFi,Aspirateur robot Carrier capteurs laser cartographie WiFi App programmable maison,202.96,electromenager,myStore,0,Aspirateur robot WiFi Aspirateur robot Carrier capteurs laser cartographie WiFi App programmable maison,6
Asus VivoBook 13 Gaming,Ordinateur portable gaming Ryzen 3 24Go RAM SSD 512Go RTX 3070 ecran 13 pouces 144Hz performance,1036.96,informatique,myStore,24,Asus VivoBook 13 Gaming Ordinateur portable gaming Ryzen 3 24Go RAM SSD 512Go RTX 3070 ecran 13 pouces 144Hz performance,40
Lave-vaisselle 9 couverts,Lave-vaisselle Ariston 9 couverts SilencePlus A+++ economie eau energie,347.79,electromenager,myStore,0,Lave-vaisselle 9 couverts Lave-vaisselle Ariston 9 couverts SilencePlus A+++ economie eau energie,41
Friteuse sans huile 3L,Friteuse sans huile Ariston 3L technologie air chaud 80% moins matiere grasse,99.25,electromenager,myStore,0,Friteuse sans huile 3L Friteuse sans huile Ariston 3L technologie air chaud 80% moins matiere grasse,2
Repeteur WiFi 750Mbps,Repeteur WiFi Asus 750Mbps double bande port Gigabit facile installer,54.49,reseau,myStore,0,Repeteur WiFi 750Mbps Repeteur WiFi Asus 750Mbps double bande port Gigabit facile installer,19
iPhone 14 512Go,Smartphone Apple puce A-series 512Go ecran Super Retina camera avancee Face ID iOS rapide,1240.56,telephone portable,myStore,0,iPhone 14 512Go Smartphone Apple puce A-series 512Go ecran Super Retina camera avancee Face ID iOS rapide,50
LG XPS 14,Ordinateur portable i3 4Go RAM SSD 1To ecran Full HD 14 pouces multimedia leger rapide,540.82,informatique,myStore,4,LG XPS 14 Ordinateur portable i3 4Go RAM SSD 1To ecran Full HD 14 pouces multimedia leger rapide,28
Sony NanoCell 65 pouces 4K,Television Sony NanoCell 65 pouces 4K UHD HDR Smart TV 100Hz WiFi HDMI streaming,1666.58,electronique,myStore,0,Sony NanoCell 65 pouces 4K Television Sony NanoCell 65 pouces 4K UHD HDR Smart TV 100Hz WiFi HDMI streaming,2
Disque externe 4To,Disque dur externe Transcend 4To USB 3.0 portable sauvegarde automatique,194.36,stockage,myStore,0,Disque externe 4To Disque dur externe Transcend 4To USB 3.0 portable sauvegarde automatique,37
G.Skill RAM 16Go DDR5 3200MHz,Memoire RAM G.Skill 16Go DDR5 3200MHz compatible Intel AMD gaming overclocking,201.63,informatique,myStore,0,G.Skill RAM 16Go DDR5 3200MHz Memoire RAM G.Skill 16Go DDR5 3200MHz compatible Intel AMD gaming overclocking,23
Disque externe 5To,Disque dur externe SanDisk 5To USB 3.0 portable sauvegarde automatique,76.71,stockage,myStore,0,Disque externe 5To Disque dur externe SanDisk 5To USB 3.0 portable sauvegarde automatique,46
Poco X4 8Go/128Go,Smartphone Xiaomi MIUI 8Go RAM 128Go camera 50MP batterie 5500mAh charge rapide AMOLED,392.7,telephone portable,myStore,8,Poco X4 8Go/128Go Smartphone Xiaomi MIUI 8Go RAM 128Go camera 50MP batterie 5500mAh charge rapide AMOLED,8
Climatiseur 24000 BTU inverter,Climatiseur Carrier 24000 BTU inverter A++ WiFi Smart silencieux ecologique R-32,811.07,electromenager,myStore,0,Climatiseur 24000 BTU inverter Climatiseur Carrier 24000 BTU inverter A++ WiFi Smart silencieux ecologique R-32,5
Microsoft IdeaPad 13,Ordinateur portable i7 16Go RAM SSD 256Go ecran Full HD 13 pouces multimedia leger rapide,1170.6,informatique,myStore,16,Microsoft IdeaPad 13 Ordinateur portable i7 16Go RAM SSD 256Go ecran Full HD 13 pouces multimedia leger rapide,18
Routeur WiFi 6 5400Mbps,Routeur WiFi 6 D-Link 5400Mbps double bande MU-MIMO 4 antennes rapide securise,143.63,reseau,myStore,0,Routeur WiFi 6 5400Mbps Routeur WiFi 6 D-Link 5400Mbps double bande MU-MIMO 4 antennes rapide securise,20
iPhone SE 2022 256Go,Smartphone Apple puce A-series 256Go ecran Super Retina camera avancee Face ID iOS rapide,564.67,telephone portable,myStore,0,iPhone SE 2022 256Go Smartphone Apple puce A-series 256Go ecran Super Retina camera avancee Face ID iOS rapide,47
Aspirateur robot WiFi,Aspirateur robot Ariston capteurs laser cartographie WiFi App programmable maison,182.06,electromenager,myStore,0,Aspirateur robot WiFi Aspirateur robot Ariston capteurs laser cartographie WiFi App programmable maison,26
Four micro-ondes 28L,Four micro-ondes Midea 28L grill combine inox programmes automatiques rapide,169.76,electromenager,myStore,0,Four micro-ondes 28L Four micro-ondes Midea 28L grill combine inox programmes automatiques rapide,11
Hisense Bravia OLED 55 pouces 4K,Television Hisense Bravia OLED 55 pouces 4K UHD HDR Smart TV 120Hz WiFi HDMI streaming,526.77,electronique,myStore,0,Hisense Bravia OLED 55 pouces 4K Television Hisense Bravia OLED 55 pouces 4K UHD HDR Smart TV 120Hz WiFi HDMI streaming,12
Machine cafe capsules,Machine cafe Ariston capsules pression 19 bars reservoir 1.5L rapide compacte,269.4,electromenager,myStore,0,Machine cafe capsules Machine cafe Ariston capsules pression 19 bars reservoir 1.5L rapide compacte,8
LG NanoCell 43 pouces 4K,Television LG NanoCell 43 pouces 4K UHD HDR Smart TV 100Hz WiFi HDMI streaming,208.08,electronique,myStore,0,LG NanoCell 43 pouces 4K Television LG NanoCell 43 pouces 4K UHD HDR Smart TV 100Hz WiFi HDMI streaming,50
iPhone 14 Pro 64Go,Smartphone Apple puce A-series 64Go ecran Super Retina camera avancee Face ID iOS rapide,1355.73,telephone portable,myStore,0,iPhone 14 Pro 64Go Smartphone Apple puce A-series 64Go ecran Super Retina camera avancee Face ID iOS rapide,34
Climatiseur 12000 BTU inverter,Climatiseur Daikin 12000 BTU inverter A++ WiFi Smart silencieux ecologique R-32,604.79,electromenager,myStore,0,Climatiseur 12000 BTU inverter Climatiseur Daikin 12000 BTU inverter A++ WiFi Smart silencieux ecologique R-32,23
WD HDD 6To 7200RPM,Disque dur WD 6To 7200RPM SATA III stockage masse donnees multimedia,90.98,informatique,myStore,0,WD HDD 6To 7200RPM Disque dur WD 6To 7200RPM SATA III stockage masse donnees multimedia,33
OnePlus 10 Pro 3Go/64Go,Smartphone OnePlus 3Go RAM 64Go camera 12MP batterie 5500mAh AMOLED charge rapide Android,246.16,telephone portable,myStore,3,OnePlus 10 Pro 3Go/64Go Smartphone OnePlus 3Go RAM 64Go camera 12MP batterie 5500mAh AMOLED charge rapide Android,32
AMD Ryzen 3 3300X,Processeur AMD Ryzen 3 4 coeurs 8 threads 4.3GHz rapport qualite prix,52.22,informatique,myStore,0,AMD Ryzen 3 3300X Processeur AMD Ryzen 3 4 coeurs 8 threads 4.3GHz rapport qualite prix,17
AMD Ryzen 9 5900X,Processeur AMD Ryzen 9 12 coeurs 24 threads 4.8GHz workstation,413.68,informatique,myStore,0,AMD Ryzen 9 5900X Processeur AMD Ryzen 9 12 coeurs 24 threads 4.8GHz workstation,10
Bose Enceinte Bluetooth,Enceinte Bose Bluetooth son haute fidelite 12h autonomie qualite sonore premium,335.94,electronique,myStore,0,Bose Enceinte Bluetooth Enceinte Bose Bluetooth son haute fidelite 12h autonomie qualite sonore premium,16
Mi 12 12Go/512Go,Smartphone Xiaomi MIUI 12Go RAM 512Go camera 64MP batterie 4000mAh charge rapide AMOLED,414.68,telephone portable,myStore,12,Mi 12 12Go/512Go Smartphone Xiaomi MIUI 12Go RAM 512Go camera 64MP batterie 4000mAh charge rapide AMOLED,30
Point acces WiFi Pro,Point acces WiFi Cisco 802.11ax dual-band 1200Mbps PoE entreprise couverture,219.61,reseau,myStore,0,Point acces WiFi Pro Point acces WiFi Cisco 802.11ax dual-band 1200Mbps PoE entreprise couverture,18
MSI IdeaPad 16,Ordinateur portable Ryzen 7 16Go RAM SSD 128Go ecran Full HD 16 pouces professionnel leger rapide,1017.36,informatique,myStore,16,MSI IdeaPad 16 Ordinateur portable Ryzen 7 16Go RAM SSD 128Go ecran Full HD 16 pouces professionnel leger rapide,47
Xiaomi 11T 12Go/64Go,Smartphone Xiaomi MIUI 12Go RAM 64Go camera 50MP batterie 4500mAh charge rapide AMOLED,376.33,telephone portable,myStore,12,Xiaomi 11T 12Go/64Go Smartphone Xiaomi MIUI 12Go RAM 64Go camera 50MP batterie 4500mAh charge rapide AMOLED,21
Asus Aspire 15 Gaming,Ordinateur portable gaming i3 8Go RAM SSD 128Go RTX 3080 ecran 15 pouces 144Hz performance,723.67,informatique,myStore,8,Asus Aspire 15 Gaming Ordinateur portable gaming i3 8Go RAM SSD 128Go RTX 3080 ecran 15 pouces 144Hz performance,7
Xiaomi Galaxy Tab A8 4Go/64Go,Tablette Xiaomi 4Go RAM 64Go ecran haute resolution WiFi Bluetooth multimedia travail,448.72,electronique,myStore,4,Xiaomi Galaxy Tab A8 4Go/64Go Tablette Xiaomi 4Go RAM 64Go ecran haute resolution WiFi Bluetooth multimedia travail,29
Lave-linge 7kg,Lave-linge Bosch 7kg moteur inverter 1400tr/min vapeur A+++ silencieux,705.56,electromenager,myStore,0,Lave-linge 7kg Lave-linge Bosch 7kg moteur inverter 1400tr/min vapeur A+++ silencieux,4
Galaxy A14 4G 8Go/128Go,Smartphone Samsung AMOLED 8Go RAM 128Go camera 108MP batterie 5500mAh 4G charge rapide Android,791.13,telephone portable,myStore,8,Galaxy A14 4G 8Go/128Go Smartphone Samsung AMOLED 8Go RAM 128Go camera 108MP batterie 5500mAh 4G charge rapide Android,9
Hisense Neo QLED 40 pouces 4K,Television Hisense Neo QLED 40 pouces 4K UHD HDR Smart TV 60Hz WiFi HDMI streaming,932.57,electronique,myStore,0,Hisense Neo QLED 40 pouces 4K Television Hisense Neo QLED 40 pouces 4K UHD HDR Smart TV 60Hz WiFi HDMI streaming,48
Mi 12 12Go/128Go,Smartphone Xiaomi MIUI 12Go RAM 128Go camera 50MP batterie 5500mAh charge rapide AMOLED,460.03,telephone portable,myStore,12,Mi 12 12Go/128Go Smartphone Xiaomi MIUI 12Go RAM 128Go camera 50MP batterie 5500mAh charge rapide AMOLED,14
Redmi Note 10 8Go/64Go,Smartphone Xiaomi MIUI 8Go RAM 64Go camera 48MP batterie 3000mAh charge rapide AMOLED,537.36,telephone portable,myStore,8,Redmi Note 10 8Go/64Go Smartphone Xiaomi MIUI 8Go RAM 64Go camera 48MP batterie 3000mAh charge rapide AMOLED,43
Redmi Note 11 6Go/256Go,Smartphone Xiaomi MIUI 6Go RAM 256Go camera 200MP batterie 5000mAh charge rapide AMOLED,862.05,telephone portable,myStore,6,Redmi Note 11 6Go/256Go Smartphone Xiaomi MIUI 6Go RAM 256Go camera 200MP batterie 5000mAh charge rapide AMOLED,46
Poco X4 6Go/512Go,Smartphone Xiaomi MIUI 6Go RAM 512Go camera 64MP batterie 4000mAh charge rapide AMOLED,924.11,telephone portable,myStore,6,Poco X4 6Go/512Go Smartphone Xiaomi MIUI 6Go RAM 512Go camera 64MP batterie 4000mAh charge rapide AMOLED,43
Redmi Note 10 12Go/64Go,Smartphone Xiaomi MIUI 12Go RAM 64Go camera 12MP batterie 6000mAh charge rapide AMOLED,329.46,telephone portable,myStore,12,Redmi Note 10 12Go/64Go Smartphone Xiaomi MIUI 12Go RAM 64Go camera 12MP batterie 6000mAh charge rapide AMOLED,25
Cle USB 256Go,Cle USB Kingston 256Go USB 3.0 lecture rapide compact metal design portable,44.46,stockage,myStore,0,Cle USB 256Go Cle USB Kingston 256Go USB 3.0 lecture rapide compact metal design portable,35
Xiaomi 12 3Go/64Go,Smartphone Xiaomi MIUI 3Go RAM 64Go camera 64MP batterie 4500mAh charge rapide AMOLED,712.22,telephone portable,myStore,3,Xiaomi 12 3Go/64Go Smartphone Xiaomi MIUI 3Go RAM 64Go camera 64MP batterie 4500mAh charge rapide AMOLED,23
Point acces WiFi Pro,Point acces WiFi Cisco 802.11ax dual-band 1200Mbps PoE entreprise couverture,121.34,reseau,myStore,0,Point acces WiFi Pro Point acces WiFi Cisco 802.11ax dual-band 1200Mbps PoE entreprise couverture,5
SSD externe 2000Go,Disque SSD externe SanDisk 2000Go USB 3.2 1000Mo/s compact robuste rapide,122.13,stockage,myStore,0,SSD externe 2000Go Disque SSD externe SanDisk 2000Go USB 3.2 1000Mo/s compact robuste rapide,50
LG ULED 43 pouces 4K,Television LG ULED 43 pouces 4K UHD HDR Smart TV 144Hz WiFi HDMI streaming,1108.84,electronique,myStore,0,LG ULED 43 pouces 4K Television LG ULED 43 pouces 4K UHD HDR Smart TV 144Hz WiFi HDMI streaming,25
Lenovo Aspire 13 Gaming,Ordinateur portable gaming i3 16Go RAM SSD 512Go RTX 3060 ecran 13 pouces 144Hz performance,985.31,informatique,myStore,16,Lenovo Aspire 13 Gaming Ordinateur portable gaming i3 16Go RAM SSD 512Go RTX 3060 ecran 13 pouces 144Hz performance,0
Asus Swift 16,Ordinateur portable i9 8Go RAM SSD 1To ecran Full HD 16 pouces professionnel leger rapide,1389.0,informatique,myStore,8,Asus Swift 16 Ordinateur portable i9 8Go RAM SSD 1To ecran Full HD 16 pouces professionnel leger rapide,16
AMD Ryzen 7 5800X,Processeur AMD Ryzen 7 8 coeurs 16 threads 4.7GHz overclocking,182.69,informatique,myStore,0,AMD Ryzen 7 5800X Processeur AMD Ryzen 7 8 coeurs 16 threads 4.7GHz overclocking,34
Intel Core i3-10100,Processeur Intel i3 4 coeurs 8 threads 4.3GHz bureautique entre de gamme,91.97,informatique,myStore,0,Intel Core i3-10100 Processeur Intel i3 4 coeurs 8 threads 4.3GHz bureautique entre de gamme,7
WD SSD 1To SATA III,Disque SSD WD 1To SATA III 550Mo/s lecture rapide fiable stockage,179.19,informatique,myStore,0,WD SSD 1To SATA III Disque SSD WD 1To SATA III 550Mo/s lecture rapide fiable stockage,29
LG OLED 32 pouces 4K,Television LG OLED 32 pouces 4K UHD HDR Smart TV 144Hz WiFi HDMI streaming,925.51,electronique,myStore,0,LG OLED 32 pouces 4K Television LG OLED 32 pouces 4K UHD HDR Smart TV 144Hz WiFi HDMI streaming,23
Four micro-ondes 25L,Four micro-ondes Daikin 25L grill combine inox programmes automatiques rapide,210.19,electromenager,myStore,0,Four micro-ondes 25L Four micro-ondes Daikin 25L grill combine inox programmes automatiques rapide,43
Acer EliteBook 14,Ordinateur portable i7 24Go RAM SSD 512Go ecran Full HD 14 pouces etudiant leger rapide,684.85,informatique,myStore,24,Acer EliteBook 14 Ordinateur portable i7 24Go RAM SSD 512Go ecran Full HD 14 pouces etudiant leger rapide,47
iPhone 12 128Go,Smartphone Apple puce A-series 128Go ecran Super Retina camera avancee Face ID iOS rapide,2039.96,telephone portable,myStore,0,iPhone 12 128Go Smartphone Apple puce A-series 128Go ecran Super Retina camera avancee Face ID iOS rapide,43
Microsoft ProBook 16,Ordinateur portable Ryzen 5 24Go RAM SSD 128Go ecran Full HD 16 pouces etudiant leger rapide,582.63,informatique,myStore,24,Microsoft ProBook 16 Ordinateur portable Ryzen 5 24Go RAM SSD 128Go ecran Full HD 16 pouces etudiant leger rapide,16
Philips NanoCell 55 pouces 4K,Television Philips NanoCell 55 pouces 4K UHD HDR Smart TV 60Hz WiFi HDMI streaming,924.81,electronique,myStore,0,Philips NanoCell 55 pouces 4K Television Philips NanoCell 55 pouces 4K UHD HDR Smart TV 60Hz WiFi HDMI streaming,37
Apple Tab P11 3Go/32Go,Tablette Apple 3Go RAM 32Go ecran haute resolution WiFi Bluetooth multimedia travail,1162.87,electronique,myStore,3,Apple Tab P11 3Go/32Go Tablette Apple 3Go RAM 32Go ecran haute resolution WiFi Bluetooth multimedia travail,24
Jabra Casque Bluetooth,Casque Jabra Bluetooth reduction bruit active ANC 24h autonomie qualite sonore premium,412.07,electronique,myStore,0,Jabra Casque Bluetooth Casque Jabra Bluetooth reduction bruit active ANC 24h autonomie qualite sonore premium,40
Mi 12 3Go/64Go,Smartphone Xiaomi MIUI 3Go RAM 64Go camera 12MP batterie 4000mAh charge rapide AMOLED,587.46,telephone portable,myStore,3,Mi 12 3Go/64Go Smartphone Xiaomi MIUI 3Go RAM 64Go camera 12MP batterie 4000mAh charge rapide AMOLED,23
Galaxy M23 4G 8Go/512Go,Smartphone Samsung AMOLED 8Go RAM 512Go camera 200MP batterie 5000mAh 4G charge rapide Android,658.18,telephone portable,myStore,8,Galaxy M23 4G 8Go/512Go Smartphone Samsung AMOLED 8Go RAM 512Go camera 200MP batterie 5000mAh 4G charge rapide Android,6
Sony Xperia 5 IV 3Go/128Go,Smartphone Sony 3Go RAM 128Go camera 108MP batterie 5000mAh AMOLED charge rapide Android,654.98,telephone portable,myStore,3,Sony Xperia 5 IV 3Go/128Go Smartphone Sony 3Go RAM 128Go camera 108MP batterie 5000mAh AMOLED charge rapide Android,43
Galaxy A73 5G 6Go/256Go,Smartphone Samsung AMOLED 6Go RAM 256Go camera 200MP batterie 5500mAh 5G charge rapide Android,610.04,telephone portable,myStore,6,Galaxy A73 5G 6Go/256Go Smartphone Samsung AMOLED 6Go RAM 256Go camera 200MP batterie 5500mAh 5G charge rapide Android,14
Oppo Nord 2T 12Go/512Go,Smartphone Oppo 12Go RAM 512Go camera 200MP batterie 5000mAh AMOLED charge rapide Android,187.29,telephone portable,myStore,12,Oppo Nord 2T 12Go/512Go Smartphone Oppo 12Go RAM 512Go camera 200MP batterie 5000mAh AMOLED charge rapide Android,30
Xiaomi 11T 8Go/512Go,Smartphone Xiaomi MIUI 8Go RAM 512Go camera 64MP batterie 4500mAh charge rapide AMOLED,843.6,telephone portable,myStore,8,Xiaomi 11T 8Go/512Go Smartphone Xiaomi MIUI 8Go RAM 512Go camera 64MP batterie 4500mAh charge rapide AMOLED,1
WD HDD 2To 5400RPM,Disque dur WD 2To 5400RPM SATA III stockage masse donnees multimedia,136.67,informatique,myStore,0,WD HDD 2To 5400RPM Disque dur WD 2To 5400RPM SATA III stockage masse donnees multimedia,39
Switch 48 ports Gigabit,Switch reseau D-Link 48 ports Gigabit manageable PoE+ entreprise fiable,81.84,reseau,myStore,0,Switch 48 ports Gigabit Switch reseau D-Link 48 ports Gigabit manageable PoE+ entreprise fiable,35
Four micro-ondes 23L,Four micro-ondes Siemens 23L grill combine inox programmes automatiques rapide,92.53,electromenager,myStore,0,Four micro-ondes 23L Four micro-ondes Siemens 23L grill combine inox programmes automatiques rapide,20
Bose Enceinte Bluetooth,Enceinte Bose Bluetooth son haute fidelite 24h autonomie qualite sonore premium,90.53,electronique,myStore,0,Bose Enceinte Bluetooth Enceinte Bose Bluetooth son haute fidelite 24h autonomie qualite sonore premium,39
Intel Core i9-12900K,Processeur Intel i9 16 coeurs 24 threads 5.2GHz premium workstation,421.85,informatique,myStore,0,Intel Core i9-12900K Processeur Intel i9 16 coeurs 24 threads 5.2GHz premium workstation,14
Samsung Casque Bluetooth,Casque Samsung Bluetooth reduction bruit active ANC 24h autonomie qualite sonore premium,284.29,electronique,myStore,0,Samsung Casque Bluetooth Casque Samsung Bluetooth reduction bruit active ANC 24h autonomie qualite sonore premium,41
Apple iPad 9 4Go/32Go,Tablette Apple 4Go RAM 32Go ecran haute resolution WiFi Bluetooth multimedia travail,413.57,electronique,myStore,4,Apple iPad 9 4Go/32Go Tablette Apple 4Go RAM 32Go ecran haute resolution WiFi Bluetooth multimedia travail,4
Galaxy M23 4G 4Go/128Go,Smartphone Samsung AMOLED 4Go RAM 128Go camera 200MP batterie 3000mAh 4G charge rapide Android,521.47,telephone portable,myStore,4,Galaxy M23 4G 4Go/128Go Smartphone Samsung AMOLED 4Go RAM 128Go camera 200MP batterie 3000mAh 4G charge rapide Android,40
Huawei VivoBook 14,Ordinateur portable Ryzen 7 12Go RAM SSD 512Go ecran Full HD 14 pouces professionnel leger rapide,1168.07,informatique,myStore,12,Huawei VivoBook 14 Ordinateur portable Ryzen 7 12Go RAM SSD 512Go ecran Full HD 14 pouces professionnel leger rapide,29
Sony Nord 2T 3Go/32Go,Smartphone Sony 3Go RAM 32Go camera 200MP batterie 5500mAh AMOLED charge rapide Android,601.51,telephone portable,myStore,3,Sony Nord 2T 3Go/32Go Smartphone Sony 3Go RAM 32Go camera 200MP batterie 5500mAh AMOLED charge rapide Android,44
Cle USB 32Go,Cle USB Seagate 32Go USB 3.0 lecture rapide compact metal design portable,60.2,stockage,myStore,0,Cle USB 32Go Cle USB Seagate 32Go USB 3.0 lecture rapide compact metal design portable,19
Dell ROG Strix 13,Ordinateur portable Ryzen 9 12Go RAM SSD 128Go ecran Full HD 13 pouces multimedia leger rapide,1220.82,informatique,myStore,12,Dell ROG Strix 13 Ordinateur portable Ryzen 9 12Go RAM SSD 128Go ecran Full HD 13 pouces multimedia leger rapide,41
Switch 5 ports Gigabit,Switch reseau Ubiquiti 5 ports Gigabit manageable PoE+ entreprise fiable,515.63,reseau,myStore,0,Switch 5 ports Gigabit Switch reseau Ubiquiti 5 ports Gigabit manageable PoE+ entreprise fiable,26
Intel Core i3-10100,Processeur Intel i3 4 coeurs 8 threads 4.3GHz bureautique entre de gamme,62.17,informatique,myStore,0,Intel Core i3-10100 Processeur Intel i3 4 coeurs 8 threads 4.3GHz bureautique entre de gamme,7
Motorola Reno 7 3Go/512Go,Smartphone Motorola 3Go RAM 512Go camera 12MP batterie 6000mAh AMOLED charge rapide Android,191.59,telephone portable,myStore,3,Motorola Reno 7 3Go/512Go Smartphone Motorola 3Go RAM 512Go camera 12MP batterie 6000mAh AMOLED charge rapide Android,8
MicroSD 256Go,Carte microSD Transcend 256Go Class10 A1 V10 rapide smartphone tablette drone,29.99,stockage,myStore,0,MicroSD 256Go Carte microSD Transcend 256Go Class10 A1 V10 rapide smartphone tablette drone,2
Realme Galaxy Tab S8 8Go/64Go,Tablette Realme 8Go RAM 64Go ecran haute resolution WiFi Bluetooth multimedia travail,737.0,electronique,myStore,8,Realme Galaxy Tab S8 8Go/64Go Tablette Realme 8Go RAM 64Go ecran haute resolution WiFi Bluetooth multimedia travail,2
Hisense OLED 50 pouces 4K,Television Hisense OLED 50 pouces 4K UHD HDR Smart TV 120Hz WiFi HDMI streaming,905.36,electronique,myStore,0,Hisense OLED 50 pouces 4K Television Hisense OLED 50 pouces 4K UHD HDR Smart TV 120Hz WiFi HDMI streaming,19
OnePlus 10 Pro 6Go/64Go,Smartphone OnePlus 6Go RAM 64Go camera 64MP batterie 6000mAh AMOLED charge rapide Android,840.75,telephone portable,myStore,6,OnePlus 10 Pro 6Go/64Go Smartphone OnePlus 6Go RAM 64Go camera 64MP batterie 6000mAh AMOLED charge rapide Android,31
Nokia Xperia 5 IV 12Go/512Go,Smartphone Nokia 12Go RAM 512Go camera 108MP batterie 5500mAh AMOLED charge rapide Android,296.98,telephone portable,myStore,12,Nokia Xperia 5 IV 12Go/512Go Smartphone Nokia 12Go RAM 512Go camera 108MP batterie 5500mAh AMOLED charge rapide Android,7
Hisense Neo QLED 32 pouces 4K,Television Hisense Neo QLED 32 pouces 4K UHD HDR Smart TV 144Hz WiFi HDMI streaming,755.67,electronique,myStore,0,Hisense Neo QLED 32 pouces 4K Television Hisense Neo QLED 32 pouces 4K UHD HDR Smart TV 144Hz WiFi HDMI streaming,6
Intel Core i5-10400,Processeur Intel i5 6 coeurs 12 threads 4.3GHz gaming bureautique,93.4,informatique,myStore,0,Intel Core i5-10400 Processeur Intel i5 6 coeurs 12 threads 4.3GHz gaming bureautique,15
Poco F4 4Go/512Go,Smartphone Xiaomi MIUI 4Go RAM 512Go camera 200MP batterie 5500mAh charge rapide AMOLED,324.84,telephone portable,myStore,4,Poco F4 4Go/512Go Smartphone Xiaomi MIUI 4Go RAM 512Go camera 200MP batterie 5500mAh charge rapide AMOLED,34
Redmi Note 11 6Go/64Go,Smartphone Xiaomi MIUI 6Go RAM 64Go camera 48MP batterie 4000mAh charge rapide AMOLED,809.7,telephone portable,myStore,6,Redmi Note 11 6Go/64Go Smartphone Xiaomi MIUI 6Go RAM 64Go camera 48MP batterie 4000mAh charge rapide AMOLED,8
iPhone 14 256Go,Smartphone Apple puce A-series 256Go ecran Super Retina camera avancee Face ID iOS rapide,2033.85,telephone portable,myStore,0,iPhone 14 256Go Smartphone Apple puce A-series 256Go ecran Super Retina camera avancee Face ID iOS rapide,24
Dell Pavilion 13,Ordinateur portable i5 12Go RAM SSD 1To ecran Full HD 13 pouces professionnel leger rapide,1062.13,informatique,myStore,12,Dell Pavilion 13 Ordinateur portable i5 12Go RAM SSD 1To ecran Full HD 13 pouces professionnel leger rapide,29
TCL ULED 65 pouces 4K,Television TCL ULED 65 pouces 4K UHD HDR Smart TV 60Hz WiFi HDMI streaming,455.48,electronique,myStore,0,TCL ULED 65 pouces 4K Television TCL ULED 65 pouces 4K UHD HDR Smart TV 60Hz WiFi HDMI streaming,23
Galaxy M23 5G 6Go/32Go,Smartphone Samsung AMOLED 6Go RAM 32Go camera 50MP batterie 6000mAh 5G charge rapide Android,782.2,telephone portable,myStore,6,Galaxy M23 5G 6Go/32Go Smartphone Samsung AMOLED 6Go RAM 32Go camera 50MP batterie 6000mAh 5G charge rapide Android,42
Kingston SSD 128Go NVMe M.2,Disque SSD Kingston 128Go NVMe M.2 3500Mo/s lecture rapide fiable stockage,151.35,informatique,myStore,0,Kingston SSD 128Go NVMe M.2 Disque SSD Kingston 128Go NVMe M.2 3500Mo/s lecture rapide fiable stockage,47
Switch 24 ports Gigabit,Switch reseau Huawei 24 ports Gigabit manageable PoE+ entreprise fiable,297.41,reseau,myStore,0,Switch 24 ports Gigabit Switch reseau Huawei 24 ports Gigabit manageable PoE+ entreprise fiable,44
Motorola Pixel 7 3Go/128Go,Smartphone Motorola 3Go RAM 128Go camera 50MP batterie 4000mAh AMOLED charge rapide Android,735.41,telephone portable,myStore,3,Motorola Pixel 7 3Go/128Go Smartphone Motorola 3Go RAM 128Go camera 50MP batterie 4000mAh AMOLED charge rapide Android,34
Bose Ecouteurs Bluetooth,Ecouteurs Bose Bluetooth reduction bruit active ANC 50h autonomie qualite sonore premium,124.0,electronique,myStore,0,Bose Ecouteurs Bluetooth Ecouteurs Bose Bluetooth reduction bruit active ANC 50h autonomie qualite sonore premium,26
Galaxy A23 5G 3Go/256Go,Smartphone Samsung AMOLED 3Go RAM 256Go camera 108MP batterie 5000mAh 5G charge rapide Android,1087.99,telephone portable,myStore,3,Galaxy A23 5G 3Go/256Go Smartphone Samsung AMOLED 3Go RAM 256Go camera 108MP batterie 5000mAh 5G charge rapide Android,37
Galaxy A14 4G 3Go/256Go,Smartphone Samsung AMOLED 3Go RAM 256Go camera 50MP batterie 4000mAh 4G charge rapide Android,771.2,telephone portable,myStore,3,Galaxy A14 4G 3Go/256Go Smartphone Samsung AMOLED 3Go RAM 256Go camera 50MP batterie 4000mAh 4G charge rapide Android,47
Kingston RAM 4Go DDR4 4800MHz,Memoire RAM Kingston 4Go DDR4 4800MHz compatible Intel AMD gaming overclocking,229.13,informatique,myStore,0,Kingston RAM 4Go DDR4 4800MHz Memoire RAM Kingston 4Go DDR4 4800MHz compatible Intel AMD gaming overclocking,46
Xiaomi Galaxy Tab A7 4Go/64Go,Tablette Xiaomi 4Go RAM 64Go ecran haute resolution WiFi Bluetooth multimedia travail,1208.9,electronique,myStore,4,Xiaomi Galaxy Tab A7 4Go/64Go Tablette Xiaomi 4Go RAM 64Go ecran haute resolution WiFi Bluetooth multimedia travail,9
Intel Core i5-12400,Processeur Intel i5 12eme generation 6 coeurs 4.4GHz performance,127.69,informatique,myStore,0,Intel Core i5-12400 Processeur Intel i5 12eme generation 6 coeurs 4.4GHz performance,26
Realme Reno 6 6Go/256Go,Smartphone Realme 6Go RAM 256Go camera 108MP batterie 3000mAh AMOLED charge rapide Android,596.64,telephone portable,myStore,6,Realme Reno 6 6Go/256Go Smartphone Realme 6Go RAM 256Go camera 108MP batterie 3000mAh AMOLED charge rapide Android,41
Crucial RAM 64Go DDR5 3600MHz,Memoire RAM Crucial 64Go DDR5 3600MHz compatible Intel AMD gaming overclocking,124.84,informatique,myStore,0,Crucial RAM 64Go DDR5 3600MHz Memoire RAM Crucial 64Go DDR5 3600MHz compatible Intel AMD gaming overclocking,6
Crucial SSD 512Go SATA III,Disque SSD Crucial 512Go SATA III 550Mo/s lecture rapide fiable stockage,27.06,informatique,myStore,0,Crucial SSD 512Go SATA III Disque SSD Crucial 512Go SATA III 550Mo/s lecture rapide fiable stockage,31
Machine cafe capsules,Machine cafe Siemens capsules pression 19 bars reservoir 1.5L rapide compacte,200.02,electromenager,myStore,0,Machine cafe capsules Machine cafe Siemens capsules pression 19 bars reservoir 1.5L rapide compacte,39
AMD Ryzen 5 5600X,Processeur AMD Ryzen 5 6 coeurs 12 threads 4.6GHz gaming bureautique,129.44,informatique,myStore,0,AMD Ryzen 5 5600X Processeur AMD Ryzen 5 6 coeurs 12 threads 4.6GHz gaming bureautique,26
Galaxy S22 5G 6Go/64Go,Smartphone Samsung AMOLED 6Go RAM 64Go camera 12MP batterie 5500mAh 5G charge rapide Android,1148.7,telephone portable,myStore,6,Galaxy S22 5G 6Go/64Go Smartphone Samsung AMOLED 6Go RAM 64Go camera 12MP batterie 5500mAh 5G charge rapide Android,17
Philips OLED 85 pouces 4K,Television Philips OLED 85 pouces 4K UHD HDR Smart TV 60Hz WiFi HDMI streaming,785.2,electronique,myStore,0,Philips OLED 85 pouces 4K Television Philips OLED 85 pouces 4K UHD HDR Smart TV 60Hz WiFi HDMI streaming,2
Aspirateur robot WiFi,Aspirateur robot Carrier capteurs laser cartographie WiFi App programmable maison,159.34,electromenager,myStore,0,Aspirateur robot WiFi Aspirateur robot Carrier capteurs laser cartographie WiFi App programmable maison,44
Realme Reno 6 12Go/512Go,Smartphone Realme 12Go RAM 512Go camera 50MP batterie 3000mAh AMOLED charge rapide Android,607.17,telephone portable,myStore,12,Realme Reno 6 12Go/512Go Smartphone Realme 12Go RAM 512Go camera 50MP batterie 3000mAh AMOLED charge rapide Android,23
Lenovo VivoBook 16,Ordinateur portable i9 16Go RAM SSD 1To ecran Full HD 16 pouces professionnel leger rapide,515.28,informatique,myStore,16,Lenovo VivoBook 16 Ordinateur portable i9 16Go RAM SSD 1To ecran Full HD 16 pouces professionnel leger rapide,13
Panasonic QLED 50 pouces 4K,Television Panasonic QLED 50 pouces 4K UHD HDR Smart TV 144Hz WiFi HDMI streaming,1879.38,electronique,myStore,0,Panasonic QLED 50 pouces 4K Television Panasonic QLED 50 pouces 4K UHD HDR Smart TV 144Hz WiFi HDMI streaming,28
G.Skill RAM 8Go DDR5 5600MHz,Memoire RAM G.Skill 8Go DDR5 5600MHz compatible Intel AMD gaming overclocking,139.32,informatique,myStore,0,G.Skill RAM 8Go DDR5 5600MHz Memoire RAM G.Skill 8Go DDR5 5600MHz compatible Intel AMD gaming overclocking,28
SSD externe 2000Go,Disque SSD externe WD 2000Go USB 3.2 1000Mo/s compact robuste rapide,143.31,stockage,myStore,0,SSD externe 2000Go Disque SSD externe WD 2000Go USB 3.2 1000Mo/s compact robuste rapide,15
Marshall Enceinte Bluetooth,Enceinte Marshall Bluetooth reduction bruit active ANC 12h autonomie qualite sonore premium,77.24,electronique,myStore,0,Marshall Enceinte Bluetooth Enceinte Marshall Bluetooth reduction bruit active ANC 12h autonomie qualite sonore premium,23
Realme Galaxy Tab S7 3Go/32Go,Tablette Realme 3Go RAM 32Go ecran haute resolution WiFi Bluetooth multimedia travail,979.43,electronique,myStore,3,Realme Galaxy Tab S7 3Go/32Go Tablette Realme 3Go RAM 32Go ecran haute resolution WiFi Bluetooth multimedia travail,6
AMD Ryzen 9 5900X,Processeur AMD Ryzen 9 12 coeurs 24 threads 4.8GHz workstation,389.82,informatique,myStore,0,AMD Ryzen 9 5900X Processeur AMD Ryzen 9 12 coeurs 24 threads 4.8GHz workstation,43
Asus Latitude 13,Ordinateur portable i7 32Go RAM SSD 1To ecran Full HD 13 pouces multimedia leger rapide,732.51,informatique,myStore,32,Asus Latitude 13 Ordinateur portable i7 32Go RAM SSD 1To ecran Full HD 13 pouces multimedia leger rapide,23
Asus EliteBook 15,Ordinateur portable Ryzen 7 16Go RAM SSD 256Go ecran Full HD 15 pouces bureautique leger rapide,359.73,informatique,myStore,16,Asus EliteBook 15 Ordinateur portable Ryzen 7 16Go RAM SSD 256Go ecran Full HD 15 pouces bureautique leger rapide,34
Repeteur WiFi 1200Mbps,Repeteur WiFi Cisco 1200Mbps double bande port Gigabit facile installer,47.17,reseau,myStore,0,Repeteur WiFi 1200Mbps Repeteur WiFi Cisco 1200Mbps double bande port Gigabit facile installer,41
Samsung ProBook 15,Ordinateur portable Ryzen 5 12Go RAM SSD 512Go ecran Full HD 15 pouces etudiant leger rapide,1276.95,informatique,myStore,12,Samsung ProBook 15 Ordinateur portable Ryzen 5 12Go RAM SSD 512Go ecran Full HD 15 pouces etudiant leger rapide,22
Lave-vaisselle 12 couverts,Lave-vaisselle LG 12 couverts SilencePlus A+++ economie eau energie,642.88,electromenager,myStore,0,Lave-vaisselle 12 couverts Lave-vaisselle LG 12 couverts SilencePlus A+++ economie eau energie,3
Samsung Swift 15,Ordinateur portable i3 16Go RAM SSD 128Go ecran Full HD 15 pouces professionnel leger rapide,689.44,informatique,myStore,16,Samsung Swift 15 Ordinateur portable i3 16Go RAM SSD 128Go ecran Full HD 15 pouces professionnel leger rapide,25
Intel Core i5-12400,Processeur Intel i5 12eme generation 6 coeurs 4.4GHz performance,124.83,informatique,myStore,0,Intel Core i5-12400 Processeur Intel i5 12eme generation 6 coeurs 4.4GHz performance,17
Lenovo Legion 13,Ordinateur portable i9 8Go RAM SSD 256Go ecran Full HD 13 pouces etudiant leger rapide,567.52,informatique,myStore,8,Lenovo Legion 13 Ordinateur portable i9 8Go RAM SSD 256Go ecran Full HD 13 pouces etudiant leger rapide,12
Sony NanoCell 65 pouces 4K,Television Sony NanoCell 65 pouces 4K UHD HDR Smart TV 144Hz WiFi HDMI streaming,1804.12,electronique,myStore,0,Sony NanoCell 65 pouces 4K Television Sony NanoCell 65 pouces 4K UHD HDR Smart TV 144Hz WiFi HDMI streaming,7
Samsung Modern 17,Ordinateur portable i9 8Go RAM SSD 512Go ecran Full HD 17 pouces etudiant leger rapide,1309.16,informatique,myStore,8,Samsung Modern 17 Ordinateur portable i9 8Go RAM SSD 512Go ecran Full HD 17 pouces etudiant leger rapide,29
Asus ROG Strix 13 Gaming,Ordinateur portable gaming Ryzen 9 4Go RAM SSD 128Go RTX 3050 ecran 13 pouces 144Hz performance,1888.12,informatique,myStore,4,Asus ROG Strix 13 Gaming Ordinateur portable gaming Ryzen 9 4Go RAM SSD 128Go RTX 3050 ecran 13 pouces 144Hz performance,5
Xiaomi iPad 9 4Go/256Go,Tablette Xiaomi 4Go RAM 256Go ecran haute resolution WiFi Bluetooth multimedia travail,562.65,electronique,myStore,4,Xiaomi iPad 9 4Go/256Go Tablette Xiaomi 4Go RAM 256Go ecran haute resolution WiFi Bluetooth multimedia travail,42
Vivo Nord 2T 6Go/128Go,Smartphone Vivo 6Go RAM 128Go camera 108MP batterie 3000mAh AMOLED charge rapide Android,529.81,telephone portable,myStore,6,Vivo Nord 2T 6Go/128Go Smartphone Vivo 6Go RAM 128Go camera 108MP batterie 3000mAh AMOLED charge rapide Android,13
AMD Ryzen 3 3300X,Processeur AMD Ryzen 3 4 coeurs 8 threads 4.3GHz rapport qualite prix,74.46,informatique,myStore,0,AMD Ryzen 3 3300X Processeur AMD Ryzen 3 4 coeurs 8 threads 4.3GHz rapport qualite prix,41
Galaxy M33 5G 6Go/512Go,Smartphone Samsung AMOLED 6Go RAM 512Go camera 108MP batterie 4000mAh 5G charge rapide Android,1193.9,telephone portable,myStore,6,Galaxy M33 5G 6Go/512Go Smartphone Samsung AMOLED 6Go RAM 512Go camera 108MP batterie 4000mAh 5G charge rapide Android,40
Hisense Neo QLED 50 pouces 4K,Television Hisense Neo QLED 50 pouces 4K UHD HDR Smart TV 144Hz WiFi HDMI streaming,1936.92,electronique,myStore,0,Hisense Neo QLED 50 pouces 4K Television Hisense Neo QLED 50 pouces 4K UHD HDR Smart TV 144Hz WiFi HDMI streaming,38
Mi 12 6Go/512Go,Smartphone Xiaomi MIUI 6Go RAM 512Go camera 200MP batterie 6000mAh charge rapide AMOLED,589.7,telephone portable,myStore,6,Mi 12 6Go/512Go Smartphone Xiaomi MIUI 6Go RAM 512Go camera 200MP batterie 6000mAh charge rapide AMOLED,1
Lenovo Galaxy Tab A8 8Go/32Go,Tablette Lenovo 8Go RAM 32Go ecran haute resolution WiFi Bluetooth multimedia travail,697.69,electronique,myStore,8,Lenovo Galaxy Tab A8 8Go/32Go Tablette Lenovo 8Go RAM 32Go ecran haute resolution WiFi Bluetooth multimedia travail,3
Seagate SSD 2To NVMe M.2,Disque SSD Seagate 2To NVMe M.2 3500Mo/s lecture rapide fiable stockage,147.42,informatique,myStore,0,Seagate SSD 2To NVMe M.2 Disque SSD Seagate 2To NVMe M.2 3500Mo/s lecture rapide fiable stockage,50
Lave-vaisselle 15 couverts,Lave-vaisselle Beko 15 couverts SilencePlus A+++ economie eau energie,377.24,electromenager,myStore,0,Lave-vaisselle 15 couverts Lave-vaisselle Beko 15 couverts SilencePlus A+++ economie eau energie,21
Aspirateur robot WiFi,Aspirateur robot Midea capteurs laser cartographie WiFi App programmable maison,149.99,electromenager,myStore,0,Aspirateur robot WiFi Aspirateur robot Midea capteurs laser cartographie WiFi App programmable maison,15
Refrigerateur No Frost 200L,Refrigerateur Ariston No Frost 200L Total Cooling inverter A++ economie energie,288.91,electromenager,myStore,0,Refrigerateur No Frost 200L Refrigerateur Ariston No Frost 200L Total Cooling inverter A++ economie energie,8
Kingston RAM 8Go DDR4 3600MHz,Memoire RAM Kingston 8Go DDR4 3600MHz compatible Intel AMD gaming overclocking,20.12,informatique,myStore,0,Kingston RAM 8Go DDR4 3600MHz Memoire RAM Kingston 8Go DDR4 3600MHz compatible Intel AMD gaming overclocking,50
Refrigerateur No Frost 400L,Refrigerateur Bosch No Frost 400L Total Cooling inverter A++ economie energie,864.03,electromenager,myStore,0,Refrigerateur No Frost 400L Refrigerateur Bosch No Frost 400L Total Cooling inverter A++ economie energie,36
Lenovo Swift 13,Ordinateur portable Ryzen 7 4Go RAM SSD 256Go ecran Full HD 13 pouces multimedia leger rapide,1344.41,informatique,myStore,4,Lenovo Swift 13 Ordinateur portable Ryzen 7 4Go RAM SSD 256Go ecran Full HD 13 pouces multimedia leger rapide,13
Jabra Casque Bluetooth,Casque Jabra Bluetooth son haute fidelite 24h autonomie qualite sonore premium,45.2,electronique,myStore,0,Jabra Casque Bluetooth Casque Jabra Bluetooth son haute fidelite 24h autonomie qualite sonore premium,4
WD SSD 128Go NVMe M.2,Disque SSD WD 128Go NVMe M.2 3500Mo/s lecture rapide fiable stockage,155.79,informatique,myStore,0,WD SSD 128Go NVMe M.2 Disque SSD WD 128Go NVMe M.2 3500Mo/s lecture rapide fiable stockage,48
HyperX RAM 4Go DDR5 5600MHz,Memoire RAM HyperX 4Go DDR5 5600MHz compatible Intel AMD gaming overclocking,187.58,informatique,myStore,0,HyperX RAM 4Go DDR5 5600MHz Memoire RAM HyperX 4Go DDR5 5600MHz compatible Intel AMD gaming overclocking,35
iPhone 14 512Go,Smartphone Apple puce A-series 512Go ecran Super Retina camera avancee Face ID iOS rapide,1278.89,telephone portable,myStore,0,iPhone 14 512Go Smartphone Apple puce A-series 512Go ecran Super Retina camera avancee Face ID iOS rapide,13
Galaxy A14 5G 8Go/256Go,Smartphone Samsung AMOLED 8Go RAM 256Go camera 64MP batterie 6000mAh 5G charge rapide Android,1211.39,telephone portable,myStore,8,Galaxy A14 5G 8Go/256Go Smartphone Samsung AMOLED 8Go RAM 256Go camera 64MP batterie 6000mAh 5G charge rapide Android,37
MicroSD 16Go,Carte microSD Kingston 16Go Class10 A1 V10 rapide smartphone tablette drone,16.39,stockage,myStore,0,MicroSD 16Go Carte microSD Kingston 16Go Class10 A1 V10 rapide smartphone tablette drone,13
Kingston RAM 4Go DDR4 3600MHz,Memoire RAM Kingston 4Go DDR4 3600MHz compatible Intel AMD gaming overclocking,190.46,informatique,myStore,0,Kingston RAM 4Go DDR4 3600MHz Memoire RAM Kingston 4Go DDR4 3600MHz compatible Intel AMD gaming overclocking,14
Acer Envy 15,Ordinateur portable Ryzen 5 12Go RAM SSD 128Go ecran Full HD 15 pouces professionnel leger rapide,1023.56,informatique,myStore,12,Acer Envy 15 Ordinateur portable Ryzen 5 12Go RAM SSD 128Go ecran Full HD 15 pouces professionnel leger rapide,21
SSD externe 1000Go,Disque SSD externe Toshiba 1000Go USB 3.2 1000Mo/s compact robuste rapide,255.42,stockage,myStore,0,SSD externe 1000Go Disque SSD externe Toshiba 1000Go USB 3.2 1000Mo/s compact robuste rapide,49
Galaxy S21 5G 4Go/32Go,Smartphone Samsung AMOLED 4Go RAM 32Go camera 200MP batterie 5000mAh 5G charge rapide Android,1133.65,telephone portable,myStore,4,Galaxy S21 5G 4Go/32Go Smartphone Samsung AMOLED 4Go RAM 32Go camera 200MP batterie 5000mAh 5G charge rapide Android,9
Aspirateur robot WiFi,Aspirateur robot Ariston capteurs laser cartographie WiFi App programmable maison,535.71,electromenager,myStore,0,Aspirateur robot WiFi Aspirateur robot Ariston capteurs laser cartographie WiFi App programmable maison,50
Xiaomi 11T 4Go/64Go,Smartphone Xiaomi MIUI 4Go RAM 64Go camera 108MP batterie 4000mAh charge rapide AMOLED,124.29,telephone portable,myStore,4,Xiaomi 11T 4Go/64Go Smartphone Xiaomi MIUI 4Go RAM 64Go camera 108MP batterie 4000mAh charge rapide AMOLED,38
Disque externe 4To,Disque dur externe WD 4To USB 3.0 portable sauvegarde automatique,150.66,stockage,myStore,0,Disque externe 4To Disque dur externe WD 4To USB 3.0 portable sauvegarde automatique,0
LG ULED 43 pouces 4K,Television LG ULED 43 pouces 4K UHD HDR Smart TV 144Hz WiFi HDMI streaming,2001.68,electronique,myStore,0,LG ULED 43 pouces 4K Television LG ULED 43 pouces 4K UHD HDR Smart TV 144Hz WiFi HDMI streaming,17
Microsoft Yoga 13,Ordinateur portable Ryzen 3 12Go RAM SSD 256Go ecran Full HD 13 pouces professionnel leger rapide,1275.71,informatique,myStore,12,Microsoft Yoga 13 Ordinateur portable Ryzen 3 12Go RAM SSD 256Go ecran Full HD 13 pouces professionnel leger rapide,9
Disque externe 2To,Disque dur externe Toshiba 2To USB 3.0 portable sauvegarde automatique,46.44,stockage,myStore,0,Disque externe 2To Disque dur externe Toshiba 2To USB 3.0 portable sauvegarde automatique,8
Disque externe 1To,Disque dur externe Transcend 1To USB 3.0 portable sauvegarde automatique,98.49,stockage,myStore,0,Disque externe 1To Disque dur externe Transcend 1To USB 3.0 portable sauvegarde automatique,34
Refrigerateur No Frost 500L,Refrigerateur LG No Frost 500L Total Cooling inverter A++ economie energie,894.7,electromenager,myStore,0,Refrigerateur No Frost 500L Refrigerateur LG No Frost 500L Total Cooling inverter A++ economie energie,16
Galaxy M53 4G 6Go/512Go,Smartphone Samsung AMOLED 6Go RAM 512Go camera 108MP batterie 6000mAh 4G charge rapide Android,609.12,telephone portable,myStore,6,Galaxy M53 4G 6Go/512Go Smartphone Samsung AMOLED 6Go RAM 512Go camera 108MP batterie 6000mAh 4G charge rapide Android,11
Galaxy A23 4G 6Go/512Go,Smartphone Samsung AMOLED 6Go RAM 512Go camera 108MP batterie 5000mAh 4G charge rapide Android,607.4,telephone portable,myStore,6,Galaxy A23 4G 6Go/512Go Smartphone Samsung AMOLED 6Go RAM 512Go camera 108MP batterie 5000mAh 4G charge rapide Android,7
Huawei Inspiron 17,Ordinateur portable Ryzen 5 4Go RAM SSD 256Go ecran Full HD 17 pouces multimedia leger rapide,905.28,informatique,myStore,4,Huawei Inspiron 17 Ordinateur portable Ryzen 5 4Go RAM SSD 256Go ecran Full HD 17 pouces multimedia leger rapide,42
Galaxy M53 4G 8Go/512Go,Smartphone Samsung AMOLED 8Go RAM 512Go camera 50MP batterie 5000mAh 4G charge rapide Android,710.68,telephone portable,myStore,8,Galaxy M53 4G 8Go/512Go Smartphone Samsung AMOLED 8Go RAM 512Go camera 50MP batterie 5000mAh 4G charge rapide Android,1
SSD externe 250Go,Disque SSD externe Samsung 250Go USB 3.2 1000Mo/s compact robuste rapide,195.49,stockage,myStore,0,SSD externe 250Go Disque SSD externe Samsung 250Go USB 3.2 1000Mo/s compact robuste rapide,8
Oppo 9 Pro 5G 6Go/256Go,Smartphone Oppo 6Go RAM 256Go camera 12MP batterie 5000mAh AMOLED charge rapide Android,976.3,telephone portable,myStore,6,Oppo 9 Pro 5G 6Go/256Go Smartphone Oppo 6Go RAM 256Go camera 12MP batterie 5000mAh AMOLED charge rapide Android,0
Lenovo iPad 9 8Go/256Go,Tablette Lenovo 8Go RAM 256Go ecran haute resolution WiFi Bluetooth multimedia travail,491.36,electronique,myStore,8,Lenovo iPad 9 8Go/256Go Tablette Lenovo 8Go RAM 256Go ecran haute resolution WiFi Bluetooth multimedia travail,22
Climatiseur 18000 BTU inverter,Climatiseur Samsung 18000 BTU inverter A++ WiFi Smart silencieux ecologique R-32,484.3,electromenager,myStore,0,Climatiseur 18000 BTU inverter Climatiseur Samsung 18000 BTU inverter A++ WiFi Smart silencieux ecologique R-32,50
Kingston RAM 4Go DDR4 4800MHz,Memoire RAM Kingston 4Go DDR4 4800MHz compatible Intel AMD gaming overclocking,45.75,informatique,myStore,0,Kingston RAM 4Go DDR4 4800MHz Memoire RAM Kingston 4Go DDR4 4800MHz compatible Intel AMD gaming overclocking,50
Samsung Envy 13,Ordinateur portable i9 4Go RAM SSD 256Go ecran Full HD 13 pouces professionnel leger rapide,1242.81,informatique,myStore,4,Samsung Envy 13 Ordinateur portable i9 4Go RAM SSD 256Go ecran Full HD 13 pouces professionnel leger rapide,15
Refrigerateur No Frost 450L,Refrigerateur Midea No Frost 450L Total Cooling inverter A++ economie energie,531.05,electromenager,myStore,0,Refrigerateur No Frost 450L Refrigerateur Midea No Frost 450L Total Cooling inverter A++ economie energie,37
WD SSD 128Go SATA III,Disque SSD WD 128Go SATA III 550Mo/s lecture rapide fiable stockage,65.13,informatique,myStore,0,WD SSD 128Go SATA III Disque SSD WD 128Go SATA III 550Mo/s lecture rapide fiable stockage,20
Redmi Note 10 4Go/512Go,Smartphone Xiaomi MIUI 4Go RAM 512Go camera 12MP batterie 5500mAh charge rapide AMOLED,224.84,telephone portable,myStore,4,Redmi Note 10 4Go/512Go Smartphone Xiaomi MIUI 4Go RAM 512Go camera 12MP batterie 5500mAh charge rapide AMOLED,1
Intel Core i5-12400,Processeur Intel i5 12eme generation 6 coeurs 4.4GHz performance,94.55,informatique,myStore,0,Intel Core i5-12400 Processeur Intel i5 12eme generation 6 coeurs 4.4GHz performance,11
Samsung SSD 2To SATA III,Disque SSD Samsung 2To SATA III 550Mo/s lecture rapide fiable stockage,125.62,informatique,myStore,0,Samsung SSD 2To SATA III Disque SSD Samsung 2To SATA III 550Mo/s lecture rapide fiable stockage,16
Galaxy A23 5G 8Go/32Go,Smartphone Samsung AMOLED 8Go RAM 32Go camera 50MP batterie 4500mAh 5G charge rapide Android,1093.49,telephone portable,myStore,8,Galaxy A23 5G 8Go/32Go Smartphone Samsung AMOLED 8Go RAM 32Go camera 50MP batterie 4500mAh 5G charge rapide Android,3
Hisense OLED 55 pouces 4K,Television Hisense OLED 55 pouces 4K UHD HDR Smart TV 120Hz WiFi HDMI streaming,1642.75,electronique,myStore,0,Hisense OLED 55 pouces 4K Television Hisense OLED 55 pouces 4K UHD HDR Smart TV 120Hz WiFi HDMI streaming,8
Poco X3 8Go/256Go,Smartphone Xiaomi MIUI 8Go RAM 256Go camera 48MP batterie 5500mAh charge rapide AMOLED,237.06,telephone portable,myStore,8,Poco X3 8Go/256Go Smartphone Xiaomi MIUI 8Go RAM 256Go camera 48MP batterie 5500mAh charge rapide AMOLED,47
Lenovo Swift 17,Ordinateur portable i7 32Go RAM SSD 1To ecran Full HD 17 pouces multimedia leger rapide,399.23,informatique,myStore,32,Lenovo Swift 17 Ordinateur portable i7 32Go RAM SSD 1To ecran Full HD 17 pouces multimedia leger rapide,26
Lenovo Legion 15,Ordinateur portable i3 12Go RAM SSD 512Go ecran Full HD 15 pouces multimedia leger rapide,502.85,informatique,myStore,12,Lenovo Legion 15 Ordinateur portable i3 12Go RAM SSD 512Go ecran Full HD 15 pouces multimedia leger rapide,33
HP ZenBook 16,Ordinateur portable Ryzen 9 32Go RAM SSD 1To ecran Full HD 16 pouces etudiant leger rapide,814.15,informatique,myStore,32,HP ZenBook 16 Ordinateur portable Ryzen 9 32Go RAM SSD 1To ecran Full HD 16 pouces etudiant leger rapide,7
Xiaomi MatePad 11 8Go/256Go,Tablette Xiaomi 8Go RAM 256Go ecran haute resolution WiFi Bluetooth multimedia travail,647.3,electronique,myStore,8,Xiaomi MatePad 11 8Go/256Go Tablette Xiaomi 8Go RAM 256Go ecran haute resolution WiFi Bluetooth multimedia travail,47
Crucial RAM 64Go DDR4 3600MHz,Memoire RAM Crucial 64Go DDR4 3600MHz compatible Intel AMD gaming overclocking,263.94,informatique,myStore,0,Crucial RAM 64Go DDR4 3600MHz Memoire RAM Crucial 64Go DDR4 3600MHz compatible Intel AMD gaming overclocking,4
MicroSD 32Go,Carte microSD WD 32Go Class10 A1 V10 rapide smartphone tablette drone,10.86,stockage,myStore,0,MicroSD 32Go Carte microSD WD 32Go Class10 A1 V10 rapide smartphone tablette drone,30
Motorola Reno 6 3Go/128Go,Smartphone Motorola 3Go RAM 128Go camera 48MP batterie 6000mAh AMOLED charge rapide Android,816.26,telephone portable,myStore,3,Motorola Reno 6 3Go/128Go Smartphone Motorola 3Go RAM 128Go camera 48MP batterie 6000mAh AMOLED charge rapide Android,28
Disque externe 1To,Disque dur externe WD 1To USB 3.0 portable sauvegarde automatique,61.99,stockage,myStore,0,Disque externe 1To Disque dur externe WD 1To USB 3.0 portable sauvegarde automatique,49
Corsair RAM 32Go DDR4 3200MHz,Memoire RAM Corsair 32Go DDR4 3200MHz compatible Intel AMD gaming overclocking,213.0,informatique,myStore,0,Corsair RAM 32Go DDR4 3200MHz Memoire RAM Corsair 32Go DDR4 3200MHz compatible Intel AMD gaming overclocking,23
Galaxy S22 4G 3Go/512Go,Smartphone Samsung AMOLED 3Go RAM 512Go camera 50MP batterie 5000mAh 4G charge rapide Android,352.21,telephone portable,myStore,3,Galaxy S22 4G 3Go/512Go Smartphone Samsung AMOLED 3Go RAM 512Go camera 50MP batterie 5000mAh 4G charge rapide Android,32
Samsung Legion 13,Ordinateur portable Ryzen 9 4Go RAM SSD 256Go ecran Full HD 13 pouces etudiant leger rapide,1376.81,informatique,myStore,4,Samsung Legion 13 Ordinateur portable Ryzen 9 4Go RAM SSD 256Go ecran Full HD 13 pouces etudiant leger rapide,37
MicroSD 32Go,Carte microSD Kingston 32Go Class10 A1 V10 rapide smartphone tablette drone,6.39,stockage,myStore,0,MicroSD 32Go Carte microSD Kingston 32Go Class10 A1 V10 rapide smartphone tablette drone,6
Xiaomi Galaxy Tab A8 3Go/256Go,Tablette Xiaomi 3Go RAM 256Go ecran haute resolution WiFi Bluetooth multimedia travail,1011.64,electronique,myStore,3,Xiaomi Galaxy Tab A8 3Go/256Go Tablette Xiaomi 3Go RAM 256Go ecran haute resolution WiFi Bluetooth multimedia travail,28
MSI XPS 13,Ordinateur portable i7 16Go RAM SSD 256Go ecran Full HD 13 pouces professionnel leger rapide,732.88,informatique,myStore,16,MSI XPS 13 Ordinateur portable i7 16Go RAM SSD 256Go ecran Full HD 13 pouces professionnel leger rapide,32
Repeteur WiFi 750Mbps,Repeteur WiFi TP-Link 750Mbps double bande port Gigabit facile installer,36.31,reseau,myStore,0,Repeteur WiFi 750Mbps Repeteur WiFi TP-Link 750Mbps double bande port Gigabit facile installer,14
Microsoft Inspiron 16 Gaming,Ordinateur portable gaming Ryzen 7 8Go RAM SSD 512Go GTX 1660Ti ecran 16 pouces 144Hz performance,1364.7,informatique,myStore,8,Microsoft Inspiron 16 Gaming Ordinateur portable gaming Ryzen 7 8Go RAM SSD 512Go GTX 1660Ti ecran 16 pouces 144Hz performance,39
Climatiseur 12000 BTU inverter,Climatiseur Samsung 12000 BTU inverter A++ WiFi Smart silencieux ecologique R-32,890.36,electromenager,myStore,0,Climatiseur 12000 BTU inverter Climatiseur Samsung 12000 BTU inverter A++ WiFi Smart silencieux ecologique R-32,2
Huawei Pad 5 8Go/64Go,Tablette Huawei 8Go RAM 64Go ecran haute resolution WiFi Bluetooth multimedia travail,1060.84,electronique,myStore,8,Huawei Pad 5 8Go/64Go Tablette Huawei 8Go RAM 64Go ecran haute resolution WiFi Bluetooth multimedia travail,46
Philips Bravia OLED 32 pouces 4K,Television Philips Bravia OLED 32 pouces 4K UHD HDR Smart TV 60Hz WiFi HDMI streaming,706.62,electronique,myStore,0,Philips Bravia OLED 32 pouces 4K Television Philips Bravia OLED 32 pouces 4K UHD HDR Smart TV 60Hz WiFi HDMI streaming,50
Crucial RAM 4Go DDR4 3200MHz,Memoire RAM Crucial 4Go DDR4 3200MHz compatible Intel AMD gaming overclocking,213.74,informatique,myStore,0,Crucial RAM 4Go DDR4 3200MHz Memoire RAM Crucial 4Go DDR4 3200MHz compatible Intel AMD gaming overclocking,42
SSD externe 2000Go,Disque SSD externe Seagate 2000Go USB 3.2 1000Mo/s compact robuste rapide,49.73,stockage,myStore,0,SSD externe 2000Go Disque SSD externe Seagate 2000Go USB 3.2 1000Mo/s compact robuste rapide,33
Machine cafe capsules,Machine cafe Whirlpool capsules pression 19 bars reservoir 1.5L rapide compacte,107.96,electromenager,myStore,0,Machine cafe capsules Machine cafe Whirlpool capsules pression 19 bars reservoir 1.5L rapide compacte,19
Panasonic Bravia OLED 75 pouces 4K,Television Panasonic Bravia OLED 75 pouces 4K UHD HDR Smart TV 100Hz WiFi HDMI streaming,1279.63,electronique,myStore,0,Panasonic Bravia OLED 75 pouces 4K Television Panasonic Bravia OLED 75 pouces 4K UHD HDR Smart TV 100Hz WiFi HDMI streaming,29
Redmi 10 6Go/512Go,Smartphone Xiaomi MIUI 6Go RAM 512Go camera 108MP batterie 5000mAh charge rapide AMOLED,319.13,telephone portable,myStore,6,Redmi 10 6Go/512Go Smartphone Xiaomi MIUI 6Go RAM 512Go camera 108MP batterie 5000mAh charge rapide AMOLED,41
Google Pixel 7 4Go/256Go,Smartphone Google 4Go RAM 256Go camera 48MP batterie 3000mAh AMOLED charge rapide Android,339.7,telephone portable,myStore,4,Google Pixel 7 4Go/256Go Smartphone Google 4Go RAM 256Go camera 48MP batterie 3000mAh AMOLED charge rapide Android,1
Lenovo Tab M10 3Go/128Go,Tablette Lenovo 3Go RAM 128Go ecran haute resolution WiFi Bluetooth multimedia travail,557.19,electronique,myStore,3,Lenovo Tab M10 3Go/128Go Tablette Lenovo 3Go RAM 128Go ecran haute resolution WiFi Bluetooth multimedia travail,3
Huawei iPad 9 6Go/32Go,Tablette Huawei 6Go RAM 32Go ecran haute resolution WiFi Bluetooth multimedia travail,194.59,electronique,myStore,6,Huawei iPad 9 6Go/32Go Tablette Huawei 6Go RAM 32Go ecran haute resolution WiFi Bluetooth multimedia travail,30
HP VivoBook 14,Ordinateur portable i9 24Go RAM SSD 512Go ecran Full HD 14 pouces professionnel leger rapide,1274.91,informatique,myStore,24,HP VivoBook 14 Ordinateur portable i9 24Go RAM SSD 512Go ecran Full HD 14 pouces professionnel leger rapide,25
iPhone 12 Pro 64Go,Smartphone Apple puce A-series 64Go ecran Super Retina camera avancee Face ID iOS rapide,745.93,telephone portable,myStore,0,iPhone 12 Pro 64Go Smartphone Apple puce A-series 64Go ecran Super Retina camera avancee Face ID iOS rapide,27
Lenovo EliteBook 13 Gaming,Ordinateur portable gaming Ryzen 3 16Go RAM SSD 128Go RTX 3050 ecran 13 pouces 144Hz performance,1282.97,informatique,myStore,16,Lenovo EliteBook 13 Gaming Ordinateur portable gaming Ryzen 3 16Go RAM SSD 128Go RTX 3050 ecran 13 pouces 144Hz performance,43
LG NanoCell 65 pouces 4K,Television LG NanoCell 65 pouces 4K UHD HDR Smart TV 144Hz WiFi HDMI streaming,2397.11,electronique,myStore,0,LG NanoCell 65 pouces 4K Television LG NanoCell 65 pouces 4K UHD HDR Smart TV 144Hz WiFi HDMI streaming,6
Machine cafe capsules,Machine cafe Bosch capsules pression 19 bars reservoir 1.5L rapide compacte,222.11,electromenager,myStore,0,Machine cafe capsules Machine cafe Bosch capsules pression 19 bars reservoir 1.5L rapide compacte,31
Galaxy A53 5G 8Go/128Go,Smartphone Samsung AMOLED 8Go RAM 128Go camera 200MP batterie 6000mAh 5G charge rapide Android,287.98,telephone portable,myStore,8,Galaxy A53 5G 8Go/128Go Smartphone Samsung AMOLED 8Go RAM 128Go camera 200MP batterie 6000mAh 5G charge rapide Android,45
Friteuse sans huile 6L,Friteuse sans huile Midea 6L technologie air chaud 80% moins matiere grasse,199.0,electromenager,myStore,0,Friteuse sans huile 6L Friteuse sans huile Midea 6L technologie air chaud 80% moins matiere grasse,28
NAS 4To WiFi,Disque NAS Transcend 4To WiFi acces distant sauvegarde bureau maison cloud,469.43,stockage,myStore,0,NAS 4To WiFi Disque NAS Transcend 4To WiFi acces distant sauvegarde bureau maison cloud,4
Machine cafe capsules,Machine cafe Ariston capsules pression 19 bars reservoir 1.5L rapide compacte,104.44,electromenager,myStore,0,Machine cafe capsules Machine cafe Ariston capsules pression 19 bars reservoir 1.5L rapide compacte,5
AMD Ryzen 7 5800X,Processeur AMD Ryzen 7 8 coeurs 16 threads 4.7GHz overclocking,270.52,informatique,myStore,0,AMD Ryzen 7 5800X Processeur AMD Ryzen 7 8 coeurs 16 threads 4.7GHz overclocking,20
iPhone 14 128Go,Smartphone Apple puce A-series 128Go ecran Super Retina camera avancee Face ID iOS rapide,1741.83,telephone portable,myStore,0,iPhone 14 128Go Smartphone Apple puce A-series 128Go ecran Super Retina camera avancee Face ID iOS rapide,38
MSI VivoBook 13,Ordinateur portable i3 4Go RAM SSD 1To ecran Full HD 13 pouces professionnel leger rapide,779.31,informatique,myStore,4,MSI VivoBook 13 Ordinateur portable i3 4Go RAM SSD 1To ecran Full HD 13 pouces professionnel leger rapide,9
Machine cafe capsules,Machine cafe Ariston capsules pression 19 bars reservoir 1.5L rapide compacte,222.16,electromenager,myStore,0,Machine cafe capsules Machine cafe Ariston capsules pression 19 bars reservoir 1.5L rapide compacte,4
MicroSD 256Go,Carte microSD Seagate 256Go Class10 A1 V10 rapide smartphone tablette drone,12.74,stockage,myStore,0,MicroSD 256Go Carte microSD Seagate 256Go Class10 A1 V10 rapide smartphone tablette drone,8
Machine cafe capsules,Machine cafe Siemens capsules pression 19 bars reservoir 1.5L rapide compacte,138.99,electromenager,myStore,0,Machine cafe capsules Machine cafe Siemens capsules pression 19 bars reservoir 1.5L rapide compacte,17
Redmi 10 12Go/32Go,Smartphone Xiaomi MIUI 12Go RAM 32Go camera 200MP batterie 5000mAh charge rapide AMOLED,891.08,telephone portable,myStore,12,Redmi 10 12Go/32Go Smartphone Xiaomi MIUI 12Go RAM 32Go camera 200MP batterie 5000mAh charge rapide AMOLED,39
Four micro-ondes 28L,Four micro-ondes Whirlpool 28L grill combine inox programmes automatiques rapide,125.49,electromenager,myStore,0,Four micro-ondes 28L Four micro-ondes Whirlpool 28L grill combine inox programmes automatiques rapide,40
Friteuse sans huile 7L,Friteuse sans huile Siemens 7L technologie air chaud 80% moins matiere grasse,189.43,electromenager,myStore,0,Friteuse sans huile 7L Friteuse sans huile Siemens 7L technologie air chaud 80% moins matiere grasse,37
Galaxy A53 4G 6Go/32Go,Smartphone Samsung AMOLED 6Go RAM 32Go camera 64MP batterie 3000mAh 4G charge rapide Android,992.52,telephone portable,myStore,6,Galaxy A53 4G 6Go/32Go Smartphone Samsung AMOLED 6Go RAM 32Go camera 64MP batterie 3000mAh 4G charge rapide Android,35
Lenovo Pad 5 6Go/64Go,Tablette Lenovo 6Go RAM 64Go ecran haute resolution WiFi Bluetooth multimedia travail,1039.59,electronique,myStore,6,Lenovo Pad 5 6Go/64Go Tablette Lenovo 6Go RAM 64Go ecran haute resolution WiFi Bluetooth multimedia travail,45
MSI ThinkPad 15 Gaming,Ordinateur portable gaming i3 12Go RAM SSD 128Go RTX 3050 ecran 15 pouces 144Hz performance,757.45,informatique,myStore,12,MSI ThinkPad 15 Gaming Ordinateur portable gaming i3 12Go RAM SSD 128Go RTX 3050 ecran 15 pouces 144Hz performance,20
Toshiba HDD 1To 5400RPM,Disque dur Toshiba 1To 5400RPM SATA III stockage masse donnees multimedia,105.81,informatique,myStore,0,Toshiba HDD 1To 5400RPM Disque dur Toshiba 1To 5400RPM SATA III stockage masse donnees multimedia,24
AMD Ryzen 5 5600X,Processeur AMD Ryzen 5 6 coeurs 12 threads 4.6GHz gaming bureautique,133.42,informatique,myStore,0,AMD Ryzen 5 5600X Processeur AMD Ryzen 5 6 coeurs 12 threads 4.6GHz gaming bureautique,38
Sennheiser Enceinte Bluetooth,Enceinte Sennheiser Bluetooth reduction bruit active ANC 30h autonomie qualite sonore premium,303.73,electronique,myStore,0,Sennheiser Enceinte Bluetooth Enceinte Sennheiser Bluetooth reduction bruit active ANC 30h autonomie qualite sonore premium,33
Cle USB 32Go,Cle USB WD 32Go USB 3.0 lecture rapide compact metal design portable,23.3,stockage,myStore,0,Cle USB 32Go Cle USB WD 32Go USB 3.0 lecture rapide compact metal design portable,18
Anker Casque Bluetooth,Casque Anker Bluetooth reduction bruit active ANC 20h autonomie qualite sonore premium,233.85,electronique,myStore,0,Anker Casque Bluetooth Casque Anker Bluetooth reduction bruit active ANC 20h autonomie qualite sonore premium,29
Four micro-ondes 30L,Four micro-ondes Daikin 30L grill combine inox programmes automatiques rapide,243.69,electromenager,myStore,0,Four micro-ondes 30L Four micro-ondes Daikin 30L grill combine inox programmes automatiques rapide,32
Asus Swift 13,Ordinateur portable Ryzen 3 12Go RAM SSD 128Go ecran Full HD 13 pouces professionnel leger rapide,1043.97,informatique,myStore,12,Asus Swift 13 Ordinateur portable Ryzen 3 12Go RAM SSD 128Go ecran Full HD 13 pouces professionnel leger rapide,38
Panasonic QLED 65 pouces 4K,Television Panasonic QLED 65 pouces 4K UHD HDR Smart TV 60Hz WiFi HDMI streaming,2097.68,electronique,myStore,0,Panasonic QLED 65 pouces 4K Television Panasonic QLED 65 pouces 4K UHD HDR Smart TV 60Hz WiFi HDMI streaming,27
Apple Tab P11 3Go/256Go,Tablette Apple 3Go RAM 256Go ecran haute resolution WiFi Bluetooth multimedia travail,629.57,electronique,myStore,3,Apple Tab P11 3Go/256Go Tablette Apple 3Go RAM 256Go ecran haute resolution WiFi Bluetooth multimedia travail,6
Carte SD 64Go,Carte memoire SanDisk 64Go UHS-I U3 V30 4K 160Mo/s appareil photo drone,23.16,stockage,myStore,0,Carte SD 64Go Carte memoire SanDisk 64Go UHS-I U3 V30 4K 160Mo/s appareil photo drone,50
Galaxy A53 5G 12Go/32Go,Smartphone Samsung AMOLED 12Go RAM 32Go camera 200MP batterie 5000mAh 5G charge rapide Android,586.81,telephone portable,myStore,12,Galaxy A53 5G 12Go/32Go Smartphone Samsung AMOLED 12Go RAM 32Go camera 200MP batterie 5000mAh 5G charge rapide Android,44
Redmi Note 11 6Go/128Go,Smartphone Xiaomi MIUI 6Go RAM 128Go camera 200MP batterie 4500mAh charge rapide AMOLED,703.87,telephone portable,myStore,6,Redmi Note 11 6Go/128Go Smartphone Xiaomi MIUI 6Go RAM 128Go camera 200MP batterie 4500mAh charge rapide AMOLED,7
Seagate SSD 2To NVMe M.2,Disque SSD Seagate 2To NVMe M.2 3500Mo/s lecture rapide fiable stockage,57.37,informatique,myStore,0,Seagate SSD 2To NVMe M.2 Disque SSD Seagate 2To NVMe M.2 3500Mo/s lecture rapide fiable stockage,41
LG ThinkPad 15,Ordinateur portable i5 32Go RAM SSD 1To ecran Full HD 15 pouces multimedia leger rapide,472.51,informatique,myStore,32,LG ThinkPad 15 Ordinateur portable i5 32Go RAM SSD 1To ecran Full HD 15 pouces multimedia leger rapide,41
Huawei Latitude 15 Gaming,Ordinateur portable gaming Ryzen 3 4Go RAM SSD 256Go RTX 3080 ecran 15 pouces 144Hz performance,969.16,informatique,myStore,4,Huawei Latitude 15 Gaming Ordinateur portable gaming Ryzen 3 4Go RAM SSD 256Go RTX 3080 ecran 15 pouces 144Hz performance,49
iPhone SE 2022 128Go,Smartphone Apple puce A-series 128Go ecran Super Retina camera avancee Face ID iOS rapide,600.58,telephone portable,myStore,0,iPhone SE 2022 128Go Smartphone Apple puce A-series 128Go ecran Super Retina camera avancee Face ID iOS rapide,35
Apple Galaxy Tab A7 6Go/32Go,Tablette Apple 6Go RAM 32Go ecran haute resolution WiFi Bluetooth multimedia travail,630.05,electronique,myStore,6,Apple Galaxy Tab A7 6Go/32Go Tablette Apple 6Go RAM 32Go ecran haute resolution WiFi Bluetooth multimedia travail,46
Lave-vaisselle 13 couverts,Lave-vaisselle Siemens 13 couverts SilencePlus A+++ economie eau energie,558.81,electromenager,myStore,0,Lave-vaisselle 13 couverts Lave-vaisselle Siemens 13 couverts SilencePlus A+++ economie eau energie,13
Galaxy M53 4G 4Go/512Go,Smartphone Samsung AMOLED 4Go RAM 512Go camera 64MP batterie 4000mAh 4G charge rapide Android,234.42,telephone portable,myStore,4,Galaxy M53 4G 4Go/512Go Smartphone Samsung AMOLED 4Go RAM 512Go camera 64MP batterie 4000mAh 4G charge rapide Android,27
Repeteur WiFi 1200Mbps,Repeteur WiFi D-Link 1200Mbps double bande port Gigabit facile installer,26.58,reseau,myStore,0,Repeteur WiFi 1200Mbps Repeteur WiFi D-Link 1200Mbps double bande port Gigabit facile installer,28
